symbol,ai_fin_score,ai_price_score,ai_envi_score,ai_comment
MMM,7.0,3.0,6.0,"3M demonstrates exceptionally strong financial health with robust growth, consistent profitability, and a favorable macroeconomic environment. However, the current market conditions suggest caution due to the significant inflationary pressures and bear market outlook.  The high volatility and momentum suggest potential for significant price swings."
AOS,4.0,1.0,4.0,"AOS exhibits concerning financial stability with a prolonged period of profitability and strong cash flow, but the rapidly increasing inflation and bearish market environment pose significant risks. The lack of growth and recent price decline suggest a potential vulnerability to economic headwinds.  The SELL signal warrants careful consideration due to the extreme volatility and potential for further losses."
ABT,7.0,2.0,6.0,"Abbott Laboratories demonstrates exceptionally strong financial health and consistent growth, bolstered by a robust free cash flow and a favorable macroeconomic environment. However, the bearish market conditions and elevated volatility warrant caution regarding the stock's potential for further decline.  The company's strong performance relative to the current market suggests a potential opportunity, but the elevated risk profile necessitates careful consideration."
ABBV,7.0,3.0,8.0,"AbbVie exhibits strong financial stability and consistent growth over a long period, but the current macroeconomic environment – characterized by high inflation and a potential recession – presents significant risks. The company's performance is negatively impacted by the bear market and inflationary pressures, warranting cautious investment consideration."
ACN,4.0,2.0,8.0,"ACN, a leading IT services company, exhibits concerning financial stability and growth, hampered by a severe macroeconomic environment characterized by high inflation and a significant labor market downturn.  Despite strong historical performance, the current market conditions suggest a significant risk, necessitating a cautious investment approach due to the bearish macro regime."
ADBE,7.0,2.0,6.0,"Adobe demonstrates exceptionally strong financial performance and a robust growth trajectory, particularly in the face of significant inflationary pressures. However, the current market environment – a bear market with a high level of volatility – warrants caution regarding the stock's potential for further decline.  The company's high ROE and consistent free cash flow suggest resilience, but the macroeconomic headwinds pose a significant risk."
AMD,7.0,2.0,6.0,"AMD demonstrates exceptionally strong financial health with a consistent history of robust growth, high profitability, and a favorable macroeconomic environment. However, the current market conditions suggest caution due to the elevated inflation and bear market, impacting potential upside.  The high volatility and relatively low momentum suggest a potential for significant price decline."
AES,4.0,1.0,4.0,"AES Corporation exhibits concerning financial health with a history of exceptional growth, but is significantly impacted by a rapidly increasing inflationary environment and a bearish macroeconomic outlook.  The company's performance is severely hampered by a volatile market and a lack of sustainable growth, suggesting a high risk of further decline."
AFL,7.0,2.0,6.0,"AFL demonstrates exceptionally strong financial health with a consistent history of robust growth, high profitability, and a favorable macroeconomic environment. However, the current market conditions – a significant inflationary environment and a concerning labor market – warrant caution due to the potential for further volatility and a bear market scenario.  The high volatility suggests potential risks in the near term."
A,7.0,3.0,6.0,"Agilent Technologies demonstrates exceptionally strong financial health with a robust track record of consistent growth, high profitability, and a favorable macroeconomic environment. However, the current market conditions – characterized by significant inflation and a bear market – warrant caution due to the potential for further volatility and a shift in investor sentiment. The company's high ROE and cash flow generation are positive indicators, but the negative macroeconomic outlook necessitates careful risk assessment."
APD,4.0,2.0,8.0,"APD, a Materials company, exhibits concerning financial health with a history of exceptional growth, but significantly diminished future prospects due to a volatile macroeconomic environment and a worrying lack of growth. The extreme inflation and economic downturn pose significant risks, suggesting a potential for substantial losses.  The SELL signal highlights a high level of uncertainty and warrants careful consideration before investing."
ABNB,7.0,2.0,6.0,"ABNB exhibits exceptionally strong financial health with consistent growth, robust cash flow, and a high ROE, but is currently facing a challenging macroeconomic environment characterized by high inflation and a weakening labor market.  The negative momentum in price suggests potential risks, warranting cautious consideration of a SELL signal."
AKAM,7.0,3.0,6.0,"AKAM exhibits exceptionally strong financial health with a consistent history of robust growth, impressive profitability, and a favorable macroeconomic environment. However, the current bearish market sentiment and volatility warrant caution, suggesting potential for further decline. The high growth rate and strong fundamentals are currently overshadowed by the significant macroeconomic headwinds."
ALB,4.0,1.0,4.0,"ALB faces significant headwinds due to a severe macroeconomic environment characterized by hyperinflation, a rapidly cooling economy, and a significant decline in consumer confidence. The company's financial performance is severely impacted by a lack of growth and profitability, compounded by a volatile market and a concerning lack of momentum.  The SELL signal suggests a high risk of further losses."
ARE,3.0,1.0,4.0,"The Alexandria Real Estate Equities (ARE) presents a concerning investment profile given the severe macroeconomic headwinds.  The company's financial performance is exceptionally weak, with a significant decline in revenue, earnings, and cash flow, exacerbated by a rapidly increasing inflation rate and a weak labor market.  The bearish market environment and the lack of growth indicators suggest a high risk of further losses.  The SELL recommendation reflects the significant downside risk associated with this investment."
ALGN,4.0,2.0,8.0,"Align Technology faces significant headwinds due to a hyper-inflationary environment and a bearish macroeconomic outlook. The company's strong financial performance over a long period is undermined by a lack of recent growth and a volatile price, suggesting a potential risk.  The combination of high inflation and a struggling economy warrants caution."
ALLE,7.0,3.0,6.0,"ALLE exhibits exceptionally strong financial performance, driven by consistent growth and profitability, but faces significant headwinds from a rapidly inflationary environment and a bearish macroeconomic outlook.  The SELL signal suggests a potential risk, warranting careful monitoring of the company's resilience against these pressures."
LNT,7.0,3.0,6.0,"LNT, a utility company, exhibits exceptionally strong financial performance over a long period, demonstrating robust growth and profitability. However, the current macroeconomic environment – characterized by high inflation and a significant labor market downturn – presents considerable risk, warranting a cautious investment approach due to the bearish market regime."
ALL,7.0,2.0,6.0,"Allstate demonstrates exceptionally strong financial health with a consistent history of robust growth, high profitability, and a favorable macroeconomic environment. However, the current market conditions – characterized by significant inflation and a bear market – warrant caution due to the potential for further downward pressure on the stock.  The 1.4% CAGR over 12 months is a positive indicator, but the volatility and SELL signal suggest a heightened risk profile."
GOOGL,7.0,2.0,6.0,"Alphabet (GOOGL) exhibits strong financial health with consistent growth and profitability, but faces significant headwinds from a rapidly inflationary environment and a concerning macroeconomic outlook. The bearish market regime and high volatility suggest a heightened risk, warranting careful consideration before investing."
GOOG,7.0,2.0,6.0,"Alphabet Inc. demonstrates exceptionally strong financial health and consistent growth, bolstered by a robust free cash flow and a high ROE. However, the current macroeconomic environment – characterized by hyperinflation and a significant labor market downturn – presents considerable risk, necessitating a cautious investment approach due to the bear market and volatility."
MO,4.0,2.0,8.0,"Altria faces significant headwinds due to a persistently negative macroeconomic environment characterized by hyperinflation, a rising unemployment rate, and a declining consumer confidence. The company's financial health is precarious, with a history of declining profitability and a volatile stock price, suggesting a high risk of further losses in the current market conditions."
AMZN,7.0,2.0,6.0,"AMZN demonstrates exceptionally strong financial health and consistent growth, bolstered by a robust free cash flow and a high ROE. However, the current macroeconomic environment – characterized by high inflation and a slowing GDP – presents significant risks, warranting a cautious investment approach due to the bearish market regime."
AMCR,4.0,1.0,8.0,AMCR เป็นหุ้นที่มีคุณภาพทางการเงินค่อนข้างดี (4) แต่การเติบโตทางเศรษฐกิจ (1) และสภาพแวดล้อมทางเศรษฐกิจมหภาคที่ผันผวน (8) ทำให้มีความเสี่ยงสูง โดยเฉพาะอย่างยิ่งเมื่อพิจารณาจากความผันผวนของราคาหุ้นที่สูง (1) และการขาดแคลนการเติบโตอย่างต่อเนื่อง (1)
AEE,7.0,2.0,6.0,"Ameren demonstrates exceptionally strong financial health with a robust track record of consistent growth, high profitability, and a favorable macroeconomic environment. However, the current market conditions – characterized by high inflation and a bear market – warrant caution due to the significant volatility and potential for further decline.  The company's strong fundamentals are currently overshadowed by the challenging macroeconomic backdrop."
AEP,6.0,2.0,8.0,"American Electric Power (AEP) exhibits concerning financial health and a challenging macroeconomic environment. While demonstrating strong historical performance, the current macroeconomic conditions – particularly inflation and a significant labor market downturn – pose significant risks. The company's growth is slowing considerably, and its valuation suggests a potential vulnerability in the face of a bear market."
AXP,7.0,3.0,6.0,"American Express exhibits exceptionally strong financial performance, demonstrating robust growth and consistent profitability over a long period. However, the current market environment – characterized by high inflation and a bear market – presents significant risks, warranting cautious investment consideration."
AIG,4.0,1.0,4.0,"AIG faces significant headwinds due to a severe macroeconomic environment characterized by hyperinflation, declining GDP, and a significant drop in consumer confidence. The company's financial performance is severely impacted by a lack of growth and profitability, compounded by a volatile market and a concerning lack of momentum.  The SELL signal suggests a high risk of further losses."
AMT,7.0,2.0,6.0,"AMT exhibits exceptionally strong financial health, demonstrating consistent growth and profitability across multiple years, despite a challenging macroeconomic environment. However, the bearish market regime and significant volatility raise concerns about long-term sustainability.  The high growth rate, coupled with a relatively low risk score, warrants careful consideration before investing."
AWK,7.0,3.0,6.0,"AWK faces significant headwinds due to a hyper-inflationary environment and a weak macroeconomic outlook.  Despite strong historical financial performance, the current market conditions suggest a high risk of further decline, necessitating a cautious investment approach."
AMP,6.0,1.0,6.0,"Ameriprise Financial demonstrates exceptionally strong financial health and consistent performance, but faces significant headwinds due to a rapidly accelerating inflationary environment and a bearish macroeconomic outlook.  The company's high ROE and cash flow generation are notable, but the extreme inflation and potential recessionary pressures necessitate caution, suggesting a potential sell signal."
AME,7.0,3.0,6.0,"Ametek exhibits exceptionally strong financial health with a sustained history of robust growth, impressive profitability, and a favorable macroeconomic environment. However, the current bearish market sentiment and volatility warrant caution, suggesting potential downside risk.  The company's performance is currently being negatively impacted by inflationary pressures and a concerning macroeconomic outlook."
AMGN,7.0,3.0,6.0,"AMGN demonstrates exceptionally strong financial health and consistent growth, bolstered by a robust free cash flow and a high ROE. However, the current macroeconomic environment – characterized by significant inflation and a weakening labor market – presents a significant risk, warranting cautious consideration due to the bearish market regime."
APH,7.0,2.0,6.0,"Amphenol demonstrates exceptionally strong financial health with a consistent history of robust growth, impressive profitability, and a favorable macroeconomic environment. However, the current market conditions – a significant inflationary environment and a bearish market – necessitate caution due to the potential for further price declines.  The high volatility suggests increased risk."
ADI,4.0,2.0,8.0,"ADI presents a concerning picture considering its consistently strong financial performance, despite a volatile macroeconomic environment. The aggressive growth, coupled with a significant negative macro outlook, warrants careful scrutiny.  The high volatility and lack of growth suggest potential risks and requires a cautious approach to investment."
AON,4.0,1.0,8.0,"Aon plc exhibits concerning financial characteristics under a volatile and inflationary macroeconomic environment. While exhibiting strong historical performance, the lack of recent growth and a concerning low ROE, coupled with a significant negative momentum, warrants careful consideration. The bearish market regime and high volatility suggest potential risks."
APA,4.0,1.0,4.0,"APA Corporation เป็นหุ้นที่มีความน่าสนใจน้อย เนื่องจากสภาพแวดล้อมเศรษฐกิจมหภาคที่รุนแรงอย่างมาก (CPI สูงสุด) และผลการดำเนินงานที่น่าประหลาดใจ (การเติบโตติดต่อกัน, EPS เติบโตติดต่อกัน, ROE > 15%) ซึ่งส่งผลกระทบต่อราคาหุ้นอย่างรุนแรง ทำให้มีความเสี่ยงสูงและควรระวังตัว"
APO,7.0,3.0,6.0,"Apollo Global Management มีคุณภาพทางการเงินที่ดีอย่างมาก, มีการเติบโตที่แข็งแกร่งและผลตอบแทนที่สูงมากในระยะยาว, แต่สภาพแวดล้อมเศรษฐกิจมหภาคที่ผันผวนและสูงขึ้นทำให้เกิดความเสี่ยงที่ต้องระวังเป็นพิเศษ และราคาปัจจุบันต่ำกว่าค่าเฉลี่ยที่น่าสนใจ"
AAPL,7.0,3.0,6.0,"AAPL demonstrates exceptionally strong financial health with a consistent history of robust growth, high profitability, and a favorable macroeconomic environment. However, the current market conditions suggest a potential bear market risk, necessitating cautious investment consideration."
AMAT,7.0,2.0,6.0,Applied Materials มีคุณภาพทางการเงินที่ดีอย่างมาก (7) ด้วยผลตอบแทนที่สูงและอัตราส่วนที่แข็งแกร่ง (4) แม้ว่าการเติบโตของรายได้จะหยุดชะงัก (0) แต่บริษัทยังคงมี ROE ที่สูงและกำไรที่แข็งแกร่ง (6)  สภาพแวดล้อมเศรษฐกิจมหภาคที่กำลังอ่อนแอ (35.09) และความเชื่อมั่นผู้บริโภคที่ลดลง (58.2) ทำให้เกิดความเสี่ยงที่ต้องระวังอย่างมาก เนื่องจากตลาดปัจจุบันอยู่ในภาวะ Bear Market
APP,7.0,2.0,6.0,"AppLovin demonstrates exceptionally strong financial health, exhibiting robust growth across multiple metrics, particularly in a challenging macroeconomic environment.  Despite a significant inflationary backdrop, the company's profitability and cash flow are remarkably stable, suggesting resilience. However, the SELL signal and bearish market conditions warrant caution, highlighting potential risks to the stock's value."
APTV,4.0,1.0,4.0,"APTV เป็นหุ้นที่มีความเสี่ยงสูงอย่างมาก เนื่องจากสภาพแวดล้อมเศรษฐกิจมหภาคที่ผันผวนอย่างรุนแรง, การเติบโตทางการเงินที่หยุดนิ่ง, และการขาดความแข็งแกร่งทาง financiero ที่น่ากังวล การลงทุนในหุ้นนี้ควรระมัดระวังอย่างยิ่ง เนื่องจากมีแนวโน้มที่ตลาดจะปรับตัวลงอย่างรวดเร็ว"
ACGL,6.0,2.0,6.0,"Arch Capital Group (ACGL) exhibits concerning financial health with a history of exceptional growth, but is currently facing a challenging macroeconomic environment characterized by high inflation and a significant labor market downturn.  The company's ROE and Free Cash Flow are robust, but the volatile market and SELL signal suggest potential risks.  The negative momentum in the 12-month timeframe warrants careful monitoring."
ADM,4.0,2.0,8.0,"Archer Daniels Midland (ADM) exhibits concerning financial health with a prolonged period of profitability and strong cash flow, but faces significant headwinds from a rapidly rising inflation environment and a weakening consumer confidence. The bearish macro environment and a SELL signal suggest a high risk of further decline, necessitating careful consideration of investment strategy."
ANET,6.0,2.0,8.0,"Arista Networks (ANET) exhibits concerning financial health with a strong historical track record, but faces significant headwinds due to a rapidly accelerating inflation environment and a bearish macroeconomic outlook.  The company's high growth rate is increasingly unsustainable given the current economic climate, and its price performance is currently weak, suggesting potential for further decline."
AJG,4.0,1.0,8.0,"AJG, facing significant macroeconomic headwinds – high inflation, declining GDP, and a concerning labor market – presents a high risk profile.  The company's historical financial performance, while strong, is increasingly unsustainable in the current environment.  The SELL signal highlights a potential significant downturn, demanding careful consideration of the risks involved."
AIZ,7.0,2.0,6.0,"Assurant (AIZ) exhibits strong financial health with a consistent history of growth and profitability, but faces significant headwinds from a rapidly inflationary environment and a concerning macroeconomic outlook. The negative momentum in price suggests potential vulnerability, requiring careful monitoring of the company's resilience against these challenges."
T,6.0,2.0,6.0,"AT&T, a communication services giant, exhibits concerning financial stability and growth, significantly hampered by a volatile macroeconomic environment and a bearish market sentiment.  Despite strong historical performance, the current conditions suggest a high risk of further decline, necessitating a cautious investment approach."
ATO,4.0,1.0,8.0,"Ato Energy faces significant headwinds due to a hyperinflationary environment and a weak macroeconomic outlook. The company's financial performance is severely impacted by the extreme inflation, leading to a concerning lack of growth and profitability.  The bearish market conditions further amplify the risk, necessitating a cautious investment approach."
ADSK,7.0,2.0,6.0,"Autodesk demonstrates exceptionally strong financial performance, exhibiting consistent growth and profitability across multiple years, despite a challenging macroeconomic environment characterized by high inflation and a significant labor market downturn.  The company's robust ROE and cash flow generation are particularly noteworthy, but the bearish macro environment warrants caution due to the significant volatility and potential for a bear market."
ADP,7.0,3.0,6.0,"ADP demonstrates exceptionally strong financial health and consistent growth, bolstered by a favorable macroeconomic environment. However, the bearish market regime and significant volatility warrant caution regarding the stock's future performance."
AZO,7.0,3.0,6.0,"AZO demonstrates exceptionally strong financial health, exhibiting consistent growth and profitability over a long period, despite a challenging macroeconomic environment.  However, the volatile market and bearish regime suggest potential risks.  The high growth rate is currently being challenged by inflationary pressures and a concerning labor market."
AVB,7.0,2.0,6.0,"AvalonBay Communities demonstrates exceptionally strong financial health with a consistent history of growth and profitability, bolstered by a favorable macroeconomic environment. However, the current market conditions and volatility suggest caution, highlighting potential risks. The negative momentum in the price suggests a possible shift in investor sentiment."
AVY,4.0,1.0,8.0,"Avery Dennison exhibits concerning financial stability with a long history of consistent profitability and strong cash flow, but faces significant headwinds from a rapidly rising inflation environment and a weakening consumer confidence. The bearish market regime and SELL signal suggest a high risk of further decline, necessitating careful consideration of the investment."
AXON,4.0,1.0,4.0,"The AXON stock presents a concerning picture given the extreme macroeconomic environment.  The company's financial health is severely compromised with a history of negative earnings and a lack of growth, while the market is experiencing significant inflationary pressures.  The volatility and negative momentum suggest a risky investment, warranting careful consideration of potential downside."
BKR,4.0,1.0,4.0,"BKR, a significant energy services company, exhibits concerning financial performance with a prolonged period of profitability, but significantly hampered by a deteriorating macroeconomic environment and a volatile market.  The company's growth is severely limited, and its price is currently trading at a low point, suggesting heightened risk."
BALL,7.0,3.0,6.0,"BALL Corporation demonstrates exceptionally strong financial performance, exhibiting robust growth and consistent profitability over a prolonged period. However, the current macroeconomic environment – characterized by significant inflation and a potential recession – warrants caution, impacting investor sentiment and potentially slowing growth. The volatile market and negative momentum suggest increased risk."
BAC,7.0,3.0,6.0,"Bank of America มีคุณภาพทางการเงินที่ดีอย่างมาก, มีการเติบโตที่แข็งแกร่งและผลตอบแทนที่สูงมาก, แต่สภาพเศรษฐกิจมหภาคที่ผันผวนและสูงขึ้นทำให้เกิดความกังวลด้านความเสี่ยงที่ต้องระวังเป็นพิเศษ และราคาหุ้นปัจจุบันอยู่ในระดับที่น่าสนใจเมื่อเทียบกับความเสี่ยงที่ยอมรับได้"
BAX,4.0,1.0,4.0,"Baxter International (BAX) exhibits concerning financial health with a significant decline in profitability and growth, exacerbated by a rapidly rising inflation environment. The bearish macro outlook and negative momentum suggest a high risk of further losses.  The company's valuation is also significantly impacted by the negative performance and volatility."
BDX,7.0,2.0,6.0,"Becton Dickinson (BD) demonstrates exceptionally strong financial health and consistent growth, bolstered by a robust free cash flow and a high ROE. However, the current macroeconomic environment – characterized by significant inflation and a potential bear market – presents heightened risk, warranting a cautious investment approach.  The company's valuation is currently low, suggesting a potential for significant downside."
BBY,6.0,1.0,6.0,"Best Buy exhibits exceptionally strong financial health, demonstrating consistent profitability and robust cash flow generation over a long period. However, the current macroeconomic environment – characterized by hyperinflation and a significant labor market downturn – presents considerable risk, leading to a SELL recommendation due to potential instability.  The company's performance is negatively impacted by the bear market and a concerning volatility trend."
TECH,4.0,1.0,4.0,"The Bio-Techne stock presents a concerning profile given the current macroeconomic environment and significant financial distress.  The company's consistently high earnings, strong cash flow, and ROE are undermined by a rapidly accelerating inflation rate, a weak labor market, and a bearish market outlook.  The negative momentum in the 12-month timeframe suggests a potential for further decline, warranting careful risk assessment and a SELL recommendation."
BIIB,4.0,1.0,4.0,"Biogen exhibits concerning financial health with a prolonged period of profitability and strong cash flow, but significantly hampered by a rapidly increasing inflation environment and a bearish macroeconomic outlook. The negative growth and volatility suggest a challenging future, warranting careful risk management."
BLK,6.0,2.0,8.0,"BlackRock demonstrates exceptionally strong financial health with a long track record of consistent growth, high profitability, and robust cash flow. However, the current macroeconomic environment – characterized by hyperinflation and a significant labor market downturn – presents considerable risk, necessitating a cautious investment approach due to the bearish market regime."
BX,4.0,1.0,8.0,"Blackstone Inc. exhibits concerning financial health with a history of consistently strong performance, but significantly hampered by a volatile and potentially unsustainable macroeconomic environment. The extreme inflation and economic downturn pose significant risks to the company's long-term stability, coupled with a worrying lack of growth and profitability.  The SELL signal suggests a high probability of further decline."
XYZ,2.0,1.0,4.0,"XYZ (Financials) exhibits concerning negative trends across multiple financial metrics, exacerbated by a severe macroeconomic environment characterized by hyperinflation and a significant labor market downturn.  The lack of growth and profitability, coupled with a volatile market, suggests significant risk and warrants careful consideration before investing."
BK,4.0,1.0,4.0,"BK faces significant headwinds due to a severe macroeconomic environment characterized by hyperinflation, a rapidly cooling economy, and a significant drop in consumer confidence. The company's financial performance is exceptionally weak, with a prolonged lack of growth and profitability, compounded by a volatile market and a concerning lack of momentum.  The SELL signal suggests a high risk of further losses."
BA,7.0,3.0,6.0,"Boeing נמצאอยู่ในสภาพแวดล้อมที่ท้าทายอย่างมากเนื่องจากอัตราเงินเฟ้อสูงอย่างรุนแรงและภาวะว่างงานที่เพิ่มขึ้น ซึ่งส่งผลกระทบต่อผลประกอบการและราคาหุ้นอย่างมีนัยสำคัญ การเติบโตที่ต่อเนื่องในอดีต, การเติบโตที่แข็งแกร่งของ EPS และ ROE, และการทำกำไรที่ต่อเนื่อง, อย่างไรก็ตาม, การขาดแคลน Cash Flow บวก และ ROE ที่ต่ำกว่า 15% ทำให้เกิดความกังวลอย่างมากเกี่ยวกับความสามารถในการรับรู้รายได้ในอนาคต การเปลี่ยนแปลงสภาพแวดล้อมทางเศรษฐกิจมหภาคที่รุนแรงและผลกระทบต่อการเติบโตของอุตสาหกรรม ทำให้เกิดสัญญาณเตือนถึงความเสี่ยงที่อาจเกิดขึ้น"
BKNG,7.0,3.0,6.0,"Booking Holdings demonstrates exceptionally strong financial performance and consistent growth, bolstered by a favorable macroeconomic environment. However, the current market volatility and potential for a bear market warrant caution, suggesting a potential shift in investor sentiment.  The company's robust free cash flow and ROE are noteworthy, but the elevated inflation rate and bearish macroeconomic outlook necessitate careful consideration before investing."
BSX,6.0,1.0,6.0,"Boston Scientific (BSX) exhibits concerning financial health with a strong historical track record of growth and profitability, but is currently facing significant headwinds due to a rapidly accelerating inflation environment and a bearish macroeconomic outlook. The SELL signal highlights a potential risk, demanding careful consideration of the company's long-term prospects."
BMY,4.0,1.0,6.0,"Bristol Myers Squibb (BMY) exhibits concerning financial health with a history of strong, consistent earnings growth, but significantly diminished growth over the past decade. The current macroeconomic environment is characterized by high inflation and a recessionary outlook, posing significant risks to the company's business.  The stock's price performance is currently weak, suggesting a potential downward trend, and warrants careful consideration given the volatile market conditions."
AVGO,6.0,2.0,6.0,"Broadcom exhibits concerning financial health with a strong historical track record, but faces significant headwinds from a rapidly inflationary environment and a bearish macroeconomic outlook.  While its ROE and Free Cash Flow are robust, the combination of a high inflation rate and a slowing GDP suggests potential risks to long-term profitability.  The SELL signal highlights a potential vulnerability in light of the current market conditions."
BR,4.0,1.0,4.0,"The company, Broadridge, exhibits concerning financial characteristics under a volatile and inflationary economic environment.  Its consistently low growth and profitability, coupled with a significant negative correlation between its price and performance, suggests a high risk profile.  The bear market conditions exacerbate these concerns, demanding careful consideration of the investment."
BRO,4.0,1.0,8.0,"The Brown & Brown stock appears highly concerning due to a prolonged period of exceptional financial performance, coupled with a severely deteriorating macroeconomic environment. The extreme growth, low profitability, and bearish market conditions suggest significant risk.  The extreme volatility and negative momentum further amplify the potential for a significant downturn."
BLDR,4.0,2.0,8.0,"The BLDR stock presents a mixed picture. While exhibiting strong historical performance (9 years of consistent growth), the current macroeconomic environment – characterized by high inflation and a significant labor market downturn – raises concerns. The company's financial metrics are currently under pressure, with a concerning low ROE and a volatile price, suggesting potential risks.  The bearish market sentiment further amplifies these concerns."
BG,6.0,2.0,8.0,"BG (Bunge Global) exhibits concerning financial health with a prolonged period of profitability, but significantly hampered by a volatile macroeconomic environment and a worrying lack of growth. The extreme inflation and economic downturn pose significant risks, suggesting a potential downturn.  The SELL signal highlights a high level of risk and warrants careful consideration before investing."
BXP,3.0,1.0,4.0,"The BXP, Inc. exhibits concerning financial health with a significant lack of growth and profitability, amidst a severe economic downturn characterized by high inflation and a pessimistic macroeconomic outlook.  The extreme volatility and negative momentum suggest a high risk of further decline, making this a potentially risky investment."
CHRW,7.0,3.0,6.0,"C.H. Robinson demonstrates strong financial health with consistent growth, high profitability, and a robust cash flow. However, the current macroeconomic environment – characterized by high inflation and a potential bear market – warrants caution due to the significant volatility and potential for downward pressure on the stock price.  The company's growth rate is currently outpacing the broader market, suggesting a potentially favorable position, but the current market conditions necessitate careful risk assessment."
CDNS,7.0,3.0,6.0,"Cadence Design Systems (CDNS) exhibits exceptionally strong financial performance, driven by consistent growth and robust profitability, but faces significant headwinds from a rapidly inflationary environment and a bearish market outlook.  The company's high ROE and cash flow generation are reassuring, but the extreme volatility and potential for a bear market warrant caution.  The 1.55 Growth Score and 8 Growth Trend Score suggest a potentially lucrative opportunity, but the macroeconomic risks are substantial."
CPT,6.0,1.0,4.0,"CPT is exhibiting concerning financial health with a history of strong, consistent growth, but significantly impacted by a rapidly increasing inflation environment. The bearish macro regime and negative momentum suggest a high risk of further decline, making this a potentially risky investment."
CPB,4.0,1.0,8.0,"Campbell's Company (CPB) exhibits concerning financial health under a volatile and inflationary economic environment. While exhibiting strong historical performance, the current macroeconomic conditions – particularly the significant inflation rate – pose significant risks. The negative growth and volatility suggest a potential for further decline, warranting careful consideration of investment risk."
COF,4.0,2.0,8.0,"Capital One exhibits concerning financial health with a history of exceptional profitability and consistent growth, but is significantly impacted by a rapidly increasing inflationary environment and a bearish macroeconomic outlook. The volatile price action suggests potential risk, warranting careful consideration of the investment."
CAH,6.0,2.0,6.0,"Cardinal Health exhibits strong financial stability and consistent performance, but faces significant headwinds driven by a rapidly increasing inflation environment and a concerning macroeconomic outlook. The company's high growth rate is significantly diminished by the current economic climate, suggesting potential vulnerability."
CCL,6.0,2.0,6.0,"Carnival demonstrates exceptionally strong financial health with a consistent history of robust growth, high profitability, and a favorable market position. However, the current macroeconomic environment – characterized by significant inflation and a weakening labor market – presents considerable risk, warranting a cautious investment approach due to the potential for further price declines."
CARR,4.0,1.0,4.0,"CARR faces significant headwinds due to a hyperinflationary environment, coupled with a weak economic outlook and a bearish market. The company's financial performance is exceptionally poor, with a near-zero growth rate and a volatile stock price, suggesting a high risk of further decline. The macroeconomic conditions are extremely challenging, amplifying existing problems."
CAT,7.0,3.0,6.0,"Caterpillar exhibits exceptionally strong financial performance, driven by consistent growth and robust profitability across multiple years. However, the current macroeconomic environment – characterized by high inflation and a weakening labor market – presents significant risks, warranting cautious investment consideration. The volatile market and recent price decline suggest a potential for further downward pressure."
CBOE,6.0,2.0,6.0,"CBOE, a Financials sector stock, exhibits concerning financial metrics under a volatile and inflationary environment. While exhibiting strong historical performance, the current macroeconomic conditions – particularly high inflation and unemployment – pose significant risks. The low growth and volatile price suggest potential for further decline, warranting careful risk management."
CBRE,7.0,3.0,6.0,"CBRE Group demonstrates exceptionally strong financial health and consistent growth, bolstered by a robust macroeconomic environment characterized by inflation and a low unemployment rate. However, the bearish market sentiment and volatility suggest potential risks, warranting a cautious approach to the investment."
CDW,6.0,1.0,6.0,"CDW Corporation demonstrates exceptionally strong financial health with a consistent history of robust growth and profitability, but faces significant headwinds driven by a rapidly accelerating inflation environment and a concerning macroeconomic outlook.  The negative momentum in the price action suggests a potential vulnerability to market sentiment."
COR,7.0,2.0,8.0,"Cencora demonstrates exceptionally strong financial health with a long history of consistent growth, robust free cash flow, and a high ROE. However, the current macroeconomic environment – characterized by significant inflation and a recessionary outlook – presents considerable risk, necessitating a cautious approach with a SELL recommendation."
CNC,4.0,1.0,6.0,"CNC faces significant headwinds due to a persistently bearish macro environment, coupled with a lack of sustainable growth and a concerning lack of positive financial indicators. The extreme volatility and negative momentum suggest a high risk of further decline, necessitating a cautious approach with a SELL recommendation."
CNP,7.0,3.0,6.0,"CNP Energy demonstrates exceptionally strong financial performance, exhibiting robust growth and consistent profitability over a long period. However, the current macroeconomic environment – characterized by high inflation and a significant labor market downturn – presents considerable risk, warranting a cautious investment approach due to the potential for further deterioration."
CF,4.0,2.0,6.0,"CF Industries exhibits concerning financial stability with a history of strong, consistent profitability and cash flow, but is significantly impacted by a rapidly rising and inflationary macroeconomic environment. The negative momentum in price performance, coupled with a concerning lack of growth, warrants careful consideration and a SELL recommendation due to potential risks."
CRL,6.0,2.0,6.0,"CRL is exhibiting a concerning combination of strong financial performance, but significantly challenged by a volatile macroeconomic environment.  The consistently high ROE and cash flow, coupled with a positive growth rate, is juxtaposed with a rapidly increasing inflation rate and a bearish market outlook.  The SELL signal suggests a high risk of further decline, necessitating careful consideration of the investment."
SCHW,7.0,3.0,6.0,"Charles Schwab Corporation (SCHW) demonstrates exceptionally strong financial health with a robust track record of consistent growth, high profitability, and a favorable macroeconomic environment. However, the current market conditions – a significant inflationary environment and a bear market – warrant caution due to the potential for further volatility.  The company's high ROE and free cash flow suggest resilience, but the SELL signal highlights potential risks associated with the current market."
CHTR,4.0,2.0,4.0,"Charter Communications (CHT) exhibits concerning financial stability and growth, amidst a significant inflationary environment and a bearish market outlook.  Despite strong historical performance, the current macroeconomic conditions and a lack of growth suggest heightened risk.  The SELL signal highlights potential vulnerabilities requiring careful consideration."
CVX,7.0,3.0,6.0,"Chevron Corporation demonstrates exceptionally strong financial health and consistent growth, bolstered by a robust free cash flow and a high ROE. However, the current macroeconomic environment – characterized by high inflation and a significant labor market downturn – presents considerable risk, necessitating a cautious approach with a SELL signal."
CMG,4.0,2.0,8.0,CMG มีคุณภาพทางการเงินที่ดีอย่างมากในฐานะบริษัทที่ดำเนินธุรกิจ Consumer Discretionary ที่มีผลประกอบการที่แข็งแกร่งและมีอัตรากำไรที่ดีอย่างต่อเนื่อง แม้ว่าแนวโน้มการเติบโตจะชะลอลงอย่างรวดเร็วเนื่องจากสภาพเศรษฐกิจที่ผันผวน แต่บริษัทยังคงรักษาผลตอบแทนที่สูงและมีราคาที่สูงกว่าค่าเฉลี่ยของตลาด ทำให้มีความน่าสนใจในระยะยาวภายใต้สถานการณ์ปัจจุบัน
CB,6.0,2.0,8.0,CB Limited มีคุณภาพทางการเงินที่ดีอย่างมากในฐานะบริษัทที่ดำเนินธุรกิจในภาคการเงิน โดยมีประสิทธิภาพทางการเงินที่แข็งแกร่งและ ROE ที่สูงมาก แต่สภาพแวดล้อมเศรษฐกิจมหภาคที่รุนแรงและอัตราเงินเฟ้อสูงทำให้เกิดความเสี่ยงที่ต้องระวัง
CHD,6.0,1.0,4.0,"Church & Dwight exhibits concerning financial stability and a challenging macroeconomic environment.  The consistently strong financial performance, coupled with a significant negative growth trend, suggests potential vulnerabilities.  The extreme inflation and bear market conditions pose significant risks, warranting careful consideration before investing."
CI,7.0,2.0,6.0,"CI is exhibiting exceptionally strong financial performance, demonstrating robust growth and consistent profitability over a long period. However, the current market environment – characterized by significant inflation and a potential bear market – warrants caution due to the elevated volatility and negative momentum.  The company's high ROE and cash flow generation are positive indicators, but the macroeconomic headwinds pose a significant risk."
CINF,7.0,2.0,6.0,"Cincinnati Financial demonstrates exceptionally strong financial health with a consistent history of robust growth, high profitability, and a favorable macroeconomic environment. However, the current market conditions – characterized by significant inflation and a bear market – warrant caution due to the potential for further volatility.  The high ROE and Free Cash Flow suggest a potentially resilient business, but the elevated risk associated with the macroeconomic backdrop necessitates a careful evaluation before investing."
CTAS,7.0,2.0,6.0,"CTAS demonstrates exceptionally strong financial health with a consistent history of robust growth, high profitability, and a favorable macroeconomic environment. However, the current market conditions – a significant inflationary environment and a bearish market – warrant caution due to the volatility and potential for further decline.  The company's high ROE and consistent EPS growth are positive indicators, but the negative momentum suggests a potential risk."
CSCO,7.0,3.0,6.0,"Cisco demonstrates exceptionally strong financial health and consistent growth, particularly in a challenging macroeconomic environment.  Despite a significant inflationary pressure, their robust profitability and cash flow demonstrate resilience. However, the bearish market conditions and potential for further volatility warrant caution, suggesting a potential shift in investor sentiment."
C,6.0,2.0,4.0,Citigroup มีคุณภาพทางการเงินที่ดีอย่างมากในปัจจุบัน เนื่องจากมีผลประกอบการที่แข็งแกร่งและ ROE ที่สูงมาก แต่สภาพแวดล้อมทางเศรษฐกิจมหภาคที่รุนแรงและขึ้นอยู่กับเงินเฟ้อสูง ทำให้เกิดความเสี่ยงที่ต้องระวังเป็นพิเศษ และราคาหุ้นปัจจุบันอยู่ในระดับที่น่าสนใจสำหรับนักลงทุนที่มองหาความเสี่ยงที่ยอมรับได้
CFG,7.0,3.0,6.0,"Citizens Financial Group demonstrates exceptionally strong financial health with a consistent history of robust growth, high profitability, and a favorable macroeconomic environment. However, the current market conditions – a significant inflationary environment and a bearish market – warrant caution due to the potential for further volatility and a potential shift towards a bear market."
CLX,6.0,2.0,8.0,"CLX demonstrates exceptionally strong financial stability and consistent performance, particularly in a challenging macroeconomic environment characterized by high inflation and a significant economic downturn.  However, the lack of growth and volatile price action raises concerns about future prospects, warranting a cautious investment approach."
CME,4.0,2.0,8.0,หุ้น CME Group มีคุณภาพทางการเงินค่อนข้างดี (4) แต่การเติบโตและผลตอบแทนในอดีตต่ำมาก (1) สภาพเศรษฐกิจมหภาคอยู่ในช่วง Bear Market (8) ซึ่งส่งผลกระทบต่อความน่าสนใจของหุ้นนี้อย่างมาก การเคลื่อนไหวของราคาในปัจจุบัน (2) แสดงให้เห็นถึงความเสี่ยงที่สูงขึ้นจากสภาพแวดล้อมที่ผันผวน
CMS,6.0,2.0,6.0,"CMS Energy exhibits exceptionally strong financial performance, demonstrating robust growth and consistent profitability over a long period. However, the current market environment – characterized by high inflation and a bear market – presents significant risks, warranting cautious consideration of the investment."
KO,7.0,3.0,6.0,"Coca-Cola faces significant headwinds due to a rapidly rising inflation environment, coupled with a concerning bear market. The company demonstrates robust financial performance, particularly in recent years, but growth is slowing considerably, raising concerns about long-term sustainability.  The extreme volatility and downward momentum suggest a potential risk of further decline."
CTSH,6.0,2.0,6.0,"Cognizant exhibits concerning financial stability and growth, hampered by a volatile macroeconomic environment and a significant inflationary pressure. While the company demonstrates strong historical performance, the current macroeconomic conditions and a concerning growth rate suggest potential risks. The SELL signal highlights a need for careful consideration of the investment."
COIN,4.0,1.0,4.0,"Coin is exhibiting concerning negative trends across multiple financial metrics, particularly in the face of a rapidly inflationary environment and a significant economic downturn. The lack of growth and profitability, coupled with a volatile market, warrants careful consideration and a SELL recommendation due to the significant risk involved."
CL,7.0,2.0,6.0,"Clilege-Palmolive exhibits exceptionally strong financial health, demonstrating consistent profitability and robust growth over a long period, despite a challenging macroeconomic environment. However, the volatile market and potential for a bear market warrant caution, suggesting a potential shift in investor sentiment.  The company's performance is currently under scrutiny due to the significant inflationary pressures impacting consumer spending."
CMCSA,6.0,2.0,6.0,"CMCSA (Comcast) exhibits concerning financial health under a volatile and inflationary economic environment. While demonstrating strong historical growth, the current macroeconomic conditions pose significant risks, warranting a cautious investment approach due to the negative correlation between the market and the fundamental metrics."
CAG,4.0,2.0,8.0,"Conagra Brands exhibits concerning financial health with a prolonged period of profitability and strong cash flow, but significantly hampered by a rapidly increasing inflation environment and a bearish market outlook.  The company's growth is severely limited, and its performance is negatively impacted by macroeconomic headwinds, suggesting a high risk of further decline."
COP,6.0,2.0,6.0,"ConocoPhillips exhibits exceptionally strong financial performance over a long period, demonstrating robust profitability and stable cash flow. However, the current macroeconomic environment – characterized by high inflation and a significant economic downturn – presents considerable risk, warranting a cautious investment approach due to the bearish market regime."
ED,7.0,2.0,6.0,"Consolidated Edison (ED) exhibits exceptionally strong financial performance over a long period, demonstrating robust profitability and consistent growth. However, the current macroeconomic environment – characterized by high inflation and a significant labor market downturn – presents considerable risk, warranting a cautious investment approach. The negative momentum in the price suggests a potential vulnerability to further market volatility."
STZ,4.0,1.0,6.0,"Constellation Brands exhibits concerning financial health with a prolonged period of profitability and strong cash flow, but significantly hampered by a rapidly accelerating inflation environment. The bear market conditions and negative macroeconomic outlook suggest a high risk of further decline, necessitating a cautious investment approach."
CEG,7.0,3.0,6.0,"Constellation Energy demonstrates exceptionally strong financial health, driven by consistent growth and robust profitability, despite a challenging macroeconomic environment characterized by high inflation and a significant labor market downturn.  The company's impressive ROE and cash flow generation are particularly noteworthy, though the SELL signal and bearish market outlook warrant caution.  The high volatility suggests potential risks in the near term."
COO,7.0,2.0,6.0,"Cooper Companies demonstrates exceptionally strong financial health and consistent growth, bolstered by a favorable macroeconomic environment. However, the current price performance is concerning, suggesting a potential shift towards a bear market.  The company's robust financial metrics are offset by a challenging macroeconomic backdrop and a volatile market."
CPRT,4.0,2.0,8.0,"CPRT exhibits concerning financial health with a prolonged period of strong profitability and consistent cash flow, but the rapidly increasing inflation and bear market environment pose significant risks. The lack of growth and volatile performance suggest a potential vulnerability to economic downturns.  The SELL signal warrants careful consideration due to the elevated risk associated with the current market conditions."
GLW,6.0,2.0,7.0,"Corning Inc. demonstrates exceptionally strong financial health with a long history of consistent growth, robust free cash flow, and a high ROE. However, the current macroeconomic environment – characterized by significant inflation and a recessionary outlook – presents considerable risk, necessitating a cautious investment approach due to the bearish market regime."
CPAY,4.0,1.0,4.0,"The Corpay presents a concerning picture given the extreme macro environment and significant negative trends. The company's financial performance is severely impacted by a hyperinflationary environment, with a near-zero growth rate and a volatile market.  The extreme macroeconomic conditions suggest a high risk of further deterioration, making a SELL recommendation warranted."
CTVA,3.0,1.0,8.0,"Corteva faces significant headwinds due to a severe macroeconomic environment characterized by hyperinflation, a rapidly cooling economy, and a significant decline in consumer confidence. The company's financial performance is severely impacted by this backdrop, with a lack of growth and profitability, coupled with a volatile stock price.  The bearish market conditions suggest a high risk of further decline."
CSGP,4.0,1.0,8.0,"CSGP exhibits concerning financial health with a prolonged history of profitability and strong growth, but is significantly impacted by a rapidly increasing inflationary environment and a weakening macroeconomic outlook.  The extreme volatility and negative momentum suggest a high risk profile, warranting a SELL recommendation due to potential for significant losses."
COST,7.0,2.0,6.0,"Cost exhibits exceptionally strong financial health – a consistent 5+ year growth rate, robust free cash flow, and a high ROE. However, the current macroeconomic environment – characterized by high inflation, a significant labor market downturn, and a bearish market – presents significant risks.  The price action suggests a potential for further decline, warranting careful consideration of investment strategy."
CTRA,4.0,1.0,4.0,"CTRA (Coterra) exhibits concerning financial health with a significant negative correlation between its performance and the current macroeconomic environment.  The extreme inflation and economic downturn pose significant risks, while the lack of growth and profitability suggests a vulnerable company.  The SELL signal highlights a high level of caution, demanding careful consideration of potential downside."
CRWD,4.0,1.0,4.0,"CRWD exhibits concerning financial health with a significant lack of growth and a volatile market, exacerbated by a rapidly increasing inflation environment and a bearish macroeconomic outlook.  The low ROE and cash flow generation suggest significant risk, compounded by the extreme volatility and potential for further decline."
CCI,7.0,2.0,6.0,"Crown Castle (CCI) exhibits strong, consistent financial performance with a robust history of growth and profitability, but faces significant headwinds from a rapidly increasing inflation environment.  The bearish macro environment and negative momentum suggest a potential for further decline, necessitating a cautious investment approach."
CSX,6.0,2.0,8.0,CSX Corporation มีคุณภาพทางการเงินที่ดีอย่างมาก โดยมีผลตอบแทนที่สูงและอัตราส่วนที่แข็งแกร่งในสภาพแวดล้อมเศรษฐกิจมหภาคที่ท้าทาย โดยมีผลการเติบโตที่โดดเด่นและผลตอบแทนที่สูงมาก แต่ราคาปัจจุบันต่ำกว่าค่าเฉลี่ย และมีความเสี่ยงที่สูงจากสภาพแวดล้อมเศรษฐกิจที่ผันผวน
CMI,4.0,2.0,8.0,"CMI demonstrates exceptionally poor financial health, experiencing a prolonged period of stagnation and negative growth, amidst a severe inflationary environment and a bearish market outlook.  The company's low ROE, volatile price, and lack of growth indicators suggest a significant risk.  The extreme macroeconomic conditions necessitate caution with this investment."
CVS,3.0,1.0,8.0,"CVS Health faces significant headwinds due to a severe macroeconomic environment characterized by hyperinflation, declining GDP, and a significant drop in consumer confidence. The company's financial health is severely compromised, with a lack of growth and a volatile stock price, suggesting a high risk of further decline."
DHR,7.0,3.0,6.0,"Danaher demonstrates strong financial health with consistent growth, high profitability, and a robust cash flow. However, the current macroeconomic environment – characterized by high inflation and a potential bear market – presents significant risks, warranting cautious consideration of the stock."
DRI,6.0,2.0,8.0,"DRI presents a concerning picture considering its consistently negative growth and volatile performance in the face of a rapidly inflationary environment. The bearish market regime and significant volatility suggest a high risk of further decline. While the company's strong historical ROE and cash flow are positive, the lack of growth and the extreme market conditions warrant caution."
DDOG,7.0,3.0,6.0,"Datadog มีคุณภาพทางการเงินที่ดีอย่างมาก (สูง), มีการเติบโตที่แข็งแกร่งและอัตราผลตอบแทนที่สูง (สูง) แม้จะอยู่ในสภาพแวดล้อมเศรษฐกิจมหภาคที่ท้าทาย (Bear Market) แต่ราคาปัจจุบันยังต่ำกว่าค่าเฉลี่ยที่น่าสนใจ และมีสัญญาณเตือนถึงความเสี่ยงที่อาจเกิดขึ้น"
DVA,6.0,1.0,4.0,"DVA exhibits exceptionally strong financial health with a long track record of profitability and consistent growth, but the current macroeconomic environment – characterized by hyperinflation and a significant labor market downturn – presents considerable risk. The negative momentum in the price suggests a potential vulnerability to the current market conditions, warranting careful consideration before investing."
DAY,4.0,1.0,8.0,"Dayforce demonstrates concerning financial health with a significant lack of growth and a volatile market. The macroeconomic environment is highly inflationary and challenging, impacting the company's profitability.  The stock's poor performance suggests a potential risk, warranting careful consideration before investing."
DECK,7.0,3.0,6.0,"Deckers Brands exhibits strong financial health with consistent growth and profitability over a long period, but faces significant headwinds from a rapidly rising inflation environment. The bearish macro regime and negative momentum suggest a potential for further decline, necessitating caution with a SELL recommendation."
DE,4.0,2.0,8.0,"Deere & Company exhibits concerning financial health with a prolonged period of strong earnings growth, but significantly diminished future growth prospects under a volatile and inflationary macroeconomic environment. The extreme volatility and bearish market conditions suggest a high risk profile, warranting careful consideration before investing."
DELL,7.0,3.0,6.0,Dell Technologies มีคุณภาพทางการเงินที่ดีอย่างมากด้วยผลตอบแทนที่สูงและอัตราการเติบโตที่โดดเด่นในระยะยาว แต่สภาพแวดล้อมเศรษฐกิจมหภาคที่ผันผวนและอัตราเงินเฟ้อสูงทำให้เกิดความกังวลด้านความเสี่ยง แม้จะมีผลตอบแทนที่สูง แต่การเปลี่ยนแปลงของอัตราเงินเฟ้อและภาวะเศรษฐกิจโดยรวมทำให้เกิดความเสี่ยงที่ต้องพิจารณาอย่างระมัดระวัง
DAL,6.0,2.0,6.0,"DAL faces significant headwinds due to a hyper-inflationary environment and a weak macroeconomic outlook. While exhibiting strong financial performance over a long period, the current market conditions suggest a high risk of further decline, warranting a cautious investment approach."
DVN,6.0,2.0,6.0,"Devon Energy faces significant headwinds due to a rapidly deteriorating macroeconomic environment characterized by hyperinflation, high unemployment, and a significant decline in consumer confidence. The company's strong financial performance, particularly its consistent growth and profitability, is undermined by a concerning bearish market outlook and a volatile price action.  The combination of these factors warrants careful consideration before investing."
DXCM,7.0,3.0,6.0,"DXCM demonstrates exceptionally strong financial health and consistent growth, bolstered by a robust free cash flow and a high ROE. However, the current macroeconomic environment – characterized by high inflation and a weakening labor market – presents significant risks, warranting a cautious investment approach due to the bearish market regime."
FANG,7.0,2.0,4.0,"Diamondback Energy exhibits exceptionally strong financial performance, driven by consistent growth and robust cash flow, despite a challenging macroeconomic environment characterized by high inflation and a significant labor market downturn.  The company's high ROE and free cash flow demonstrate resilience, but the bearish macro regime and SELL signal suggest heightened risk.  The negative momentum in the 12-month timeframe warrants careful consideration."
DLR,4.0,1.0,8.0,"Digital Realty (DLR) exhibits concerning financial stability and growth, significantly hampered by a severe macroeconomic environment characterized by hyperinflation and a substantial labor market downturn. The company's historical performance is deeply impacted by a prolonged period of stagnation, suggesting a potential vulnerability to future economic shifts.  The bearish market conditions and negative momentum suggest a high risk of further decline, warranting a cautious investment approach."
DG,7.0,3.0,6.0,"Dollar General demonstrates exceptionally strong financial health and consistent growth, bolstered by a robust free cash flow and a favorable macroeconomic environment. However, the current market conditions – characterized by high inflation and a bear market – necessitate caution due to the potential for significant volatility and a potential shift in investor sentiment.  The company's performance is currently under scrutiny due to the challenging macroeconomic backdrop."
DLTR,6.0,2.0,8.0,"Dollar Tree (DLTR) exhibits concerning financial health with a prolonged period of strong profitability and consistent cash flow, but is significantly impacted by a hyperinflationary environment and a bearish macroeconomic outlook. The lack of growth and volatile price action suggests a high risk profile, warranting a cautious investment approach."
D,6.0,2.0,4.0,"Dominion Energy demonstrates exceptionally strong financial health and consistent growth, but faces significant headwinds due to a rapidly increasing inflation environment and a bearish macroeconomic outlook.  The company's high ROE and cash flow generation are mitigating factors, but the extreme inflation and potential recessionary pressures necessitate caution with the SELL recommendation."
DPZ,7.0,3.0,6.0,Domino's מציגה חוזนะที่โดดเด่นในสภาพแวดล้อมเศรษฐกิจที่ท้าทายอย่างรุนแรง โดยมีผลประกอบการที่แข็งแกร่งและอัตราการเติบโตที่น่าประทับใจ แม้ว่าสภาพแวดล้อมทางเศรษฐกิจจะผันผวนอย่างมาก แต่หุ้นนี้ยังคงมีศักยภาพในการเติบโตในระยะยาว โดยต้องระมัดระวังและพิจารณาความเสี่ยงที่เกี่ยวข้องกับสภาพตลาดปัจจุบัน
DASH,6.0,2.0,8.0,"DASH is a fundamentally sound, highly profitable company with a strong track record of consistent growth and robust cash flow. However, the current macroeconomic environment – characterized by high inflation and a slowing economy – presents significant risks, warranting a cautious approach to investment.  The company's high volatility and relatively low growth rate suggest potential vulnerabilities."
DOV,6.0,2.0,6.0,"Dover Corporation exhibits exceptionally strong financial performance over a long period, demonstrating robust growth and consistent profitability. However, the current market environment – characterized by high inflation and a bear market – presents significant risks, warranting a cautious approach to investment. The company's valuation is currently low, suggesting potential for a significant downturn."
DOW,4.0,1.0,4.0,"DOW (Materials) exhibits concerning financial health with a prolonged period of profitability, but significantly hampered by a deteriorating macroeconomic environment characterized by high inflation and a weak labor market.  The extreme volatility and negative momentum suggest a high risk of further decline, making this a potentially risky investment."
DHI,7.0,2.0,6.0,"DHI, a consumer discretionary company, exhibits exceptionally strong financial health with a long history of consistent growth, high profitability, and a robust cash flow. However, the current macroeconomic environment – characterized by high inflation and a weakening labor market – presents significant risks, leading to a SELL recommendation due to potential volatility and a bearish market outlook."
DTE,7.0,3.0,6.0,"DTE Energy demonstrates exceptionally strong financial health, exhibiting consistent and robust growth across multiple metrics, despite a challenging macroeconomic environment.  However, the bearish market regime and elevated volatility warrant caution, suggesting potential for significant downside."
DUK,7.0,2.0,6.0,"Duke Energy exhibits exceptionally strong financial health, demonstrating robust growth and consistent profitability over a long period. However, the current macroeconomic environment – characterized by significant inflation and a potential recession – presents considerable risk, warranting a cautious approach to the stock. The negative macro regime score suggests a heightened vulnerability to economic downturns."
DD,3.0,1.0,8.0,"The DuPont Materials company exhibits concerning financial health with a lack of growth and profitability, amidst a severe inflationary environment and a bearish market outlook.  The extreme volatility and lack of momentum suggest significant risk.  The company's valuation is also low, warranting caution."
ETN,6.0,1.0,7.0,หุ้น ETN ในสภาพแวดล้อมเศรษฐกิจมหภาคที่ท้าทายอย่างรุนแรง โดยเฉพาะอย่างยิ่งเมื่อเทียบกับสภาพแวดล้อมการเงินที่สูงขึ้นและอัตราเงินเฟ้อที่สูงขึ้น ซึ่งส่งผลให้ประสิทธิภาพทางการเงินโดยรวมต่ำและราคาหุ้นลดลงอย่างมาก
EBAY,7.0,3.0,6.0,"eBay demonstrates exceptionally strong financial health with a consistent history of robust growth, high profitability, and a strong cash flow. However, the current macroeconomic environment – characterized by significant inflation and a potential recession – presents considerable risk, warranting a cautious investment approach due to the bearish market regime."
ECL,7.0,3.0,6.0,"Ecolab exhibits exceptionally strong financial health, demonstrating consistent and robust growth across multiple metrics, despite a challenging macroeconomic environment.  Their impressive free cash flow and ROE, coupled with a positive outlook for the future, suggest a potentially attractive investment opportunity, albeit with a cautious approach due to the current market conditions.  The bearish macro environment and volatility warrant careful monitoring."
EIX,7.0,3.0,6.0,"EIX demonstrates exceptionally strong financial health with robust growth, consistent profitability, and a favorable macroeconomic environment. However, the bearish market conditions and significant volatility raise concerns about long-term sustainability.  The 17.08% inflation rate and 4.3% unemployment rate present significant challenges, warranting careful risk assessment."
EW,7.0,2.0,6.0,"Edwards Lifesciences (EW) exhibits strong financial stability and consistent performance, but faces significant headwinds due to a rapidly inflationary environment and a concerning macroeconomic outlook.  The company's high growth rate is significantly hampered by the current economic climate, suggesting a potential risk.  The SELL signal highlights concerns about the company's long-term prospects in light of the challenging macroeconomic conditions."
EA,6.0,1.0,6.0,"Electronic Arts (EA) exhibits concerning financial health and a challenging macroeconomic environment. While demonstrating strong historical performance, the current market conditions – including high inflation, a significant economic downturn, and a volatile market – pose significant risks. The company's growth is hampered by a lack of consistent earnings and a potentially unsustainable free cash flow, exacerbated by a bearish market outlook.  The high volatility and lack of momentum suggest a potential for further decline."
ELV,4.0,1.0,4.0,"Elevance Health faces significant headwinds due to a highly volatile and bearish market environment. The company exhibits concerning financial metrics – high growth, low profitability, and a deteriorating ROE – exacerbated by a rapidly increasing inflation rate and a significant economic downturn.  The SELL signal suggests a high risk of further losses, warranting careful consideration of investment strategy."
EME,4.0,2.0,8.0,"EMCOR exhibits concerning financial characteristics under a volatile and inflationary macroeconomic environment. While exhibiting strong historical performance, the lack of growth and recent price volatility raise significant red flags. The bearish market conditions and high inflation suggest a high risk of further decline."
EMR,7.0,2.0,6.0,"EMBR is a highly valued, established industrial conglomerate exhibiting exceptional financial stability and consistent growth, but faces significant headwinds due to a rapidly accelerating inflationary environment and a concerning macroeconomic outlook.  The strong, consistent earnings and cash flow demonstrate resilience, but the bearish macro environment and SELL signal suggest potential risks outweigh the rewards."
ETR,7.0,2.0,6.0,"Entergy demonstrates exceptionally strong financial health, robust growth, and a favorable macroeconomic environment. However, the volatile market and potential for a bear market necessitate caution, suggesting a potential shift towards a negative outlook."
EOG,6.0,2.0,4.0,"EOG Resources exhibits exceptionally strong financial performance, driven by consistent growth and profitability, but is currently facing a challenging macroeconomic environment characterized by high inflation and a significant labor market downturn. The bearish market sentiment and volatility suggest a heightened risk profile, warranting careful consideration before investing."
EPAM,7.0,2.0,6.0,"EPAM Systems demonstrates exceptionally strong financial health with a consistent history of growth and profitability, bolstered by a favorable macroeconomic environment. However, the current market conditions – characterized by high inflation and a bear market – warrant caution due to the potential for significant volatility and a potential shift in investor sentiment.  The company's high ROE and consistent growth rate suggest resilience, but the negative momentum in the market necessitates careful monitoring."
EQT,4.0,1.0,4.0,"The EQT Corporation exhibits concerning financial health with a prolonged period of profitability and strong cash flow, but significantly hampered by a hyperinflationary environment and a bearish macroeconomic outlook.  The lack of growth and volatile price action suggests a high risk profile, necessitating a cautious investment approach."
EFX,6.0,1.0,4.0,"EFX exhibits exceptionally strong financial performance over a long period, demonstrating robust profitability and a stable ROE. However, the current macroeconomic environment – characterized by hyperinflation and a significant labor market downturn – presents considerable risk, warranting a cautious investment approach due to the volatile market and potential for significant losses."
EQIX,7.0,2.0,6.0,"Equinix exhibits strong financial fundamentals – consistent growth, high profitability, and a robust cash flow – amidst a challenging macroeconomic environment characterized by high inflation and a recessionary outlook.  However, the volatile price action and SELL signal suggest potential risks, warranting cautious consideration."
EQR,4.0,1.0,6.0,"EQR, a real estate REIT, exhibits concerning financial stability with a history of exceptional growth, but is currently facing a challenging macroeconomic environment characterized by high inflation and a weakening labor market.  The negative price performance and volatile market suggest a significant risk, warranting careful consideration before investing."
ERIE,6.0,1.0,6.0,"Erie Indemnity (ERIE) exhibits concerning financial health with a strong, consistent history of growth, but significantly hampered by a volatile and negative macroeconomic environment.  The company's performance is negatively impacted by high inflation and a weak labor market, suggesting a high risk of further decline.  The SELL signal highlights a potential downturn, demanding careful consideration of the company's long-term prospects."
ESS,6.0,1.0,6.0,"Essex Property Trust exhibits concerning financial stability and a challenging macroeconomic environment. While demonstrating strong historical performance, the current market conditions and significant inflation suggest potential risks. The negative momentum in the price and the lack of recent growth make this a potentially vulnerable investment."
EL,6.0,2.0,8.0,"Estée Lauder Companies (EL) exhibits concerning financial health, with a significant decline in growth and a volatile price action amidst a rapidly inflationary economy. The bearish market environment and high volatility suggest a heightened risk profile, warranting careful consideration before investing."
EG,3.0,1.0,4.0,"The Everest Group is exhibiting concerning financial distress, with a significant negative correlation between its financial performance and the current macroeconomic environment.  The extreme volatility and bearish market conditions suggest a high risk of further deterioration, making this a potentially risky investment."
EVRG,7.0,3.0,6.0,"Evergy demonstrates exceptionally strong financial health with robust growth, consistent profitability, and a favorable macroeconomic environment. However, the bearish market conditions and elevated volatility warrant caution regarding the stock's potential for further decline.  The high growth and strong fundamentals suggest potential upside, but the risk profile necessitates careful consideration."
ES,7.0,3.0,6.0,"Eversource Energy demonstrates exceptionally strong financial health with a consistent history of robust growth, high profitability, and a favorable macroeconomic environment. However, the current market conditions – characterized by high inflation, a declining labor force, and a bearish market – necessitate caution due to the potential for significant volatility and a risk of a bear market.  The company's high ROE and cash flow generation are positive indicators, but the aggressive growth rate and the current market turbulence warrant careful monitoring."
EXC,7.0,3.0,6.0,"Exelon demonstrates exceptionally strong financial health and consistent growth, but the current macroeconomic environment presents significant risks. The high inflation and potential recessionary pressures necessitate caution, despite the robust historical performance.  The 14.3% Momentum 12M suggests a potentially strong future, but the bearish macro regime warrants careful monitoring."
EXE,4.0,1.0,4.0,"Expansion Energy exhibits concerning financial health with a history of exceptional growth, but is significantly impacted by a rapidly increasing inflation environment and a bearish macroeconomic outlook.  The volatile price action suggests significant risk, warranting a cautious investment approach."
EXPE,7.0,3.0,6.0,"Expedia Group demonstrates exceptionally strong financial health with a consistently high growth rate, robust free cash flow, and a strong ROE. However, the current macroeconomic environment – characterized by high inflation and a significant economic downturn – presents considerable risk, necessitating a cautious approach with a SELL recommendation."
EXPD,7.0,3.0,6.0,"Expeditors International demonstrates exceptionally strong financial health with a consistent history of robust growth, high profitability, and a favorable macroeconomic environment. However, the current volatility and SELL signal warrant caution, suggesting potential risks outweighing the current gains. The bear market conditions exacerbate concerns about long-term sustainability."
EXR,6.0,1.0,6.0,"Extra Space Storage exhibits concerning financial stability with a strong historical track record, but is significantly impacted by a rapidly accelerating inflationary environment and a bearish macroeconomic outlook.  The negative momentum in the price suggests potential vulnerability, requiring careful monitoring of the company's financial health and its ability to adapt to the current economic pressures."
XOM,7.0,2.0,6.0,"XOM demonstrates exceptionally strong financial health with a consistent history of robust growth, high profitability, and a favorable macroeconomic environment. However, the current market conditions suggest caution due to the elevated inflation rate and bear market sentiment.  The negative momentum in the 12-month timeframe warrants careful monitoring."
FFIV,7.0,3.0,6.0,"FFIV exhibits exceptionally strong financial performance over a long period, demonstrating robust growth and consistent profitability. However, the current macroeconomic environment – characterized by high inflation and a potential bear market – warrants caution due to the significant volatility and potential for downward pressure on the stock.  The company's high ROE and Free Cash Flow suggest resilience, but the negative macro outlook necessitates a careful assessment of risk."
FDS,7.0,3.0,6.0,"FactSet demonstrates exceptionally strong financial health and consistent growth, bolstered by a robust free cash flow and ROE. However, the current macroeconomic environment – characterized by high inflation and a significant labor market downturn – presents considerable risk, warranting a cautious investment approach due to the bearish market regime."
FICO,4.0,2.0,4.0,"Fair Isaac is a highly unusual stock exhibiting concerning negative trends across multiple financial metrics. The extreme negative growth, low EPS, and volatile price performance, coupled with a bleak macroeconomic outlook, strongly suggest a significant risk. The Bear Market regime exacerbates these concerns, making this a potentially high-risk investment."
FAST,6.0,1.0,6.0,FAST เป็นหุ้นที่มีคุณภาพทางการเงินที่ดีอย่างมาก มีประสิทธิภาพทางการเงินที่โดดเด่นและผลตอบแทนที่สูงมากในระยะยาว แต่สภาพแวดล้อมเศรษฐกิจมหภาคที่ผันผวนอย่างรุนแรง ทำให้มีความเสี่ยงสูงและควรระวังการลงทุน
FRT,4.0,1.0,8.0,"The Federal Realty Trust (FRT) is exhibiting concerning financial characteristics under a severe macroeconomic environment characterized by hyperinflation, high unemployment, and a significant decline in consumer confidence.  The company's consistently high ROE and cash flow generation, coupled with a lack of recent growth, suggests a high risk of further deterioration.  The bearish market conditions and negative macroeconomic outlook significantly outweigh any potential upside, making this a potentially risky investment."
FDX,6.0,1.0,6.0,"FedEx exhibits exceptionally strong financial health, demonstrating consistent profitability and robust growth over a long period. However, the current macroeconomic environment – characterized by hyperinflation and a significant labor market downturn – presents considerable risk, warranting a cautious investment approach. The stock's performance is currently underperforming expectations due to the volatile market and negative momentum."
FIS,6.0,1.0,6.0,"Fidelity National Information Services (FIS) exhibits concerning financial characteristics under a volatile and inflationary macroeconomic environment.  Despite strong historical financial performance, the current market conditions suggest a significant risk, warranting a SELL signal and careful monitoring.  The company's growth trajectory is notably absent, and its performance is heavily impacted by the current economic downturn."
FITB,7.0,2.0,6.0,"FITB, a financial services company, exhibits exceptionally strong financial performance over a long period, demonstrating robust growth and profitability. However, the current macroeconomic environment – characterized by high inflation and a weakening labor market – presents significant risks, warranting cautious investment consideration.  The company's valuation suggests a potential downward trend, necessitating careful monitoring of its financial health and market sentiment."
FSLR,7.0,2.0,6.0,"First Solar exhibits exceptionally strong financial performance, driven by consistent growth and profitability across multiple metrics, despite a challenging macroeconomic environment characterized by high inflation and a significant labor market downturn.  However, the bearish market regime and SELL signal suggest heightened risk, necessitating careful consideration before investing."
FE,7.0,2.0,6.0,"FirstEnergy (FE) exhibits concerning financial health with robust historical performance, but faces significant headwinds from a rapidly inflationary environment and a weakening macroeconomic outlook. The company's high growth rates are increasingly challenged by a volatile market and a concerning macroeconomic climate.  The SELL signal suggests a potential risk, warranting careful monitoring."
FISV,7.0,3.0,6.0,"FISV exhibits exceptionally strong financial health, demonstrating consistent and robust growth across multiple metrics, despite a challenging macroeconomic environment.  The company's superior performance is tempered by a concerning inflation rate and a significant shift towards a bear market.  While the positive financial indicators are noteworthy, the extreme volatility and potential for further decline warrant careful consideration."
F,6.0,1.0,6.0,"Ford Motor Company exhibits concerning financial health with a history of robust profitability and consistent growth, but is significantly impacted by a rapidly increasing inflation environment and a weakening macroeconomic outlook. The negative return and volatility suggest a potential risk, warranting careful consideration of investment."
FTNT,7.0,2.0,4.0,"Fortinet demonstrates exceptionally strong financial performance, exhibiting consistent growth and profitability across multiple metrics, despite a challenging macroeconomic environment characterized by high inflation and a significant labor market downturn.  The company's robust ROE and cash flow position, coupled with a positive momentum, suggests potential for continued success, but the bearish macro environment warrants caution and a careful assessment of risk."
FTV,6.0,1.0,3.0,"Fortive exhibits concerning financial health with a strong historical track record of growth and profitability, but is significantly impacted by a rapidly increasing inflationary environment and a bearish macroeconomic outlook.  The volatile price action suggests potential risk, warranting careful consideration of investment strategy."
FOXA,6.0,1.0,4.0,"Fox Corporation (FOXA) exhibits concerning financial health with a history of exceptional growth, but is significantly impacted by a rapidly increasing inflation environment and a bearish macroeconomic outlook.  The company's high volatility and lack of consistent earnings growth, coupled with the severe inflationary pressures, warrant a cautious investment approach."
FOX,4.0,2.0,8.0,"Fox Corporation demonstrates exceptionally strong financial stability and consistent performance, but the current macroeconomic environment presents significant risks. The company's high growth rate is unsustainable given the current inflationary pressures and economic downturn.  The bearish market conditions and low momentum suggest a potential for significant downside."
BEN,6.0,2.0,6.0,Franklin Resources מציגהผลตอบแทนที่แข็งแกร่งในระยะยาว โดยมีประสิทธิภาพทางการเงินที่โดดเด่นและผลตอบแทนที่สูงมาก แต่สภาพแวดล้อมทางเศรษฐกิจมหภาคที่ผันผวนและสูงขึ้นทำให้เกิดความกังวลด้านความน่าเชื่อถือของหุ้น
FCX,4.0,1.0,8.0,FCX เป็นหุ้นที่น่าสนใจในสภาพแวดล้อมเศรษฐกิจที่ผันผวนอย่างรุนแรง เนื่องจากมีผลตอบแทนที่สูงมาก (Growth Score) แต่ก็มีสัญญาณเตือนภัยจากสภาพแวดล้อมเศรษฐกิจมหภาคที่รุนแรง (Macro Environment Score) และมี volatility สูง (Volatility Score) การเติบโตที่ต่อเนื่อง (0 ปี และ 8 ปี) เป็นจุดแข็ง แต่การขาดการเติบโตที่สม่ำเสมอและผลตอบแทนที่สูงเกินไป อาจเป็นสัญญาณเตือนภัย
GRMN,7.0,3.0,6.0,"Garmin demonstrates strong financial health with consistent growth, high profitability, and a robust cash flow. However, the current macroeconomic environment – characterized by high inflation and a slowing economy – presents a significant risk, warranting caution due to the bearish market regime.  The stock's valuation is also relatively low, suggesting potential for further decline."
IT,4.0,1.0,4.0,"IT, a well-established information technology company, exhibits concerning financial health with a prolonged period of profitability and strong cash flow, but significantly hampered by a rapidly accelerating inflation environment. The bear market conditions and negative momentum suggest a high risk of further decline, necessitating a cautious investment approach."
GE,7.0,2.0,6.0,"GE Aerospace demonstrates exceptionally strong financial health and consistent growth, bolstered by a robust free cash flow and a high ROE. However, the current market environment – characterized by high inflation and a bear market – presents significant risks, warranting a cautious approach to investment due to the volatile market conditions."
GEHC,6.0,1.0,6.0,"GEHC demonstrates strong financial health with consistent growth and positive cash flow, but the volatile macroeconomic environment and bearish market sentiment warrant caution. The company's performance is negatively impacted by the current inflationary pressures and a concerning economic downturn.  The low growth rate and recent price decline suggest potential vulnerabilities."
GEV,4.0,2.0,4.0,"Gev is a fundamentally-valued industrial company experiencing significant negative trends across multiple key metrics. The company's financial performance is exceptionally weak, with a near-zero growth rate and a volatile price, exacerbated by a deteriorating macroeconomic environment.  The bearish market conditions and inflationary pressures significantly impact its future prospects."
GEN,4.0,1.0,4.0,"The Gen Digital stock presents a concerning picture given the extreme macroeconomic environment.  The company's consistently strong financial performance, coupled with a rapidly deteriorating macroeconomic landscape, warrants careful scrutiny.  The extreme volatility and negative momentum suggest significant risk, and a SELL signal is warranted, emphasizing a cautious approach."
GNRC,6.0,1.0,6.0,"GNRC exhibits exceptionally strong financial health, driven by consistent growth and robust profitability, but faces significant headwinds from a rapidly inflationary environment and a concerning macroeconomic outlook.  The SELL signal suggests a potential risk, warranting careful consideration of the investment's long-term prospects."
GD,4.0,1.0,8.0,"GD faces significant headwinds due to a hyperinflationary environment, coupled with a weak macroeconomic outlook. The company's strong financial performance over a long period, despite a lack of recent growth, is undermined by a concerning lack of growth and a volatile market.  The SELL signal suggests a high risk of further decline."
GIS,4.0,1.0,8.0,"GIS faces significant headwinds due to a collapsing economy, driven by hyperinflation and a significant labor market downturn. While the company demonstrates strong financial stability (high ROE, consistent free cash flow) and a relatively stable market capitalization, its growth trajectory is severely hampered by the macroeconomic environment, suggesting a high risk of further decline. The SELL signal highlights a concerning lack of positive momentum."
GM,6.0,2.0,8.0,"GM exhibits exceptionally strong financial health, demonstrating consistent profitability and robust free cash flow, but faces significant headwinds from a rapidly inflationary economy and a concerning macroeconomic environment.  The high volatility and lack of growth suggest a potential for significant downside risk, warranting careful consideration of investment."
GPC,7.0,2.0,8.0,"GPC demonstrates exceptionally strong financial health – consistent growth, high profitability, and robust cash flow – but faces a challenging macroeconomic environment characterized by high inflation and a significant economic downturn.  The SELL signal suggests a potential risk, requiring careful consideration of the company's long-term prospects in light of the current market conditions."
GILD,7.0,3.0,6.0,"GILD exhibits exceptionally strong financial health with a consistent history of robust growth, high profitability, and a favorable macroeconomic environment. However, the current market conditions suggest caution due to the elevated inflation rate and bear market sentiment.  The 17.08% inflation score is a significant concern, impacting the company's valuation."
GPN,7.0,2.0,6.0,"GPN demonstrates exceptionally strong financial health with consistent growth, robust profitability, and a favorable macroeconomic environment. However, the bearish market and significant volatility raise concerns about long-term sustainability. The 1.55 Growth Score and 17.08 Inflation Score suggest a potentially high-risk investment profile, warranting careful consideration of the SELL signal and potential for further decline."
GL,7.0,2.0,6.0,Globe Life מציגה ביצועทางการเงินที่แข็งแกร่งและอัตราการเติบโตที่โดดเด่นในสภาพแวดล้อมเศรษฐกิจมหภาคที่ท้าทาย โดยมีผลตอบแทนที่สูงขึ้นอย่างต่อเนื่อง แต่การเปลี่ยนแปลงทางเศรษฐกิจมหภาคที่รุนแรงทำให้เกิดความกังวลด้านความเสี่ยงที่อาจส่งผลกระทบต่อผลประกอบการในอนาคต
GDDY,7.0,2.0,6.0,"GoDaddy exhibits strong financial fundamentals – consistent growth, high profitability, and robust cash flow – but is significantly impacted by a challenging macroeconomic environment characterized by high inflation and a weakening labor market.  The price performance is currently weak, suggesting potential for further decline, and the overall outlook is cautiously bearish due to the significant macroeconomic headwinds."
GS,6.0,2.0,6.0,"GS (Financials) exhibits strong financial fundamentals – consistent growth, high profitability, and a robust free cash flow – amidst a significant inflationary environment and a bearish market outlook.  However, the volatile price action and concerning macroeconomic conditions warrant caution regarding long-term investment potential."
HAL,4.0,1.0,6.0,"Halliburton, a well-established energy services company, exhibits concerning financial health under a volatile macroeconomic environment.  Despite strong historical performance, the current economic climate – characterized by hyperinflation and declining GDP – poses significant risks.  The company's ROE and Free Cash Flow are declining, while its valuation suggests a potential downturn.  The SELL signal highlights a high level of risk and warrants careful consideration before investing."
HIG,7.0,2.0,6.0,"High (HIG) demonstrates exceptionally strong financial performance over a long period, exhibiting robust growth, high profitability, and a favorable macroeconomic environment. However, the current market conditions – a significant inflationary environment and a bear market – warrant caution due to the potential for further volatility and a potential shift in investor sentiment.  The company's strong fundamentals are currently overshadowed by the challenging macroeconomic backdrop."
HAS,6.0,2.0,8.0,"Hasbro exhibits exceptionally strong financial performance over a long period, demonstrating robust profitability and consistent growth. However, the current macroeconomic environment – characterized by significant inflation and a potential recession – presents considerable risks, warranting cautious investment consideration.  The company's valuation is currently low, suggesting a potential for significant downside."
HCA,7.0,3.0,6.0,"HCA Healthcare demonstrates exceptionally strong financial health with a consistent history of robust growth, impressive profitability, and a favorable macroeconomic environment. However, the current market conditions – characterized by high inflation and a bear market – warrant caution due to the potential for significant volatility.  The company's performance is currently under scrutiny, suggesting a need for careful risk management."
DOC,4.0,1.0,8.0,"DOC is a highly concerning investment due to a severe and persistent negative trend in financial metrics, coupled with a deteriorating macroeconomic environment. The company's weak financial performance, coupled with a bearish market outlook, warrants extreme caution and a SELL recommendation."
HSIC,7.0,3.0,6.0,"Henry Schein exhibits exceptionally strong financial performance and a robust growth trajectory, particularly in the face of significant macroeconomic headwinds. However, the bearish market environment and potential for further volatility warrant caution.  The company's high ROE and consistent free cash flow suggest resilience, but the SELL signal and bearish macro outlook necessitate careful consideration before investing."
HSY,6.0,2.0,8.0,"HSRY exhibits concerning financial health with a strong, consistent history of profitability and cash flow, but is significantly impacted by a rapidly increasing inflation environment.  The bearish macro environment and declining consumer confidence further amplify risk, leading to a SELL recommendation due to potential for significant downside."
HPE,6.0,2.0,7.0,"HPE, despite a strong historical track record, faces significant headwinds due to a rapidly accelerating inflation environment and a concerning macroeconomic outlook. The company's financial metrics are currently under pressure, suggesting a potential risk of continued decline. The bearish market conditions and negative sentiment are amplifying these concerns."
HLT,4.0,1.0,8.0,"HILTON Worldwide exhibits concerning financial metrics, particularly in the face of significant inflationary pressures and a weakening macroeconomic environment. While the company demonstrates strong historical performance, the current situation warrants caution due to the substantial negative macroeconomic outlook and a concerning lack of growth.  The volatility suggests potential instability."
HOLX,6.0,2.0,4.0,"Hologic exhibits concerning financial stability with a strong track record of profitability and consistent growth, but is significantly impacted by a rapidly rising inflation environment and a bearish macroeconomic outlook. The negative momentum in the price suggests potential vulnerability, warranting careful risk management."
HD,7.0,3.0,6.0,"Home Depot demonstrates exceptionally strong financial health, exhibiting consistent growth and profitability over a long period, despite a challenging macroeconomic environment.  However, the bearish market regime and significant volatility suggest potential risks, warranting cautious consideration of the SELL signal."
HON,7.0,2.0,6.0,"HON exhibits exceptionally strong financial health, driven by consistent growth and profitability across multiple years. However, the current market environment – characterized by high inflation and a weakening economy – presents significant risks, warranting a cautious approach to investment due to the bearish macro regime."
HRL,6.0,1.0,6.0,"HRL demonstrates strong financial stability and consistent growth, but faces significant headwinds due to a rapidly increasing inflation environment and a concerning macroeconomic outlook. The bearish market regime and SELL signal suggest a high risk of further decline, necessitating careful consideration of investment strategy."
HST,6.0,1.0,4.0,"Host Hotels & Resorts exhibits concerning financial health with a prolonged period of profitability, but significantly hampered by a rapidly increasing inflation environment and a bearish macroeconomic outlook. The negative momentum in price performance suggests a potential vulnerability to market sentiment."
HWM,6.0,2.0,6.0,"HWM demonstrates exceptionally strong financial performance over a long period, exhibiting robust growth and consistent profitability. However, the current market environment – characterized by high inflation, a significant labor market downturn, and a bearish macroeconomic outlook – presents significant risks, warranting a cautious approach with a SELL recommendation."
HPQ,7.0,3.0,6.0,"HP Inc. demonstrates exceptionally strong financial health, exhibiting robust growth, consistent profitability, and a favorable macroeconomic environment. However, the bearish market regime and elevated volatility present significant risks, warranting a cautious approach to investment."
HUBB,7.0,2.0,6.0,"Hubbell Incorporated demonstrates exceptionally strong financial health with a robust history of consistent growth, high profitability, and a favorable macroeconomic environment. However, the current market conditions – a significant inflationary environment and a concerning labor market – warrant caution due to the SELL signal and volatility.  The 12-month momentum is negative, suggesting potential weakening."
HUM,6.0,2.0,6.0,HUMana เป็นหุ้นที่น่าสนใจในบริบทของสภาพเศรษฐกิจที่ผันผวนอย่างรุนแรง โดยมีผลประกอบการที่แข็งแกร่งและ ROE ที่สูง แต่สภาพแวดล้อมทางเศรษฐกิจมหภาคที่รุนแรงทำให้เกิดความกังวลเกี่ยวกับอนาคตของบริษัท ซึ่งส่งผลให้แนะนำให้ระวังตัวและขายหุ้น
HBAN,7.0,2.0,6.0,"Huntington Bancshares exhibits exceptionally strong financial health, demonstrating robust growth and consistent profitability over a long period. However, the current market environment – characterized by high inflation and a weakening labor market – presents significant risks, warranting a cautious investment approach due to the Bear Market scenario."
HII,6.0,1.0,6.0,"HII exhibits concerning financial health with a history of exceptional growth and strong cash flow, but is significantly impacted by a rapidly increasing inflation environment and a bearish macroeconomic outlook.  The volatile price action suggests potential risk, warranting careful consideration of the investment."
IBM,7.0,3.0,6.0,"IBM demonstrates exceptionally strong financial health and consistent growth, bolstered by a robust free cash flow and a high ROE. However, the current macroeconomic environment – characterized by significant inflation and a weakening labor market – presents a significant risk, warranting cautious investment consideration.  The market is currently in a bear market, suggesting potential for further decline."
IEX,7.0,2.0,6.0,"IEX Corporation demonstrates exceptionally strong financial health with a consistent history of robust growth, impressive profitability, and a favorable macroeconomic environment. However, the current market conditions – characterized by high inflation and a bear market – warrant caution due to the potential for significant volatility and a potential shift in investor sentiment.  The company's growth rate is currently slowing, suggesting a need for careful monitoring of its operational efficiency."
IDXX,7.0,3.0,6.0,"IDXX Laboratories demonstrates exceptionally strong financial health with a consistently high growth rate, robust free cash flow, and impressive ROE. However, the current market environment – characterized by significant inflation and a bear market – warrants caution due to the elevated volatility and potential for significant downside risk.  The company's performance is currently underperforming relative to its historical growth trajectory."
ITW,7.0,2.0,6.0,"ITW demonstrates exceptionally strong financial health and consistent growth, bolstered by a favorable macroeconomic environment. However, the bearish market sentiment and volatility warrant caution regarding the investment.  The high ROE and cash flow generation suggest potential, but the SELL signal highlights risks associated with the current market conditions."
INCY,7.0,2.0,6.0,"Incyte exhibits exceptionally strong financial performance, demonstrating robust growth and consistent profitability over a long period, despite a challenging macroeconomic environment characterized by high inflation and a significant labor market downturn.  However, the bearish market regime and volatile price action warrant caution, suggesting potential risks to the investment."
IR,6.0,2.0,7.0," Ingersoll Rand exhibits exceptionally strong financial health, demonstrating consistent profitability and robust growth over a long period. However, the current macroeconomic environment – characterized by significant inflation and a potential recession – presents considerable risk, warranting cautious investment consideration. The negative momentum in the stock price suggests a potential shift in investor sentiment."
PODD,7.0,2.0,6.0,"Insulet Corporation demonstrates exceptionally strong financial health with a consistent history of growth and profitability, bolstered by a favorable macroeconomic environment. However, the current market conditions suggest caution due to the elevated inflation rate and bear market sentiment.  The company's performance is currently under pressure, warranting a SELL recommendation."
INTC,6.0,2.0,8.0,"Intel demonstrates exceptionally strong financial performance, particularly in a challenging macroeconomic environment characterized by hyperinflation and a significant labor market downturn.  Despite a concerning lack of growth, the company's consistent profitability and ROE suggest resilience, though the extreme volatility and SELL signal warrant caution.  The bear market conditions exacerbate existing concerns about long-term sustainability."
IBKR,8.0,4.0,6.0,"Interactive Brokers demonstrates exceptionally strong financial health and consistent growth, bolstered by a robust free cash flow and a high ROE. However, the current macroeconomic environment – characterized by significant inflation and a potential bear market – warrants caution due to the elevated volatility.  Their performance is currently negatively impacted by the inflationary pressures and market downturn."
ICE,4.0,1.0,4.0,"ICE faces significant headwinds due to a hyperinflationary environment, coupled with a weak macroeconomic outlook. The company's historical financial performance, while strong, is increasingly unsustainable in the face of a rapidly deteriorating economic landscape.  The SELL signal suggests a high level of risk and potential for significant losses."
IFF,4.0,1.0,4.0,"The company exhibits concerning financial health with a prolonged lack of growth and profitability, amidst a significant inflationary environment and a bearish market outlook.  The negative growth and volatility suggest potential vulnerabilities, while the bear market conditions amplify risk.  The investment signal of SELL warrants careful consideration."
IP,4.0,1.0,4.0,"IP is exhibiting concerning negative trends across multiple financial metrics, particularly in the face of a rapidly accelerating inflation environment and a significant economic downturn.  The lack of consistent growth and profitability, coupled with a volatile market, suggests a high risk of further decline.  The SELL signal highlights a potential significant loss of value."
IPG,4.0,1.0,4.0,"IPG exhibits concerning financial health with a prolonged lack of growth and profitability, amidst a significant inflationary environment and a bearish market outlook.  The company's valuation is negatively impacted by a significant decline in momentum, suggesting potential instability."
INTU,7.0,3.0,6.0,"Intuit demonstrates exceptionally strong financial health with a consistent history of robust growth, high profitability, and a favorable macroeconomic environment. However, the current market conditions – a significant inflationary environment and a bearish market – warrant caution due to the potential for further price declines.  The company's growth rate is currently slowing, suggesting a potential shift in strategy."
ISRG,7.0,2.0,6.0,"Intuitive Surgical exhibits strong financial health with consistent growth and profitability, but faces significant headwinds from a rapidly inflationary environment and a bearish market outlook.  The high volatility and relatively low momentum suggest potential risks, warranting cautious investment consideration."
IVZ,6.0,2.0,6.0,"Invesco (IVZ) exhibits concerning financial health with a history of robust growth, but significantly hampered by a volatile and potentially unsustainable macroeconomic environment.  The extreme inflation and economic downturn pose significant risks, coupled with a concerning lack of recent growth.  The SELL signal suggests a high probability of further decline, warranting careful monitoring."
INVH,6.0,2.0,6.0,"Invitation Homes demonstrates exceptionally strong financial health – a consistent history of profitability and robust cash flow – but is significantly impacted by a rapidly accelerating inflationary environment.  Their growth is severely hampered by the current macroeconomic conditions, leading to a concerning price performance.  The bearish market environment warrants careful consideration."
IQV,7.0,2.0,6.0,IQVIA มีคุณภาพทางการเงินที่ดีอย่างมาก โดยมีผลประกอบการที่แข็งแกร่งและอัตราการเติบโตที่โดดเด่นในระยะยาว แม้ว่าสภาพเศรษฐกิจมหภาคจะอยู่ในช่วงที่ท้าทาย แต่หุ้น IQV ยังคงมีศักยภาพในการเติบโตในระยะยาว โดยมีผลตอบแทนที่สูงและราคาที่ปรับตัวสูงขึ้น ซึ่งอาจเป็นสัญญาณที่ดีในระยะยาว
IRM,4.0,2.0,8.0,"Iron Mountain, a real estate investment trust, exhibits concerning financial stability and a challenging macroeconomic environment.  Despite strong historical performance, the current market conditions – including high inflation and a recessionary outlook – suggest potential risks.  The negative momentum in the price suggests a significant vulnerability to the current economic climate, warranting a cautious approach with a SELL recommendation."
JBHT,7.0,3.0,6.0,"JBHT demonstrates exceptionally strong financial health with a consistent history of robust growth, high profitability, and a favorable macroeconomic environment. However, the current market conditions – a significant inflationary environment and a bearish market – necessitate caution due to the potential for further price declines.  The high volatility suggests increased risk."
JBL,7.0,2.0,8.0,"Jabil, a leading information technology company, exhibits concerning financial stability and growth, significantly impacted by a rapidly rising inflation environment. Despite strong historical performance, the current macroeconomic conditions – particularly high inflation – pose a significant risk, warranting a cautious approach to investment. The company's valuation is also elevated, suggesting potential for further decline."
JKHY,7.0,2.0,6.0,"JKHY demonstrates exceptionally strong financial health with a consistent track record of growth, profitability, and cash flow, despite a challenging macroeconomic environment characterized by high inflation and a significant labor market downturn.  However, the SELL signal and volatility suggest potential risks, warranting careful consideration of the investment."
J,6.0,2.0,6.0,"Jacobs Solutions exhibits concerning financial health with a strong historical performance, but significantly hampered by a volatile macroeconomic environment and a bearish market outlook.  The company's growth is severely limited, and its performance is vulnerable to significant negative shifts in the economic landscape."
JNJ,6.0,1.0,6.0,"Johnson & Johnson (JNJ) exhibits concerning financial health with a strong track record of consistent growth and profitability, but is significantly impacted by a rapidly rising and volatile inflation environment. The bearish macroeconomic outlook and declining consumer confidence present significant risks, warranting a cautious SELL investment strategy."
JCI,7.0,3.0,6.0,"Johnson Controls demonstrates exceptionally strong financial health and consistent growth, bolstered by a robust free cash flow and a favorable macroeconomic environment. However, the current market conditions – a significant inflationary environment and a concerning labor market – warrant caution due to the SELL signal and volatility.  The company's performance is currently under pressure, suggesting a potential shift in investor sentiment."
JPM,4.0,2.0,8.0,JPMorgan Chase มีคุณภาพทางการเงินที่ดีอย่างมาก (4) เนื่องจาก ROE และ Free Cash Flow บวกติดต่อกันสูง (8) แต่การเติบโตของรายได้และ EPS มีความผันผวนสูง (1) สภาพเศรษฐกิจมหภาคที่กำลังอยู่ในภาวะขาลง (8) และการเปลี่ยนแปลงของอัตราเงินเฟ้ออย่างรุนแรง (17.08) ทำให้เกิดความเสี่ยงที่ต้องระวังเป็นพิเศษ และราคาปัจจุบัน (309.41) อยู่ในระดับที่ควรระมัดระวัง (2) เนื่องจากสัญญาณเตือนจากตลาดและเศรษฐกิจมหภาค
K,7.0,3.0,6.0,"Kellanova demonstrates exceptionally strong financial health and consistent growth, bolstered by a favorable macroeconomic environment. However, the current volatility and SELL signal warrant caution, suggesting potential headwinds impacting long-term value.  The 4-year growth, 9-year EPS, and 8-year ROE are particularly noteworthy, but the current bearish macro environment and the SELL signal necessitate careful consideration of the investment's risk-adjusted returns."
KVUE,4.0,1.0,8.0,"KVUE exhibits concerning financial health with a history of negative growth and volatile performance, exacerbated by a rapidly increasing inflation environment and a bearish market outlook.  The company's exposure to consumer staples suggests vulnerability, compounded by a challenging macroeconomic backdrop.  The SELL signal highlights significant risk, demanding careful consideration of the potential for further decline."
KDP,6.0,2.0,6.0,"Keurig Dr Pepper exhibits exceptionally strong financial health, demonstrating robust growth and consistent profitability over a long period. However, the current market environment – characterized by significant inflation and a weakening consumer confidence – presents considerable risk, necessitating a cautious approach to investment."
KEY,6.0,2.0,6.0,"KeyCorp demonstrates exceptionally strong financial health with a consistent history of robust growth, high profitability, and a favorable market position. However, the current macroeconomic environment – characterized by hyperinflation and a significant labor market downturn – presents considerable risk, necessitating a cautious investment approach. The volatile market and negative momentum suggest a potential for significant price declines."
KEYS,6.0,1.0,6.0,"Keysight Technologies, despite a strong historical track record, faces significant headwinds due to a rapidly accelerating inflation environment and a bear market. The company's financial health is questionable given the extreme volatility and low growth, suggesting a potential risk.  The negative macro environment and low performance suggest a high probability of a sell signal."
KMB,6.0,2.0,8.0,"KMB demonstrates exceptionally strong financial health – a consistent history of robust profitability, high free cash flow, and a superior ROE. However, the current macroeconomic environment, characterized by significant inflation and a weakening labor market, presents considerable risk. The negative momentum in the stock price suggests a potential vulnerability to these headwinds, warranting cautious consideration."
KIM,6.0,1.0,6.0,"KIM faces significant headwinds due to a severe macroeconomic environment characterized by hyperinflation, a declining labor force, and a significant recession. The company's strong financial performance, particularly its consistent growth and profitability, is undermined by a concerning lack of growth, a volatile market, and a downward momentum in its price.  The SELL recommendation reflects a high level of risk associated with this situation."
KMI,6.0,2.0,6.0,"Kinder Morgan faces significant headwinds due to a rapidly rising inflation environment and a bear market.  Despite strong historical financial performance, the current macroeconomic conditions pose considerable risk, warranting a cautious investment approach."
KKR,4.0,1.0,8.0,"KKR & Co. exhibits concerning financial health with a history of exceptional growth, but significantly hampered by a volatile and potentially unsustainable macroeconomic environment.  The extreme inflation and economic downturn pose significant risks to the company's long-term value.  The negative momentum in the stock price suggests a potential for further decline."
KLAC,7.0,2.0,6.0,"KLAC demonstrates exceptionally strong financial health with a long history of consistent growth, robust free cash flow, and a high ROE. However, the current macroeconomic environment – characterized by high inflation, a significant labor shortage, and a bearish market – presents significant risks, warranting a cautious approach to the investment."
KHC,4.0,1.0,8.0,"KHC, a consumer staples company, exhibits concerning financial health with a significant decline in profitability and growth, amidst a severe inflationary environment and a bearish market outlook.  The extreme volatility and negative momentum suggest a high risk of further losses, necessitating careful consideration before investing."
KR,6.0,2.0,8.0,"Kroger faces significant headwinds due to a persistently negative macroeconomic environment characterized by hyperinflation, a tight labor market, and a declining consumer confidence. The company's strong financial performance over the long term, coupled with a relatively low volatility, is currently undermined by a concerning downward trend in growth and a significant price decline.  The bearish macro environment significantly impacts the company's future prospects."
LHX,7.0,3.0,6.0,"L3Harris demonstrates exceptionally strong financial health with robust growth, consistent profitability, and a favorable macroeconomic environment. However, the bearish market conditions and potential inflationary pressures warrant caution regarding the stock's valuation.  The high growth rate and strong fundamentals are offset by the significant volatility and potential for a bear market."
LH,7.0,2.0,6.0,Labcorp มีคุณภาพทางการเงินที่ดีอย่างมาก ด้วยผลตอบแทนที่สูงและอัตราส่วนที่แข็งแกร่ง แต่สภาพแวดล้อมเศรษฐกิจมหภาคที่ผันผวนและอัตราเงินเฟ้อที่สูงส่งผลกระทบต่อความน่าสนใจของหุ้นนี้ ควรระวังตัวเนื่องจากความเสี่ยงที่เพิ่มขึ้น
LRCX,7.0,2.0,6.0,"LRCX exhibits exceptionally strong financial health with a long history of consistent profitability and growth, but faces significant headwinds from a rapidly inflationary environment and a bearish macroeconomic outlook.  The high volatility and recent price decline suggest potential risks, warranting careful consideration before investing."
LW,4.0,2.0,8.0,"Lamb Weston faces significant headwinds due to a persistently deflationary environment, coupled with a bear market and a concerning lack of growth. The company's financial stability is questionable given the extreme volatility and lack of growth, requiring careful risk assessment."
LVS,7.0,2.0,6.0,"Las Vegas Sands demonstrates strong financial health with consistent growth, high profitability, and a favorable macroeconomic environment. However, the bearish market and elevated volatility suggest potential risks, warranting cautious investment consideration."
LDOS,7.0,2.0,6.0,"LDOS exhibits strong financial stability and consistent growth over a long period, but its performance is significantly hampered by a rapidly increasing inflation environment and a bearish market outlook.  The company's high ROE and cash flow are crucial, but the volatile market and inflationary pressures pose significant risks.  The SELL signal suggests caution due to the concerning macroeconomic backdrop."
LEN,7.0,2.0,6.0,"LEN (Consumer Discretionary) demonstrates exceptionally strong financial performance over a long period, exhibiting robust growth, high profitability, and a favorable macroeconomic environment. However, the current market conditions – characterized by high inflation, a slowing economy, and a bearish market – necessitate caution due to the potential for significant volatility and a risk of a bear market.  The current price action suggests a potential reversal of recent gains."
LII,6.0,2.0,8.0,"LII appears to be a relatively stable, well-established industrial company with strong financial fundamentals and a relatively resilient market position, but the bearish macro environment and negative momentum suggest caution is warranted.  The consistent, high-growth performance over a long period, coupled with a strong ROE and cash flow, is a positive sign, but the current volatility and SELL signal warrant careful consideration of the risks."
LLY,7.0,2.0,6.0,"LY Lilly exhibits exceptionally strong financial health, demonstrating robust growth and consistent profitability over a long period. However, the current market environment – characterized by high inflation and a bear market – presents significant risks, warranting cautious investment consideration.  The company's high ROE and cash flow are positive, but the volatile market and inflationary pressures necessitate careful monitoring."
LIN,7.0,3.0,6.0,"Linde plc demonstrates exceptionally strong financial health and consistent growth, bolstered by a robust free cash flow and a high ROE. However, the current macroeconomic environment – characterized by high inflation and a significant labor market downturn – presents considerable risk, warranting a cautious investment approach due to the bearish market regime."
LYV,7.0,3.0,6.0,"Live Nation Entertainment (LYV) exhibits strong financial performance and a compelling growth trajectory, but is currently facing significant headwinds due to a rapidly accelerating inflation environment. The bearish macro environment and negative momentum suggest a heightened risk profile, warranting a cautious sell position."
LKQ,4.0,2.0,6.0,"LKQ Corporation เป็นหุ้นที่น่าสนใจในสถานการณ์ที่ท้าทายเนื่องจากสภาพเศรษฐกิจมหภาคที่ผันผวนอย่างรุนแรง, การเติบโตที่หยุดชะงักอย่างต่อเนื่อง, และการปรับตัวที่ยากลำบากในสภาพแวดล้อมที่เต็มไปด้วยเงินเฟ้อสูง การขาดแคลนผลกำไรและ ROE ที่แข็งแกร่งทำให้เกิดสัญญาณเตือนภัยที่ควรพิจารณาอย่างรอบคอบ"
LMT,7.0,2.0,6.0,"Lockheed Martin demonstrates exceptionally strong financial health and consistent growth, bolstered by a robust macroeconomic environment. However, the current market conditions suggest caution due to the significant inflationary pressures and potential for a bear market.  The company's performance is currently under pressure, warranting a SELL recommendation."
L,7.0,3.0,6.0,"Loews Corporation, despite strong financial performance and a consistent growth trajectory, faces significant headwinds due to a rapidly accelerating inflation environment and a bearish macroeconomic outlook. The high volatility and lack of momentum suggest potential risks, warranting a cautious investment approach."
LOW,7.0,3.0,6.0,"LOW's demonstrates exceptionally strong financial health – a consistent history of robust earnings, high free cash flow, and a superior ROE. However, the current macroeconomic environment of hyperinflation and a significant labor market downturn presents considerable risk, leading to a SELL recommendation with a cautious outlook.  The stock's valuation is also elevated, suggesting potential for further decline within the bear market."
LULU,7.0,3.0,6.0,"Lululemon exhibits strong financial health with consistent growth and profitability over a long period, but faces significant headwinds from a rapidly rising inflation environment. The bearish market regime and negative momentum suggest caution, while the high ROE and cash flow position offer potential for long-term value.  The 40.2% volatility warrants careful monitoring."
LYB,4.0,1.0,4.0,"LyondellBasell exhibits concerning financial health and a challenging macroeconomic environment.  Despite strong financial performance (revenue, cash flow) for a prolonged period, the recent economic downturn and inflationary pressures significantly impact its valuation.  The volatile price action and negative momentum suggest heightened risk, warranting a cautious approach with a SELL recommendation."
MTB,7.0,3.0,6.0,"M&T Bank demonstrates exceptionally strong financial health with a sustained history of robust growth, impressive profitability, and a favorable macroeconomic environment. However, the current market conditions – characterized by high inflation, a weakening labor market, and a bear market – necessitate caution due to the potential for significant downside risk.  The high volatility and negative momentum suggest a challenging outlook."
MPC,7.0,3.0,6.0,"Marathon Petroleum (MPC) demonstrates exceptionally strong financial health and consistent growth, bolstered by a robust free cash flow and high ROE. However, the current macroeconomic environment – characterized by hyperinflation and a significant labor market downturn – presents considerable risk, warranting a cautious investment approach due to the bearish market regime."
MAR,4.0,2.0,8.0,"Marriott International (MAR) exhibits concerning financial health under a volatile and inflationary economic environment. Despite strong historical performance, the company's recent financial metrics – particularly the lack of growth and profitability – warrant caution. The bearish macroeconomic outlook, coupled with a high inflation rate and a concerning labor market, presents significant risks to the stock.  The 32.9% volatility suggests potential for significant price swings, demanding careful risk management."
MMC,4.0,1.0,8.0,"MMC, a financial services firm, exhibits concerning financial characteristics under a volatile and inflationary macroeconomic environment.  Despite strong historical performance, the company's recent lack of growth and profitability, coupled with a significant decline in investor confidence, warrants careful scrutiny.  The bearish market conditions exacerbate existing concerns about the firm's long-term viability."
MLM,7.0,3.0,6.0,"Martin Marietta Materials demonstrates exceptionally strong financial health and consistent growth, bolstered by a robust free cash flow and a high ROE. However, the current macroeconomic environment – characterized by significant inflation and a recessionary outlook – presents considerable risk, necessitating a cautious investment approach due to the bearish market regime."
MAS,7.0,2.0,6.0,"MAS (Industrial) exhibits strong financial stability and consistent growth, but the volatile macroeconomic environment and bearish market sentiment warrant caution.  The company's robust performance over a long period, coupled with a favorable economic backdrop, is currently overshadowed by significant risks associated with the current macroeconomic conditions and potential for further market decline."
MA,7.0,2.0,4.0,"Mastercard demonstrates exceptionally strong financial health and consistent growth, bolstered by a robust free cash flow and a high ROE. However, the current macroeconomic environment – characterized by significant inflation and a recessionary outlook – presents considerable risk, warranting a cautious investment approach due to the volatile market and potential for further declines."
MTCH,7.0,2.0,4.0,"Match Group (MTCH) demonstrates exceptionally strong financial health and consistent growth, bolstered by a robust free cash flow and a high ROE. However, the current macroeconomic environment – characterized by significant inflation and a weakening labor market – presents considerable risk, warranting a cautious investment approach due to the bearish market regime."
MKC,7.0,2.0,6.0,"McCormick & Company demonstrates exceptionally strong financial health and consistent growth, bolstered by a robust free cash flow and a high ROE. However, the current market environment – characterized by significant inflation and a weakening labor market – presents a significant risk, warranting a cautious approach with a SELL recommendation due to volatility."
MCD,7.0,3.0,6.0,"McDonald's demonstrates exceptionally strong financial health, exhibiting consistent growth and profitability over a long period, despite a significant inflationary environment. However, the bearish macro environment and a concerning volatility suggest potential risks. The SELL signal warrants careful consideration, prioritizing risk management."
MCK,7.0,2.0,6.0,"McKesson Corporation demonstrates strong financial health with consistent growth, high profitability, and a robust free cash flow. However, the current market environment – characterized by high inflation and a weakening labor market – presents significant risks, warranting a cautious investment approach due to the bearish macro regime."
MDT,4.0,1.0,8.0,"MDT faces significant headwinds due to a persistently bearish macro environment, coupled with a lack of growth and a concerning lack of price performance. The company's financial stability is questionable given its consistent, low-growth earnings and cash flow, while the extreme inflation and economic downturn pose a serious risk.  The SELL signal suggests a high probability of further decline."
MRK,7.5,3.0,6.0,"Merck & Co. demonstrates exceptionally strong financial health with consistent and high growth, robust free cash flow, and a strong ROE. However, the current market environment – characterized by significant inflation and a bear market – presents a significant risk, warranting cautious consideration of the investment."
META,7.0,2.0,6.0,"Meta Platforms (META) exhibits concerning financial health with robust growth, but faces significant headwinds due to a rapidly inflationary environment and a bearish macroeconomic outlook.  The high volatility and lack of consistent earnings growth, coupled with a concerning inflation rate, warrant careful consideration before investing.  The company's valuation is also significantly impacted by the bear market conditions."
MET,6.0,2.0,4.0,"MetLife demonstrates exceptionally strong financial health with a consistent 5+ year growth rate, robust free cash flow, and a high ROE. However, the current macroeconomic environment – characterized by high inflation, declining GDP, and a concerning labor market – presents significant risks, leading to a SELL recommendation due to potential volatility and a bearish market outlook."
MTD,7.0,3.0,6.0,"Mettler Toledo demonstrates robust financial performance and a strong track record, particularly in a challenging macroeconomic environment characterized by high inflation and economic uncertainty.  Despite a Bear Market, the company's consistent growth, profitability, and free cash flow demonstrate resilience. However, the SELL signal and volatility warrant careful consideration, suggesting potential risks outweighing the current rewards."
MGM,6.0,2.0,6.0,"MGM faces significant headwinds due to a rapidly deteriorating macroeconomic environment characterized by hyperinflation and a significant labor market downturn. While the company demonstrates strong financial stability and consistent profitability over a long period, the current inflationary pressures and bearish market sentiment raise concerns about its long-term viability. The SELL signal suggests a high level of risk and requires careful consideration of potential downside."
MCHP,6.0,2.0,6.0,"Microchip Technology demonstrates exceptionally strong financial health with a long history of consistent profitability and robust cash flow generation. However, the current macroeconomic environment – characterized by significant inflation and a weakening labor market – presents considerable risk, leading to a SELL recommendation due to potential volatility and a bearish market outlook."
MU,7.0,3.0,6.0,"Micron Technology (MU) exhibits exceptionally strong financial health, demonstrating robust growth and consistent profitability over a long period. However, the current macroeconomic environment – characterized by significant inflation and a potential recession – warrants caution due to the bearish market regime.  The company's high growth rate, coupled with a relatively high volatility, suggests potential risks, while the 1427.9% CAGR indicates a strong, albeit potentially unsustainable, performance."
MSFT,7.0,2.0,6.0,"MSFT demonstrates exceptionally strong financial health with a consistent history of robust growth, high profitability, and a favorable macroeconomic environment. However, the current market conditions – a significant inflationary environment and a bear market – warrant caution due to the potential for further price declines.  The company's high ROE and consistent EPS growth are positive indicators, but the volatility and potential for a bear market necessitate careful monitoring."
MAA,6.0,1.0,4.0,"MAA exhibits concerning financial health with a history of strong growth, but is significantly impacted by a rapidly increasing inflation environment and a bearish macroeconomic outlook.  The negative momentum in price performance suggests potential vulnerability to market downturns."
MRNA,3.0,1.0,4.0,หุ้น MRNA มีคุณภาพทางการเงินค่อนข้างต่ำเนื่องจากขาดการเติบโตอย่างต่อเนื่องและประสิทธิภาพการดำเนินงานที่ต่ำ รวมถึงสภาพแวดล้อมทางเศรษฐกิจมหภาคที่อยู่ในภาวะถดถอย และราคาปัจจุบันต่ำกว่าค่าเฉลี่ยที่น่าสนใจ
MHK,4.0,1.0,4.0,"Mohawk Industries exhibits concerning financial health with a prolonged period of profitability, but significantly hampered growth and is vulnerable to a bear market environment. The macroeconomic backdrop of high inflation and a struggling economy presents significant risks, coupled with a concerning lack of growth momentum.  The stock's valuation is also extremely low, suggesting a high probability of further decline."
MOH,6.0,1.0,6.0,"Molina Healthcare exhibits concerning financial health with a history of exceptional profitability and consistent growth, but is significantly impacted by a rapidly increasing and volatile macroeconomic environment. The bearish market and significant inflation pressures pose substantial risks, warranting careful consideration of the SELL recommendation."
TAP,3.0,1.0,4.0,"The Molson Coors Beverage Company exhibits significant risk due to a prolonged lack of financial performance, a volatile market, and a concerning macroeconomic environment. The company's financial health is questionable given the extreme negative growth and volatility, suggesting a potential vulnerability to further deterioration.  The bearish market conditions amplify these concerns."
MDLZ,7.0,3.0,6.0,"MDLZ, a consumer staples giant, exhibits exceptionally strong financial performance and a robust growth trajectory, but faces significant headwinds from a rapidly increasing inflation environment.  The bearish macro environment and negative momentum suggest a potential downturn, necessitating cautious investment consideration."
MPWR,7.0,3.0,6.0,"Monolithic Power Systems exhibits exceptionally strong financial health, demonstrating consistent and robust growth over a long period, underpinned by a favorable macroeconomic environment. However, the current market conditions suggest heightened risk due to the inflationary pressures and bearish market sentiment.  The price action is concerning, warranting careful consideration before investing."
MNST,6.0,2.0,6.0,"MNST, a consumer staples company, exhibits exceptionally strong financial performance over a long period, demonstrating robust profitability and consistent growth. However, the current macroeconomic environment – characterized by high inflation and a potential recession – presents significant risks, warranting cautious investment consideration due to the SELL signal and volatility."
MCO,7.0,2.0,6.0,"Moody's Corporation demonstrates exceptionally strong financial health, exhibiting robust growth and consistent profitability over a prolonged period. However, the current macroeconomic environment – characterized by significant inflation and a potential recession – presents heightened risk, necessitating cautious investment consideration."
MS,7.0,3.0,6.0,"Morgan Stanley demonstrates exceptionally strong financial health with a consistent track record of robust growth, high profitability, and a favorable macroeconomic environment. However, the current market conditions – characterized by significant inflation and a bear market – necessitate caution due to the potential for further volatility and a potential shift in investor sentiment.  The company's performance is currently under scrutiny due to the challenging macroeconomic backdrop."
MOS,6.0,2.0,7.0,"Mosaic Company (The) demonstrates exceptionally strong financial performance, driven by consistent growth and profitability, but faces significant headwinds from a rapidly inflationary and uncertain macroeconomic environment. The bearish market sentiment and volatility suggest a high risk profile, warranting a cautious sell recommendation."
MSI,7.0,3.0,6.0,"MSI, a leading IT company, exhibits exceptionally strong financial performance and consistent growth, despite a challenging macroeconomic environment. However, the volatile market and SELL signal suggest potential risks, warranting cautious consideration.  The company's high ROE and cash flow position are positive, but the bear market conditions necessitate careful monitoring."
MSCI,7.0,2.0,6.0,หุ้น MSCI Inc. มีคุณภาพทางการเงินที่ดีอย่างมาก ด้วยผลตอบแทนที่สูงติดต่อกันและ ROE ที่โดดเด่น แต่สภาพแวดล้อมเศรษฐกิจมหภาคที่ผันผวนอย่างรุนแรงและอัตราเงินเฟ้อที่สูงส่งผลให้เกิดความเสี่ยงที่ต้องระวังเป็นพิเศษ
NDAQ,4.0,1.0,8.0,"NDAQ exhibits concerning financial characteristics under a volatile and inflationary economic environment.  Its consistent, high-growth performance, coupled with a low ROE and a significant lack of growth, suggests potential vulnerabilities. The bear market conditions and high inflation create significant risk, warranting careful consideration of investment strategy."
NTAP,7.0,2.0,6.0,"NetApp exhibits strong financial stability and consistent growth, particularly in a challenging macroeconomic environment characterized by high inflation and a recessionary outlook. While the company demonstrates impressive ROE and cash flow, the volatile market and potential for further decline warrant caution due to the bearish macro regime.  The negative momentum in the 12-month timeframe suggests potential headwinds."
NFLX,7.0,2.0,6.0,"Netflix faces significant headwinds due to a rapidly accelerating inflation environment and a weakening macroeconomic outlook. While the company demonstrates strong financial stability and consistent growth over a long period, the current macroeconomic conditions pose considerable risks, warranting a cautious investment approach with a SELL signal."
NEM,6.0,1.0,6.0,"The Newmont stock presents a mixed picture. While exhibiting strong financial stability with consistent growth and profitability, the rapidly accelerating inflation environment and bearish macroeconomic outlook raise significant concerns. The relatively low growth rate and volatile price suggest potential risks, warranting careful consideration before investing."
NWSA,4.0,2.0,8.0,"NWSA (News Corp) exhibits concerning financial health with a history of exceptional growth, but significantly hampered by a volatile and pessimistic macroeconomic environment.  The company's performance is negatively impacted by a rapidly increasing inflation rate and a weak labor market, suggesting a high risk of further decline.  The SELL signal highlights a potential downturn, demanding careful consideration of the investment."
NWS,4.0,1.0,8.0,"News Corp (NWS) exhibits concerning financial health with a history of exceptional growth, but significantly hampered by a volatile and pessimistic macroeconomic environment. The company's high volatility and negative momentum suggest a high risk profile, warranting a SELL recommendation due to potential for significant losses."
NEE,7.0,3.0,6.0,"NextEra Energy exhibits exceptionally strong financial performance, driven by consistent growth and robust free cash flow, despite a challenging macroeconomic environment characterized by high inflation and a significant labor market downturn.  The company's high ROE and consistent EPS growth, coupled with a strong free cash flow, suggests a potentially resilient business, but the bearish macro environment warrants caution due to the significant inflationary pressures and potential for reduced consumer demand."
NKE,7.0,3.0,6.0,"Nike demonstrates exceptionally strong financial health and consistent growth, bolstered by a robust free cash flow and a high ROE. However, the current macroeconomic environment – characterized by high inflation and a weakening labor market – presents significant risks, warranting a cautious investment approach due to the bearish market regime."
NI,4.0,1.0,8.0,"NiSource exhibits concerning financial health with a history of negative growth and a volatile price, exacerbated by a severe macroeconomic environment characterized by high inflation and unemployment. The lack of consistent profitability and ROE, coupled with the bearish market regime, warrants careful consideration and a SELL recommendation due to significant risk."
NDSN,7.0,3.0,6.0,"Nordson Corporation demonstrates exceptionally strong financial health with a consistent history of robust growth, high profitability, and a favorable macroeconomic environment. However, the current market conditions – characterized by significant inflation and a bear market – necessitate caution due to the SELL signal and volatility.  The company's performance is currently under pressure, requiring careful monitoring of its ability to maintain this momentum."
NSC,7.0,3.0,6.0,"NSC demonstrates exceptionally strong financial health with a consistent history of robust growth, high profitability, and a favorable macroeconomic environment. However, the current market conditions – a significant inflationary environment and a bearish market – warrant caution due to the potential for further volatility and a potential shift in investor sentiment.  The high growth rate, while impressive, needs to be carefully evaluated in light of the current economic headwinds."
NTRS,7.0,3.0,6.0,Northern Trust แสดงให้เห็นถึงความแข็งแกร่งทางการเงินอย่างมากในสภาพแวดล้อมเศรษฐกิจที่ผันผวนอย่างรุนแรง โดยมีผลตอบแทนที่สูงและ ROE ที่โดดเด่น แต่การเติบโตของ EPS และ Free Cash Flow นั้นค่อนข้างต่ำเมื่อเทียบกับสภาพแวดล้อมที่กำลังทวีความรุนแรงขึ้น ซึ่งบ่งชี้ถึงความเสี่ยงที่อาจเกิดขึ้นหากการเติบโตไม่สามารถรักษาไว้ได้
NOC,6.0,2.0,8.0,"Northrop Grumman exhibits exceptionally strong financial health, driven by consistent and robust growth over a long period, but faces significant headwinds from a rapidly accelerating inflation environment and a bearish macroeconomic outlook.  The high volatility and negative momentum suggest a potential for significant downside risk, warranting careful consideration before investing."
NCLH,6.0,2.0,4.0,NCLH มีคุณภาพทางการเงินที่ดีอย่างมาก (6) ด้วยผลตอบแทนที่สูงและอัตราการเติบโตที่โดดเด่น (7) แม้ว่าสภาพแวดล้อมเศรษฐกิจมหภาคจะอยู่ในภาวะถดถอย (4) แต่หุ้นยังคงมีศักยภาพในการเติบโตในระยะยาว แม้ว่าราคาปัจจุบัน (2) อาจไม่สอดคล้องกับศักยภาพที่สูงขึ้น
NRG,6.0,1.0,4.0,"NRG Energy exhibits concerning financial health with a history of exceptional growth, but is significantly impacted by a rapidly increasing inflationary environment and a bearish macroeconomic outlook.  The company's performance is increasingly at risk due to the severe economic pressures and potential for significant volatility."
NUE,7.0,3.0,6.0,"Nucor demonstrates exceptionally strong financial performance and consistent growth, particularly in a challenging macroeconomic environment characterized by high inflation and a significant labor market downturn.  Despite this, the stock's price has experienced a significant decline, suggesting potential risks and warrants careful consideration based on the bearish market regime."
NVDA,7.0,3.0,6.0,"Nvidia demonstrates exceptionally strong financial health with a sustained history of robust growth, impressive profitability, and a favorable macroeconomic environment. However, the current market conditions suggest caution due to the elevated inflation rate and bear market sentiment.  The company's high ROE and cash flow position are noteworthy, but the volatile market and potential for further downturns warrant careful monitoring."
NVR,7.0,3.0,6.0,"NVR, Inc. exhibits exceptionally strong financial health with a long track record of consistent growth, profitability, and robust cash flow. However, the current macroeconomic environment – characterized by high inflation and a significant labor market downturn – presents considerable risk, warranting a cautious investment approach due to the bearish market regime."
NXPI,7.0,3.0,6.0,"NXPI exhibits exceptionally strong financial performance over a prolonged period, demonstrating robust growth and profitability. However, the current macroeconomic environment – characterized by high inflation and a potential recession – warrants caution due to the bearish market regime. The company's valuation is currently low, suggesting a potential risk, and the negative momentum suggests further downward pressure."
ORLY,7.0,2.0,6.0,"ORLY demonstrates exceptionally strong financial health, exhibiting robust growth and consistent profitability over a long period, despite a challenging macroeconomic environment characterized by high inflation and a significant labor market downturn.  The company's high ROE and cash flow generation are particularly noteworthy, but the bearish macro environment and a SELL signal suggest potential risks outweigh the rewards at this time."
OXY,6.0,2.0,4.0,"Occidental Petroleum (OXY) demonstrates exceptionally strong financial health and consistent growth, bolstered by a robust free cash flow and a high ROE. However, the current macroeconomic environment – characterized by hyperinflation and a significant labor market downturn – presents considerable risk, leading to a SELL recommendation due to potential volatility and a bearish market outlook."
ODFL,6.0,2.0,6.0,"The Old Dominion (ODL) exhibits concerning financial health with a strong, consistent growth trajectory, but is significantly impacted by a rapidly increasing inflation environment.  The bearish market conditions and negative momentum suggest a high risk of further decline, necessitating a cautious approach to investment."
OMC,7.0,2.0,6.0,"Omnicom Group (OMC) exhibits strong financial health with consistent growth and profitability over a long period, but faces significant headwinds due to a rapidly accelerating inflation environment and a bearish macroeconomic outlook.  The negative momentum in the price action suggests caution, highlighting potential vulnerabilities in the company's valuation."
ON,7.0,2.0,6.0,"ON Semiconductor demonstrates exceptionally strong financial health and consistent growth, driven by a robust free cash flow and ROE. However, the current market environment – characterized by high inflation and a bear market – presents significant risks, warranting a cautious investment approach due to the volatile market and potential for significant price declines."
OKE,6.0,1.0,6.0,"The Oneok Energy stock presents a concerning picture given the extreme macroeconomic environment.  The company demonstrates exceptionally strong financial performance (high ROE, consistent EPS growth, and strong cash flow) but is facing significant inflationary pressures and a weakening consumer confidence.  The volatile market and negative momentum suggest a high risk of further decline, making a SELL recommendation warranted."
ORCL,4.0,1.0,8.0,"The Oracle Corporation exhibits concerning financial health with a prolonged period of profitability and a highly volatile stock price, amidst a significant inflationary environment and a bearish market outlook.  The lack of growth and earnings, coupled with the extreme volatility, raises significant concerns about the company's long-term viability."
OTIS,6.0,2.0,6.0,"หุ้น OTIS มีคุณภาพทางการเงินที่ดีอย่างมาก (Financial Quality Score) เนื่องจากมีผลตอบแทนที่สูงและอัตราส่วนที่แข็งแกร่ง (Growth Trend & Macro Environment Score) อย่างไรก็ตาม, การเติบโตทางเศรษฐกิจในปัจจุบัน (Macro Environment Score) เป็นสิ่งที่น่ากังวล (Price Performance Score) เนื่องจากสภาพแวดล้อมเศรษฐกิจที่ผันผวนอย่างมาก (Macro Environment Score) และการเปลี่ยนแปลงของอัตราว่างงาน (Labor Heat Score) ทำให้เกิดความเสี่ยงที่ต้องพิจารณาอย่างรอบคอบ"
PCAR,4.0,2.0,8.0,"PCAR demonstrates concerning financial stability with a history of consistent profitability and strong cash flow, but is significantly impacted by a rapidly rising inflation environment and a bearish macroeconomic outlook.  The lack of growth and volatile price action suggests potential risks, necessitating a cautious approach."
PKG,6.0,1.0,4.0,"Packaging Corporation of America (PKG) exhibits concerning financial health with a history of exceptional growth, but significantly diminished growth over the past decade, coupled with a volatile market and a bearish macroeconomic environment.  The company's performance is negatively impacted by a rapidly increasing inflation rate and a concerning labor market.  The current price is low relative to its historical valuation, suggesting a potential risk."
PLTR,7.0,3.0,6.0,"Palantir Technologies demonstrates exceptionally strong financial performance, driven by consistent growth and robust free cash flow, despite a challenging macroeconomic environment characterized by high inflation and a significant labor market downturn.  The company's high ROE and significant growth rates suggest potential for continued success, but the bearish macro regime and SELL signal warrant cautious consideration of investment."
PANW,7.0,2.0,6.0,Palo Alto Networks มีคุณภาพทางการเงินที่ดีอย่างมาก (7) โดยมีผลตอบแทนที่สูงและอัตราส่วนที่แข็งแกร่ง (4) แต่สภาพเศรษฐกิจมหภาคที่ผันผวนอย่างรุนแรง (35.09) และความเชื่อมั่นผู้บริโภคที่ลดลง (58.2) ส่งผลให้ราคาหุ้นมีแนวโน้มลดลงอย่างรวดเร็ว (2) แม้จะมีประสิทธิภาพทางการเงินที่โดดเด่น แต่ความเสี่ยงที่เพิ่มขึ้นจากสภาพแวดล้อมทางเศรษฐกิจมหภาคทำให้การลงทุนมีความเสี่ยงสูง
PSKY,2.0,1.0,4.0,"The Paramount Skydance Corporation exhibits significant negative signals across multiple key metrics.  The company's financial health is severely compromised, with a lack of growth and profitability, exacerbated by a rapidly deteriorating macroeconomic environment.  The extreme volatility and bearish market conditions suggest a high risk of further losses.  A SELL recommendation is warranted due to the substantial downside risk."
PH,3.0,1.0,4.0,"Parker Hannifin exhibits concerning financial health with a prolonged period of negative growth and a volatile price action, amidst a significant inflationary environment and a weakening macroeconomic outlook. The extreme volatility and lack of consistent positive performance suggest a high risk profile, warranting careful consideration of investment."
PAYX,7.0,3.0,6.0,"Paychex exhibits strong financial fundamentals – consistent growth, high profitability, and a robust cash flow – amidst a challenging macroeconomic environment characterized by high inflation and a significant labor market downturn.  However, the volatile price action and negative momentum suggest potential risks, warranting cautious consideration of a SELL signal."
PAYC,7.0,2.0,6.0,"Paycom demonstrates exceptionally strong financial health with a consistent track record of growth, profitability, and robust cash flow. However, the current macroeconomic environment – characterized by significant inflation and a potential recession – warrants caution due to the bearish market regime. The company's high ROE and consistent EPS growth are positive indicators, but the volatility and potential for a bear market necessitate careful monitoring."
PYPL,7.0,3.0,6.0,"PayPal demonstrates exceptionally strong financial health with a consistent history of robust growth, high profitability, and a favorable macroeconomic environment. However, the current market conditions – characterized by significant inflation and a bear market – pose a considerable risk, warranting a cautious investment approach due to the potential for significant volatility."
PNR,4.0,1.0,8.0,"Pentair exhibits concerning financial health with a history of exceptional profitability and consistent growth, but is significantly impacted by a rapidly increasing inflation environment and a bearish market outlook. The negative momentum in the 12-month timeframe suggests potential instability, necessitating careful risk assessment."
PEP,7.0,2.0,6.0,"PepsiCo demonstrates exceptionally strong financial health and consistent growth, bolstered by a robust free cash flow and a favorable macroeconomic environment. However, the current market conditions – a significant inflationary environment and a concerning labor market – warrant caution due to the SELL signal and volatility.  The company's performance is currently under pressure, suggesting a potential shift in investor sentiment."
PFE,7.0,2.0,6.0,"Pfizer demonstrates exceptionally strong financial health and consistent growth, bolstered by a favorable macroeconomic environment. However, the current price performance is concerning, suggesting potential risks due to the aggressive growth rate and the current macroeconomic climate.  The volatility and negative momentum warrant careful monitoring."
PCG,6.0,2.0,6.0,"PG&E Corporation (PCG) exhibits concerning financial health and a challenging macroeconomic environment. Despite strong historical performance, the current economic backdrop of high inflation and a weak labor market presents significant risks. The company's high volatility and negative momentum suggest a potential for further decline, warranting a cautious investment approach."
PM,7.0,2.0,6.0,"Philip Morris International (PM) exhibits exceptionally strong financial performance over a prolonged period, demonstrating robust growth and profitability. However, the current macroeconomic environment – characterized by high inflation and a significant labor market downturn – presents considerable risks, warranting caution due to the SELL signal and bearish market outlook."
PSX,7.0,2.0,6.0,Phillips 66 มีคุณภาพทางการเงินที่ดีอย่างมาก (7) ด้วยผลตอบแทนที่สูงและอัตราการเติบโตที่โดดเด่น (8) แต่สภาพแวดล้อมเศรษฐกิจมหภาคที่ผันผวนอย่างรุนแรง (6) และราคาหุ้นที่ลดลงอย่างรวดเร็ว (2) ทำให้เกิดความเสี่ยงที่ต้องระวังเป็นพิเศษ
PNW,7.0,2.0,6.0,"Pinnacle West Capital demonstrates exceptionally strong financial health with a robust track record of consistent growth, profitability, and cash flow. However, the current macroeconomic environment – characterized by significant inflation and a recessionary outlook – presents considerable risk, necessitating a cautious investment approach. The negative momentum in the price suggests potential instability."
PNC,7.0,2.0,6.0,PNC Financial Services מציאתมีความน่าสนใจในสภาพแวดล้อมที่ท้าทายอย่างมาก โดยมีประสิทธิภาพทางการเงินที่แข็งแกร่งและผลตอบแทนที่โดดเด่น แต่สภาพแวดล้อมเศรษฐกิจมหภาคที่รุนแรงทำให้เกิดความกังวลด้านความเสี่ยงที่ต้องระวัง
POOL,4.0,2.0,8.0,"Pool Corporation demonstrates exceptionally strong financial health, exhibiting consistent profitability and robust cash flow generation over a long period. However, the current economic environment – characterized by hyperinflation and a significant labor market downturn – presents considerable risk, necessitating a cautious investment approach.  The company's performance is significantly impacted by the macroeconomic headwinds, suggesting a potential for substantial volatility."
PPG,6.0,2.0,6.0,"PPG Industries נמצאอยู่ในสภาพแวดล้อมเศรษฐกิจมหภาคที่ท้าทาย, โดยเฉพาะอย่างยิ่งภาวะเงินเฟ้อที่สูงอย่างต่อเนื่องและอัตราว่างงานที่ต่ำ ซึ่งส่งผลกระทบต่อผลการดำเนินงานและราคาหุ้นอย่างมีนัยสำคัญ การเติบโตติดต่อกันของรายได้และกำไรในระยะยาว, แม้จะยังไม่แข็งแกร่ง, และการขาดความมั่นใจของผู้บริโภคที่ลดลง ทำให้เกิดความเสี่ยงที่ต้องพิจารณาอย่างรอบคอบ การราคาหุ้นปัจจุบัน (Sell) เป็นสัญญาณเตือนให้ระวังตัวและประเมินความเสี่ยงที่อาจเกิดขึ้น"
PPL,7.0,3.0,6.0,"PPL Corporation demonstrates exceptionally strong financial health with a consistent history of robust growth, high profitability, and a favorable macroeconomic environment. However, the current market conditions – characterized by high inflation and a bear market – necessitate caution due to the potential for significant downside risk. The company's performance is currently under scrutiny, suggesting a need for careful monitoring."
PFG,6.0,2.0,6.0,"Principal Financial Group (PFG) exhibits concerning financial health with a history of robust profitability and strong cash flow, but faces significant headwinds from a rapidly accelerating inflation environment and a bearish macroeconomic outlook.  The company's growth is slowing considerably, and its valuation is significantly impacted by a potential market downturn, warranting cautious investment consideration."
PG,7.0,2.0,6.0,"PG demonstrates exceptionally strong financial health and consistent growth, bolstered by a robust free cash flow and a favorable macroeconomic environment. However, the current market conditions and volatility warrant caution, suggesting a potential bear market trend.  The company's performance is currently being evaluated as a potential risk due to the current macroeconomic environment."
PGR,7.0,2.0,6.0,"PGR exhibits exceptionally strong financial performance over a long period, demonstrating robust growth and consistent profitability. However, the current macroeconomic environment – characterized by high inflation and a significant labor market downturn – presents considerable risk, warranting a cautious approach to investment due to the bearish market regime."
PLD,7.0,3.0,6.0,Prologisแสดงให้เห็นถึงความแข็งแกร่งทางการเงินอย่างมากในสภาพแวดล้อมเศรษฐกิจที่ผันผวน โดยมีผลตอบแทนที่สูงและ ROE ที่โดดเด่น แต่สภาพตลาดที่รุนแรงและอัตราเงินเฟ้อที่สูงขึ้นทำให้เกิดความกังวลด้านความเสี่ยงที่ต้องระวัง
PRU,7.0,3.0,6.0,"Prudential Financial demonstrates exceptionally strong financial health, exhibiting robust growth and consistent profitability over a long period. However, the current macroeconomic environment – characterized by significant inflation and a recessionary outlook – presents considerable risk, warranting a cautious approach to the stock.  The negative momentum in the price suggests potential instability."
PEG,7.0,2.0,6.0,"The PEG Utility Group (PEG) exhibits exceptionally strong financial health, demonstrating robust growth, consistent profitability, and a favorable cash flow position. However, the current market environment – characterized by high inflation and a weakening economy – warrants caution due to the significant negative impact on its valuation.  The bearish market regime and SELL signal suggest a high risk of further decline."
PTC,7.0,3.0,6.0,"PTC Inc. demonstrates exceptionally strong financial health, exhibiting robust growth and consistent profitability over a long period. However, the current macroeconomic environment – characterized by high inflation and a weakening labor market – presents significant risks, warranting cautious investment consideration.  The stock's valuation is currently low, suggesting potential for a significant correction."
PSA,6.0,1.0,4.0,"PSA faces significant headwinds due to a hyperinflationary environment and a deteriorating macroeconomic outlook. While the company demonstrates strong financial stability and consistent growth over a long period, the current market conditions and volatility suggest a high risk of further decline, necessitating a cautious investment approach."
PHM,6.0,1.0,6.0,"PulteGroup (PHM) exhibits concerning financial health with a strong historical track record, but is significantly impacted by a rapidly increasing inflationary environment and a bearish macroeconomic outlook.  The company's high growth rate, coupled with a significant risk signal, warrants careful consideration before investing."
PWR,7.0,2.0,6.0,PWR (Quanta Services) เป็นหุ้นที่น่าสนใจในบริบทของสภาพเศรษฐกิจที่ผันผวนอย่างรุนแรง โดยมีประสิทธิภาพทางการเงินที่แข็งแกร่งและผลตอบแทนที่สูงมาก แต่สภาพแวดล้อมทางเศรษฐกิจมหภาคที่ท้าทายทำให้เกิดความกังวลเรื่องการเติบโตในระยะยาว แม้จะมี ROE และ EPS ที่สูง แต่ความผันผวนของราคาหุ้นและสภาพคล่องที่ลดลงบ่งบอกถึงความเสี่ยงที่ต้องพิจารณา
QCOM,4.0,1.0,4.0,"QCOM, a leading chip manufacturer, faces significant headwinds due to a hyper-inflationary environment and a weak macroeconomic outlook.  The company's financial performance is severely hampered by a lack of growth and profitability, while its valuation is significantly depressed, suggesting a high risk of further decline.  The bearish market conditions amplify these concerns."
DGX,7.0,2.0,6.0,Quest Diagnostics มีคุณภาพทางการเงินที่ดีอย่างมาก ด้วยผลตอบแทนที่สูงและอัตรากำไรที่แข็งแกร่งในระยะยาว แต่สภาพเศรษฐกิจมหภาคที่ผันผวนและอัตราเงินเฟ้อที่สูงส่งผลกระทบต่อผลการดำเนินงาน ทำให้มีความเสี่ยงที่ต้องระวังเป็นพิเศษ
Q,6.0,1.0,4.0,"Qnity Electronics exhibits exceptionally strong financial performance, driven by consistent growth and profitability, but is currently facing a challenging macroeconomic environment characterized by high inflation and a significant economic downturn. The negative price performance and SELL signal suggest a high level of risk and potential for further decline, warranting careful consideration before investing."
RL,6.0,2.0,8.0,"RL Corporation demonstrates strong financial stability with a consistent history of profitability and growth, but faces significant headwinds due to a rapidly accelerating inflation environment and a bearish macroeconomic outlook.  The lack of growth and the volatile market suggest a high risk profile, warranting a SELL recommendation with caution."
RJF,3.0,1.0,4.0,"RJF, a financial services firm, exhibits concerning negative trends across multiple key metrics. The exceptionally low growth, combined with a volatile market and a bear market environment, warrants significant caution.  The firm's financial quality appears fragile, and its performance is severely hampered by macroeconomic headwinds."
RTX,7.0,3.0,6.0,RTX Corporation มีคุณภาพทางการเงินที่ดีอย่างโดดเด่นด้วยผลตอบแทนที่สูงและอัตราการเติบโตที่แข็งแกร่งในระยะยาว โดยสภาพแวดล้อมเศรษฐกิจมหภาคที่กำลังทวีความรุนแรงและอัตราว่างงานที่ต่ำ ช่วยสนับสนุนการเติบโตของบริษัท แต่ความผันผวนของราคาหุ้นที่สูงขึ้นและแนวโน้มการเติบโตที่ชะลอตัวอาจเป็นสัญญาณเตือนให้ระวังตัว
O,7.0,3.0,6.0,"Realty Income exhibits exceptionally strong financial performance, driven by consistent growth and robust free cash flow, but is currently facing a challenging macroeconomic environment characterized by high inflation and a potential recessionary outlook. The SELL signal suggests caution due to the bearish macro regime and the negative momentum, warranting careful consideration of the investment's risk profile."
REG,6.0,1.0,4.0,"Regency Centers demonstrates strong financial stability and consistent performance, but faces significant headwinds due to a rapidly accelerating inflation environment and a bearish macroeconomic outlook. The negative momentum in the price suggests potential vulnerability to market corrections."
REGN,7.0,3.0,6.0,"Regeneron demonstrates exceptionally strong financial health and consistent growth, bolstered by a robust free cash flow and a favorable macroeconomic environment. However, the bearish market conditions and increasing inflation pose significant risks, warranting cautious investment consideration."
RF,7.0,3.0,6.0,"RF Corporation demonstrates exceptionally strong financial health and consistent growth, bolstered by a robust free cash flow and ROE. However, the current macroeconomic environment – characterized by high inflation and a significant labor market downturn – presents considerable risk, warranting cautious investment consideration due to the SELL signal and volatility."
RSG,4.0,1.0,8.0,"Republic Services faces significant headwinds due to a hyperinflationary environment and a deteriorating macroeconomic outlook. The company demonstrates strong financial stability (high ROE, cash flow) but growth is severely hampered by a lack of profitability and a volatile market.  The SELL signal suggests a high risk of further decline, exacerbated by the bearish macro environment."
RMD,4.0,1.0,8.0,"RMD faces significant headwinds due to a severe macroeconomic environment characterized by hyperinflation and a significant labor market downturn. The company's strong financial performance over a long period, coupled with a relatively low volatility, is currently undermined by a concerning lack of growth and a downward trend in price, suggesting a potential risk."
RVTY,4.0,1.0,4.0,"The RVTY stock presents a concerning profile given the extreme macroeconomic environment.  The company's financial performance is exceptionally strong, but the rapidly accelerating inflation and bearish market conditions significantly raise red flags.  The lack of growth and profitability, coupled with the volatile market, warrants caution and suggests a potential downturn."
HOOD,7.0,3.0,6.0,"Robinhood Markets (HOOD) demonstrates exceptionally strong financial performance, driven by consistent growth and profitability, but faces a challenging macroeconomic environment characterized by high inflation and a significant labor market downturn.  The SELL signal suggests a potential risk, warranting careful consideration of the investment's long-term prospects in light of the current market conditions."
ROK,6.0,1.0,6.0,"Rockwell Automation exhibits exceptionally strong financial health, driven by consistent growth and robust profitability, but faces a challenging macroeconomic environment characterized by high inflation and a significant labor market downturn.  The stock's high volatility and lack of recent growth suggest potential risks, warranting careful consideration before investing."
ROL,7.0,3.0,6.0,"Rolls, Inc. exhibits exceptionally strong financial health with a consistent history of robust growth, impressive profitability, and a favorable macroeconomic environment. However, the current volatility and SELL signal warrant caution, suggesting potential headwinds requiring careful monitoring.  The high growth rate, coupled with a strong ROE and cash flow, is attractive, but the bear market conditions and elevated volatility raise concerns about long-term sustainability."
ROP,6.0,2.0,6.0,"ROP is exhibiting exceptionally strong financial performance, driven by consistent growth and profitability, but the current market environment – characterized by high inflation and a bear market – presents significant risks. The high growth rate, combined with a potentially unsustainable valuation, warrants careful consideration, suggesting a SELL recommendation due to increased volatility."
ROST,7.0,3.0,6.0,"Ross Stores demonstrates exceptionally strong financial health and consistent growth, bolstered by a favorable macroeconomic environment. However, the bearish market conditions and elevated inflation rate warrant caution regarding the stock's potential for further decline.  The high growth rate and strong fundamentals suggest potential upside, but the volatility and risk profile necessitate careful consideration before investing."
RCL,7.0,2.0,6.0,"RCL is exhibiting exceptionally strong financial performance, driven by consistent growth and profitability, but the current macroeconomic environment – characterized by high inflation and a potential recession – warrants caution. The high volatility and sell signal suggest a significant risk, while the strong fundamentals and consistent growth rate are encouraging, but the bear market conditions necessitate careful monitoring."
SPGI,7.0,3.0,6.0,"SPGI demonstrates exceptionally strong financial health and consistent growth, but the current macroeconomic environment – characterized by high inflation and a weakening labor market – presents significant risks. The 1.55 Growth Score, 17.8% CAGR, and 4.3% EPS growth are encouraging, but the 25.7% volatility and SELL signal warrant caution. The Bear Market macro regime adds to the uncertainty."
CRM,7.0,2.0,6.0,"CRM demonstrates exceptionally strong financial health and consistent growth, bolstered by a robust free cash flow and a high ROE. However, the current macroeconomic environment – characterized by high inflation and a significant labor market downturn – presents considerable risk, necessitating a cautious investment approach due to the bearish market regime."
SBAC,7.0,2.0,6.0,SBAC มีคุณภาพทางการเงินที่ดีอย่างมาก (7) ด้วยผลตอบแทนที่สูงและอัตราส่วนที่แข็งแกร่ง (7) แต่สภาพแวดล้อมเศรษฐกิจมหภาคที่ผันผวนอย่างรุนแรง (6) และราคาปัจจุบันที่ต่ำกว่าค่าเฉลี่ย (2) ทำให้มีความเสี่ยงสูงและควรระมัดระวังการลงทุน
SLB,6.0,1.0,6.0,"SLB, a leading energy services company, exhibits concerning financial stability and growth, significantly hampered by a deteriorating macroeconomic environment and a volatile market.  Despite strong historical performance, the current situation presents significant risks due to the extreme inflation and bearish market conditions, warranting a cautious sell recommendation."
STX,7.0,3.0,6.0,"Seagate Technology demonstrates exceptionally strong financial health with a consistent history of robust growth, high profitability, and a favorable macroeconomic environment. However, the current market conditions – a significant inflationary environment and a bearish market – warrant caution due to the potential for further volatility and a potential shift towards a bear market."
SRE,6.0,1.0,4.0,"Sempra exhibits concerning financial health with a history of exceptional growth and profitability, but is significantly impacted by a rapidly increasing inflation environment and a bearish macroeconomic outlook.  The negative momentum in price suggests potential vulnerability, requiring careful monitoring."
NOW,7.0,2.0,4.0,"ServiceNow, a leading IT services company, exhibits exceptionally strong financial health with a remarkable track record of consistent growth, high profitability, and robust free cash flow. However, the current macroeconomic environment – characterized by hyperinflation and a significant labor market downturn – presents considerable risk, necessitating a cautious investment approach due to the bearish market regime."
SHW,7.0,3.0,6.0,"Sherwin-Williams demonstrates exceptionally strong financial health and consistent growth, bolstered by a robust free cash flow and a high ROE. However, the current macroeconomic environment – characterized by significant inflation and a weakening labor market – presents a significant risk, warranting cautious investment consideration due to the bearish market regime."
SPG,7.0,3.0,6.0,"Simon Property Group exhibits strong financial health with a consistent history of robust growth, impressive profitability, and a favorable macroeconomic environment. However, the current market conditions – characterized by high inflation and a bear market – warrant caution due to the SELL signal and volatility.  The 10-year ROE and 9-year EPS growth are particularly noteworthy, suggesting a potentially resilient business."
SWKS,7.0,2.0,6.0,"Skyworks Solutions (SWKS) exhibits exceptionally strong financial health, demonstrating robust growth and consistent profitability over a long period. However, the current macroeconomic environment – characterized by high inflation and a significant labor market downturn – presents considerable risk, warranting caution with a SELL signal and a bearish outlook."
SJM,3.0,1.0,8.0,"SJM, a consumer staples company, faces significant headwinds due to a severe inflationary environment and a bearish macroeconomic outlook.  The company's poor financial performance, coupled with a declining market capitalization and a lack of growth, warrants careful consideration.  The extreme volatility and negative momentum suggest a high risk of further decline."
SW,3.0,1.0,4.0,"SW is exhibiting significant negative trends across multiple financial metrics, reflecting a challenging macroeconomic environment.  The company's poor financial performance, coupled with a volatile market, warrants caution and suggests a potential downturn.  The bearish market conditions exacerbate existing concerns about the company's long-term prospects."
SNA,7.0,3.0,6.0,Snap-on มีคุณภาพทางการเงินที่ดีอย่างมาก โดยมีผลประกอบการที่แข็งแกร่งและอัตราการเติบโตที่สูงมากในระยะยาว แม้ว่าสภาพเศรษฐกิจมหภาคจะอยู่ในช่วงที่ท้าทาย แต่หุ้นยังคงมีศักยภาพในการเติบโตอย่างต่อเนื่อง โดยมีผลตอบแทนที่สูงและราคาที่ปรับตัวตามสภาพตลาดที่ผันผวน
SOLV,4.0,1.0,4.0,"Solv เป็นหุ้นที่มีความน่าสนใจน้อยมาก เนื่องจากมีแนวโน้มการเติบโตที่ต่ำมาก, สภาพเศรษฐกิจมหภาคที่อยู่ในภาวะถดถอย (CPI, GDP ต่ำ), และราคาปัจจุบันต่ำกว่าค่าเฉลี่ยที่น่าสนใจอย่างมาก ทำให้มีความเสี่ยงสูงและควรระวังการลงทุน"
SO,6.0,2.0,6.0,"Southern Company demonstrates exceptionally strong financial health and consistent growth, but faces a challenging macroeconomic environment characterized by significant inflation and a potential recession. The high volatility and negative momentum suggest a significant risk, warranting cautious investment consideration."
LUV,4.0,1.0,8.0,"SW southwest Airlines exhibits concerning financial health with a history of exceptional growth, but significantly hampered by a volatile and pessimistic macroeconomic environment.  The company's performance is severely impacted by a rapidly increasing inflation rate and a declining consumer confidence, creating a high risk of further losses."
SWK,4.0,1.0,4.0,"Stanley Black & Decker exhibits concerning financial health with a prolonged period of profitability, but significantly diminished growth and a volatile market. The macroeconomic environment is characterized by high inflation and a recessionary outlook, negatively impacting investor confidence.  The stock's performance is currently underperforming, suggesting a potential risk."
SBUX,6.0,1.0,6.0,"Starbucks faces significant headwinds due to a rapidly accelerating inflation environment, coupled with a concerning economic downturn. While the company demonstrates robust financial performance over a long period, the current macroeconomic conditions and a declining growth rate raise concerns about its long-term viability.  The SELL signal suggests a potential risk, warranting careful monitoring."
STT,7.0,3.0,6.0,"State Street Corporation demonstrates exceptionally strong financial health and consistent growth, bolstered by a robust free cash flow and a high ROE. However, the current macroeconomic environment – characterized by high inflation and a significant labor market downturn – presents a significant risk, warranting a cautious approach with a SELL recommendation due to volatility."
STLD,7.0,3.0,6.0,"Steel Dynamics (STLD) exhibits exceptionally strong financial health, demonstrating robust growth and consistent profitability over a long period. However, the current macroeconomic environment – characterized by high inflation and a potential recession – presents significant risks, warranting cautious investment consideration.  The company's high ROE and cash flow generation are reassuring, but the volatile market and inflationary pressures necessitate careful monitoring."
STE,7.0,2.0,6.0,"Steris demonstrates exceptionally strong financial health and consistent growth, bolstered by a robust free cash flow and a high ROE. However, the current macroeconomic environment – characterized by significant inflation and a recessionary outlook – presents considerable risk, necessitating a cautious investment approach due to the bearish market regime."
SYK,6.0,2.0,6.0,"Stryker Corporation demonstrates strong financial stability and consistent growth over a long period, but faces significant headwinds from a rapidly increasing inflation environment and a concerning macroeconomic downturn.  The negative momentum in price performance suggests potential vulnerability to broader market concerns."
SMCI,4.0,1.0,2.0,"Supermicro faces significant headwinds due to a severe macroeconomic environment characterized by hyperinflation and a significant labor market downturn. The company's financial performance is exceptionally poor, with a near-zero growth rate and a volatile stock price, suggesting a high risk of further decline.  The bearish market conditions exacerbate these concerns."
SYF,7.0,2.0,6.0,"Synchrony Financial exhibits exceptionally strong financial health, demonstrating robust growth and consistent profitability over a long period. However, the current macroeconomic environment – characterized by significant inflation and a potential recession – warrants caution due to the bearish market regime.  The company's performance is currently under pressure, suggesting a potential shift in investor sentiment."
SNPS,4.0,2.0,8.0,"Synopsys, despite a strong historical track record, faces significant headwinds due to a rapidly deteriorating macroeconomic environment and a concerning lack of growth. The extreme inflation, coupled with a weak labor market and a bearish market outlook, presents substantial risks to the company's long-term viability.  The negative momentum in the price suggests a potential downturn, requiring careful monitoring."
SYY,7.0,2.0,6.0,"Sysco demonstrates exceptionally strong financial health with a sustained history of robust earnings, high free cash flow, and impressive ROE. However, the current macroeconomic environment – characterized by significant inflation and a weakening labor market – presents considerable risk, necessitating a cautious approach to the stock.  The negative momentum in the price suggests potential instability."
TMUS,6.0,1.0,4.0,"TMUS exhibits exceptionally strong financial performance over a long period, but its growth trajectory has been severely hampered by a rapidly increasing inflation environment. The bearish macro regime and significant volatility suggest a high risk of further decline.  The negative momentum suggests a concerning trend, warranting careful consideration before investing."
TROW,7.0,3.0,6.0,"T. Rowe Price exhibits exceptionally strong financial health and consistent performance, particularly in a challenging macroeconomic environment.  Despite a significant economic downturn, the company demonstrates robust profitability and a resilient business model. However, the bearish macro environment and a SELL signal suggest heightened risk, warranting careful monitoring."
TTWO,4.0,1.0,4.0,"The Take-Two Interactive (TTWO) stock presents a concerning picture given the extreme macro environment.  The company exhibits significant financial distress, with a near-zero growth rate and a volatile price.  The current market conditions – a hyper-inflationary CPI and a recessionary outlook – exacerbate these issues, suggesting a high risk of further decline.  The Sell signal highlights a significant concern regarding the company's long-term viability."
TPR,6.0,1.0,4.0,"Tapestry, Inc. exhibits concerning financial health with a history of consistent profitability and strong cash flow, but the negative macroeconomic environment and a significant decline in growth suggest a high risk of further deterioration. The bearish market conditions and inflationary pressures are particularly worrisome, demanding careful consideration of the company's long-term prospects."
TRGP,4.0,1.0,4.0,"The TRGP stock exhibits concerning negative signals across multiple dimensions.  The exceptionally low financial quality, coupled with a severely negative macroeconomic outlook and a volatile market, warrants extreme caution.  The lack of growth and profitability, combined with the severe inflation and economic downturn, suggests a significant risk."
TGT,6.0,1.0,4.0,"Target Corporation exhibits exceptionally strong financial stability and consistent performance, but faces significant headwinds driven by a rapidly accelerating inflation environment and a concerning macroeconomic outlook.  The company's high growth rate is significantly diminished by the current economic climate, suggesting a potential vulnerability to market downturns.  The SELL signal highlights a high level of risk associated with this investment."
TEL,7.0,3.0,6.0,"TE Connectivity มีคุณภาพทางการเงินที่ดีอย่างมาก, มีการเติบโตที่แข็งแกร่งและผลตอบแทนที่สูงมากในระยะยาว, แต่สภาพเศรษฐกิจมหภาคที่ผันผวนและอัตราเงินเฟ้อสูงทำให้เกิดความเสี่ยงที่ต้องระวังเป็นพิเศษ และราคาหุ้นปัจจุบันอยู่ในระดับที่น่าสนใจเมื่อเทียบกับความเสี่ยงที่ยอมรับได้"
TDY,7.0,3.0,6.0,"TDY exhibits exceptionally strong financial performance, driven by consistent growth and robust free cash flow. However, the current macroeconomic environment – characterized by high inflation and a significant labor market downturn – presents considerable risk, warranting a cautious approach to the stock.  The bearish market conditions exacerbate these concerns, suggesting a potential for further price declines."
TER,7.0,3.0,6.0,"TER exhibits exceptionally strong financial performance, driven by consistent growth and profitability across multiple years. However, the current macroeconomic environment – characterized by hyperinflation and a significant labor market downturn – presents considerable risk, warranting a cautious investment approach.  The volatile market and low momentum suggest potential for significant price declines."
TSLA,7.0,2.0,6.0,"Tesla demonstrates exceptionally strong financial performance and growth, driven by a robust and consistently expanding business model, despite a challenging macroeconomic environment characterized by high inflation and a significant labor market downturn. However, the current price action suggests heightened risk due to the bear market conditions and a potential shift in investor sentiment, warranting careful consideration of SELL-based investment strategy."
TXN,7.0,3.0,6.0,"Texas Instruments (TXN) demonstrates strong financial health with a consistent history of growth and profitability, bolstered by a robust free cash flow and a high ROE. However, the current macroeconomic environment – characterized by high inflation and a weakening labor market – presents significant risks, leading to a SELL recommendation due to potential volatility and a bearish market outlook."
TPL,7.0,2.0,6.0,"Texas Pacific Land Corporation (TPL) exhibits exceptionally strong financial health, demonstrating consistent and robust growth across multiple metrics, particularly in a challenging macroeconomic environment. However, the volatile market and bearish macro regime warrant caution, suggesting potential for significant downside risk.  The high growth rate and strong fundamentals are currently overshadowed by the significant inflationary pressures and market downturn."
TXT,6.0,1.0,6.0,"텍스톤(TXT)은 극심한 경제 불확실성 속에서 9년 연속 괄목할 만한 수익성을 기록하며, 높은 ROE와 Free Cash Flow를 보여주지만, 현재 시장 상황과 경제 상황을 고려했을 때 투자 위험도가 높습니다.  실제 성장률은 0년 이상으로, 현재 시장 상황에 대한 우려가 제기됩니다.  현재는 SELL 신호로 판단하며, 시장 상황 변화에 대한 주의가 필요합니다."
TMO,6.0,2.0,6.0,"Thermo Fisher Scientific exhibits exceptionally strong financial performance over a long period, demonstrating robust profitability and consistent growth. However, the current market environment – characterized by significant inflation and a weakening economy – presents considerable risk, warranting a cautious investment approach due to the bearish macro regime."
TJX,7.0,2.0,6.0,TJX Companies מציאתหุ้นที่น่าสนใจในสภาพแวดล้อมเศรษฐกิจที่ผันผวนอย่างมาก โดยมีประสิทธิภาพทางการเงินที่แข็งแกร่งและผลตอบแทนที่สูง แต่การเติบโตของรายได้และกำไรที่ต่อเนื่องในระยะยาวถูกจำกัดโดยภาวะเงินเฟ้อที่สูงขึ้นอย่างรวดเร็ว ซึ่งส่งผลกระทบต่อความเชื่อมั่นของผู้บริโภค ทำให้เกิดสัญญาณเตือนถึงการปรับตัวของบริษัท
TKO,4.0,1.0,6.0,"The TKO Group Holdings exhibits concerning financial health with a history of consistently strong performance, but significantly hampered by a volatile and potentially unsustainable macroeconomic environment.  The extreme inflation and economic downturn pose significant risks, while the lack of growth and profitability warrants caution.  The current price action suggests a potential for further decline, requiring careful consideration of the investment strategy."
TTD,7.0,2.0,6.0,"Trade Desk demonstrates exceptionally strong financial health and consistent growth, bolstered by a robust free cash flow and ROE. However, the current macroeconomic environment – characterized by high inflation and a significant labor market downturn – presents considerable risk, warranting a cautious investment approach due to the bearish market regime."
TSCO,4.0,1.0,8.0,"TSCO demonstrates concerning financial health with a history of consistent profitability and strong cash flow, but faces significant headwinds from a rapidly rising inflation environment and a weakening consumer confidence. The bearish macro regime and negative momentum suggest a high risk of further decline, making this a potentially risky investment."
TT,4.0,1.0,4.0,หุ้น TT มีคุณภาพทางการเงินค่อนข้างดี (Financial Quality Score 4) แต่การเติบโตและผลตอบแทนที่สูงมาก (Growth Score 1) ในสภาพแวดล้อมเศรษฐกิจมหภาคที่ท้าทายอย่างรุนแรง (Macro Environment Score 4) และราคาปัจจุบันที่ต่ำกว่าค่าเฉลี่ย (Price Performance Score 1) ทำให้มีความเสี่ยงสูง (Sell - Watch Out) และควรระมัดระวังการลงทุน
TDG,6.0,2.0,8.0,"TDG demonstrates exceptionally strong financial health with a consistent history of growth and profitability, but faces a challenging macroeconomic environment characterized by high inflation and a potential bear market.  The high volatility and relatively low growth rate suggest potential risks, warranting careful consideration before investing."
TRV,7.0,2.0,6.0,"Travelers Companies (TRV) exhibits exceptionally strong financial performance, demonstrating robust growth and consistent profitability over a long period. However, the current macroeconomic environment – characterized by significant inflation and a recessionary outlook – presents heightened risk, warranting a cautious investment approach due to the bearish market regime."
TRMB,7.0,2.0,6.0,"Trimbue Inc. demonstrates exceptionally strong financial health with a consistent history of robust growth, high profitability, and a favorable macroeconomic environment. However, the current market conditions – characterized by significant inflation and a bear market – necessitate caution due to the potential for significant downside risk.  The company's high ROE and cash flow generation are reassuring, but the volatile market and potential for increased inflation demand careful monitoring."
TFC,7.0,3.0,6.0,"TFC exhibits exceptionally strong financial performance, driven by consistent growth and profitability, but faces significant headwinds from a rapidly inflationary environment and a concerning macroeconomic outlook.  The SELL signal suggests a potential risk, warranting careful monitoring of the company's resilience against these pressures."
TYL,7.0,3.0,6.0,"Tyler Technologies (TYL) demonstrates exceptionally strong financial health with a consistent history of robust growth, high profitability, and a favorable macroeconomic environment. However, the current market conditions – characterized by significant inflation and a bear market – warrant caution due to the potential for further volatility. The company's growth rate is currently slowing, suggesting a need for strategic adjustments."
TSN,4.0,2.0,8.0,"Tyson Foods (TSN) exhibits concerning financial health with a prolonged period of profitability and strong cash flow, but the current macroeconomic environment – characterized by high inflation and a significant labor shortage – presents significant risks. The negative momentum in the stock price suggests a potential downturn, warranting careful consideration of the investment strategy."
USB,7.0,2.0,6.0,"USB Bancorp demonstrates exceptionally strong financial health with a sustained history of robust growth, impressive profitability, and a favorable macroeconomic environment. However, the current market conditions – characterized by high inflation and a bear market – necessitate caution due to the potential for further deterioration.  The company's performance is currently under scrutiny, suggesting a potential risk."
UBER,7.0,3.0,6.0,"Uber exhibits exceptionally strong financial performance, demonstrating robust growth and consistent profitability over a prolonged period. However, the current market environment – characterized by high inflation and a concerning economic downturn – warrants caution due to the bearish macro regime.  The stock's high volatility and relatively low momentum suggest potential risks."
UDR,7.0,2.0,6.0,"UDR, Inc. demonstrates exceptionally strong financial health and consistent growth, bolstered by a robust free cash flow and a high ROE. However, the current macroeconomic environment – characterized by high inflation and a significant labor market downturn – presents a significant risk, warranting a cautious approach due to the bearish market regime."
ULTA,4.0,1.0,8.0,"ULTA Beauty (Symbol: ULTA) exhibits concerning financial health with a significant lack of growth and a volatile market, exacerbated by a rapidly increasing inflation environment.  The company's performance is severely hampered by a bear market and a concerning lack of fundamental strength, suggesting a high risk of further decline."
UNP,6.0,2.0,8.0,"Union Pacific Corporation (UNP) exhibits concerning financial health under a volatile and inflationary economic environment. While demonstrating strong historical performance, the current macroeconomic conditions – particularly high inflation – pose significant risks. The company's growth is slowing considerably, and its profitability is under pressure, suggesting a potential downturn.  The SELL signal highlights a need for careful risk management due to the bearish market outlook."
UAL,4.0,1.0,8.0,"UAL faces significant headwinds due to a severe macroeconomic environment characterized by hyperinflation, a high unemployment rate, and a declining consumer confidence. The company's financial metrics are deeply troubled, with a lack of growth and profitability, and its stock price is currently trading at a significant discount, suggesting a high risk of further decline."
UPS,7.0,3.0,6.0,"UPS exhibits exceptionally strong financial performance, driven by consistent growth and robust cash flow, despite a challenging macroeconomic environment characterized by high inflation and a declining GDP.  The negative momentum in the stock price suggests potential risks, warranting careful consideration of the investment."
URI,7.0,2.0,6.0,"The United Rentals stock exhibits concerning characteristics given the current macroeconomic environment. While exhibiting strong historical financial performance, the rapidly increasing inflation and bear market conditions raise significant red flags. The high growth rate and ROE suggest potential, but the volatile market and SELL signal warrant caution.  The negative momentum suggests a potential downturn."
UNH,6.0,2.0,6.0,"UnitedHealth Group (UNH) exhibits concerning financial health under a volatile and inflationary environment. While demonstrating strong historical performance, the current macroeconomic conditions – particularly high inflation and a slowing GDP – pose significant risks. The company's growth is hampered by a declining investment signal and a volatile market, suggesting potential for further losses.  The negative momentum in the 12-month timeframe warrants careful monitoring."
UHS,7.0,3.0,6.0,"UHS exhibits exceptionally strong financial health with a consistent track record of robust growth, high profitability, and a favorable macroeconomic environment. However, the current market conditions – characterized by significant inflation and a bear market – necessitate caution due to the elevated volatility and potential for significant downside risk.  The company's performance is currently under scrutiny given the challenging macroeconomic backdrop."
VLO,7.0,3.0,6.0,"Valero Energy exhibits exceptionally strong financial health, demonstrating consistent growth and profitability over a long period. However, the current macroeconomic environment – characterized by high inflation and a significant labor market downturn – presents considerable risk, warranting cautious investment consideration. The company's performance is currently being negatively impacted by the prevailing market conditions, suggesting a potential for further decline."
VTR,4.0,1.0,4.0,"VTR exhibits concerning financial health with a prolonged period of profitability, but significantly hampered by a rapidly increasing inflation environment and a bearish macroeconomic outlook. The lack of growth and a volatile price suggest significant risk, warranting careful consideration before investing."
VLTO,6.0,1.0,6.0,"Veralto (VLTO) exhibits concerning financial health with a highly consistent, albeit negative, growth trajectory, amidst a severe inflationary environment and a bearish market. The company's ROE is significantly impacted by the current macroeconomic conditions, suggesting potential instability.  The SELL signal highlights significant risk due to the volatile market and the lack of positive growth prospects."
VRSN,6.0,2.0,6.0,"VRSN exhibits concerning financial stability with a strong historical track record, but faces significant headwinds due to a rapidly increasing inflation environment and a bearish macroeconomic outlook.  The high volatility and lack of consistent growth suggest potential risks, warranting careful consideration before investing."
VRSK,7.0,3.0,6.0,"VRSK demonstrates exceptionally strong financial health, exhibiting robust growth and consistent profitability over a long period. However, the current market environment – characterized by significant inflation and a potential recession – warrants caution due to the bearish macro regime.  The stock's high growth and positive ROE are currently overshadowed by the concerning macroeconomic outlook."
VZ,7.0,2.0,6.0,"Verizon exhibits exceptionally strong financial health, demonstrating robust growth and consistent profitability over a long period. However, the current macroeconomic environment – characterized by high inflation and a slowing economy – presents significant risks, warranting cautious investment consideration.  The company's performance is negatively impacted by the bear market and volatility, suggesting a potential for further decline."
VRTX,7.0,2.0,6.0,"Vertex Pharmaceuticals demonstrates exceptionally strong financial health with a consistent history of robust growth, high profitability, and a favorable macroeconomic environment. However, the current market conditions – a significant inflationary environment and a concerning labor market – warrant caution due to the bearish macro regime.  The stock's price performance is currently weak, suggesting potential vulnerability."
VTRS,4.0,1.0,2.0,"Viatris exhibits concerning financial health with a significant decline in profitability and growth, amidst a rapidly inflationary environment and a bearish market outlook. The company's valuation is also significantly impacted by a substantial loss in value, suggesting a high risk profile."
VICI,6.0,1.0,4.0,"Vici Properties exhibits concerning financial stability with a strong historical track record, but is significantly impacted by a rapidly increasing inflationary environment and a bearish macroeconomic outlook.  The company's growth is severely hampered by a volatile market and a lack of recent profitability, suggesting a high risk profile."
V,6.0,2.0,8.0,"V (Visa) exhibits concerning financial health under a volatile and inflationary economic environment. Despite a long history of profitability and strong cash flow, the company's recent growth has stalled, and its ROE is declining. The bearish macroeconomic outlook, coupled with a high inflation rate and a concerning labor market, presents significant risks, leading to a SELL recommendation with caution."
VST,7.0,3.0,6.0,"Vistra Corp. demonstrates exceptionally strong financial performance, exhibiting robust growth and consistent profitability over a long period, despite a challenging macroeconomic environment characterized by high inflation and a significant labor market slowdown.  The SELL signal suggests a potential risk, warranting careful consideration of the investment's long-term prospects in light of the bearish macro regime."
VMC,7.0,3.0,6.0,"Vulcan Materials demonstrates exceptionally strong financial health and consistent growth, bolstered by a robust free cash flow and a high ROE. However, the current macroeconomic environment – characterized by significant inflation and a weakening labor market – presents a significant risk, warranting a cautious investment approach due to the bearish market regime."
WRB,7.0,3.0,6.0,"W. R. Berkley Corporation demonstrates exceptionally strong financial health, exhibiting robust growth and consistent profitability over a long period. However, the current macroeconomic environment – characterized by significant inflation and a recessionary outlook – presents a significant risk, warranting cautious investment consideration.  The company's performance is currently under pressure due to the challenging economic climate, necessitating careful evaluation of its long-term sustainability."
GWW,6.0,1.0,6.0,"W. W. Grainger (GWW) exhibits concerning financial health with a strong, consistent history of growth and profitability, but is significantly impacted by a rapidly increasing inflation environment and a bearish market outlook.  The company's valuation is low, suggesting a high risk of further decline, particularly given the macroeconomic headwinds."
WAB,6.0,1.0,4.0,"Wabtec exhibits concerning financial health with a history of exceptional growth, but is significantly impacted by a rapidly increasing inflationary environment and a bearish macroeconomic outlook.  The company's performance is under threat due to the severe economic pressures and a lack of sustainable growth."
WMT,7.0,2.0,6.0,"Walmart demonstrates exceptionally strong financial health, exhibiting robust growth, consistent profitability, and a favorable macroeconomic environment. However, the current market conditions suggest caution due to the elevated inflation rate and bear market sentiment.  The high ROE and cash flow generation are positive indicators, but the SELL signal and volatility warrant careful monitoring."
DIS,4.0,1.0,4.0,"DIS faces significant headwinds due to a persistently weak macroeconomic environment, characterized by hyperinflation, declining consumer confidence, and a bear market. The company's financial performance is severely impacted by this backdrop, suggesting a high risk of further decline.  The lack of growth and profitability, coupled with the bearish market, warrants caution."
WBD,3.0,1.0,4.0,"WBD faces significant headwinds due to a severe macroeconomic environment characterized by hyperinflation, declining GDP, and a significant drop in consumer confidence. The company's financial health is severely compromised, with a lack of growth and profitability, and its stock is currently trading at a significant loss, suggesting a high risk of further decline."
WM,6.0,1.0,6.0,"WM is exhibiting exceptionally strong financial health, demonstrating consistent profitability and robust free cash flow, but the current market environment – characterized by hyperinflation and a significant economic downturn – presents considerable risk. The negative momentum in the price suggests a potential shift towards a bear market, requiring careful consideration of the company's long-term prospects."
WAT,7.0,3.0,6.0,"Waters Corporation demonstrates exceptionally strong financial health with a consistent history of robust growth, high profitability, and favorable macroeconomic conditions. However, the current market environment – characterized by significant inflation and a bear market – warrants caution due to the potential for further volatility.  The company's high ROE and cash flow generation are positive indicators, but the elevated volatility and inflationary pressures necessitate careful monitoring."
WEC,6.0,1.0,4.0,"WEC Energy Group demonstrates exceptionally strong financial performance over a long period, exhibiting robust growth and consistent profitability despite a challenging macroeconomic environment. However, the company's growth is significantly impacted by a rapidly increasing inflation rate, raising concerns about future earnings. The bearish market conditions and negative sentiment suggest a high risk of further decline."
WFC,7.0,3.0,6.0,Wells Fargo มีคุณภาพทางการเงินที่ดีอย่างมาก โดยมีผลตอบแทนที่สูงและอัตราส่วนที่แข็งแกร่งในสภาพแวดล้อมเศรษฐกิจมหภาคที่ท้าทาย โดยมีผลประกอบการที่โดดเด่นในระยะยาว แม้ว่าราคาปัจจุบันต่ำกว่าค่าเฉลี่ย แต่ก็มีสัญญาณเตือนถึงความเสี่ยงที่อาจเกิดขึ้นจากสภาพแวดล้อมเศรษฐกิจที่ผันผวน
WELL,4.0,1.0,8.0,"Wells Tower exhibits concerning financial metrics, particularly in the face of a rapidly accelerating inflation environment.  The lack of growth and profitability, coupled with a volatile market and a bearish macroeconomic outlook, warrants careful consideration.  The SELL signal suggests a high risk profile, demanding thorough due diligence before investing."
WST,7.0,2.0,6.0,"WST Pharmaceutical Services exhibits exceptionally strong financial health, demonstrating consistent growth and profitability over a long period, despite a challenging macroeconomic environment. However, the volatile market and SELL signal suggest potential risks, warranting careful consideration before investing."
WDC,7.0,2.0,6.0,"WDC demonstrates exceptionally strong financial health, exhibiting consistent and robust growth across multiple metrics, despite a challenging macroeconomic environment.  The high growth rate, strong profitability, and positive cash flow suggest a potentially resilient investment, though the bearish macro environment warrants caution due to the elevated volatility and potential for further decline.  The SELL signal highlights a risk-adjusted perspective, demanding careful monitoring of the company's fundamentals."
WY,4.0,1.0,4.0,"The Weyerhaeuser (WY) stock exhibits concerning negative trends across multiple key metrics.  Significant inflation, a weak labor market, and a bearish macroeconomic environment pose substantial risks.  The company's poor historical performance, coupled with the SELL signal, warrants careful consideration and potential risk mitigation strategies."
WSM,7.0,2.0,6.0,"Williams-Sonoma demonstrates exceptionally strong financial health with a consistent history of robust growth, impressive profitability, and a favorable macroeconomic environment. However, the current market conditions – a significant inflationary environment and a potential bear market – warrant caution due to the elevated volatility and potential for a downturn.  The company's performance is currently under scrutiny given the challenging macroeconomic backdrop."
WMB,7.0,2.0,6.0,"Williams Companies demonstrates exceptionally strong financial health and consistent growth, bolstered by a favorable macroeconomic environment. However, the volatile market and potential for a bear market warrant caution, suggesting a potential shift towards a downturn.  The high ROE and cash flow generation are positive indicators, but the inflationary pressures and bearish macro outlook necessitate careful monitoring."
WTW,6.0,2.0,7.0,"WTW demonstrates exceptionally strong financial health with a long track record of consistent growth, robust profitability, and a favorable macroeconomic environment. However, the current market conditions – characterized by high inflation, a significant economic downturn, and a bearish market – necessitate caution due to the potential for significant volatility and a potential shift in investor sentiment. The 12-month momentum is negative, suggesting a potential weakening trend."
WDAY,7.0,3.0,6.0,"Workday demonstrates exceptionally strong financial health and consistent growth, bolstered by a robust macroeconomic environment. However, the current market conditions suggest caution due to the significant inflationary pressures and potential for a bear market.  The company's high ROE and cash flow generation are positive, but the volatility and potential for a downturn warrant careful monitoring."
WYNN,7.0,3.0,6.0,"Wynn Resorts demonstrates strong financial performance with consistent growth and profitability over a long period, but faces significant headwinds from a rapidly rising inflation environment and a concerning economic downturn. The bearish market conditions and potential for further decline warrant caution, suggesting a potential sell signal."
XEL,6.0,2.0,6.0,"Xcel Energy demonstrates exceptionally strong financial health and consistent growth, but faces significant headwinds from a rapidly inflationary environment and a concerning macroeconomic outlook. The company's high ROE and cash flow generation are notable, but the aggressive growth rate and bearish market conditions warrant caution."
XYL,4.0,1.0,8.0,"Xylem Inc. exhibits concerning financial health with a prolonged period of profitability and strong cash flow, but is significantly impacted by a rapidly increasing inflation environment and a bearish macroeconomic outlook.  The lack of growth and volatile price action suggests potential risks, warranting a cautious sell position."
YUM,7.0,3.0,6.0,"Yum! Brands exhibits strong, consistent financial performance across multiple metrics, particularly in growth and cash flow generation, despite a challenging macroeconomic environment. However, the bearish market regime and elevated volatility warrant caution, suggesting potential for further decline. The 10.9% CAGR over 12 months is encouraging, but the 22.9% volatility needs careful monitoring."
ZBRA,6.0,1.0,4.0,"Zebra Technologies, despite a strong track record, faces significant headwinds due to a rapidly accelerating inflation environment, a concerning macroeconomic downturn, and a volatile market. The company's financial metrics are currently under pressure, suggesting a potential risk of further decline.  The bearish market conditions and negative momentum suggest a high probability of a sell signal."
ZBH,6.0,1.0,6.0,"Zimmer Biomet faces significant headwinds due to a persistently bearish macro environment, coupled with a weak growth trajectory and a concerning lack of positive financial indicators. The company's high volatility and negative momentum suggest a risky investment opportunity, warranting careful consideration of potential downside."
ZTS,6.0,2.0,8.0,"Zoetis demonstrates exceptionally strong financial health and consistent growth, bolstered by a robust free cash flow and ROE. However, the current market environment – characterized by high inflation and a bear market – presents significant risks, warranting a cautious approach to investment due to the volatile market and potential for significant downside."
BRK.B,4.0,2.0,8.0,"Berkshire Hathaway demonstrates a remarkably stable and highly profitable business model, but its growth trajectory is significantly hampered by a persistently challenging macroeconomic environment.  The company's strong financial performance, backed by a substantial cash position, is currently under pressure due to significant inflation and a weakening economy.  While the ROE and Free Cash Flow are exceptionally high, the lack of growth is a significant concern, suggesting a potential vulnerability to market downturns."
BF.B,7.0,3.0,6.0,"Brown–Forman demonstrates exceptionally strong financial performance and a resilient business model, particularly in the face of significant inflationary pressures.  Their consistent growth, profitability, and robust cash flow position them favorably, but the bear market environment warrants caution due to the elevated inflation rate and potential for further economic downturn.  The company's high ROE and consistent free cash flow suggest a strong ability to weather challenges."
