symbol,security,gics_sector,marketcap,Consecutive_Revenue_Growth_Years,Consecutive_EPS_Growth_Years,Consecutive_Profitable_Years,Consecutive_Positive_FCF_Years,Consecutive_ROE_Above_15pct_Years,CPI,Core_CPI,Unemployment_Rate,NFP,Real_GDP,Consumer_Sentiment,Growth_Score,Inflation_Score,Labor_Heat_Score,Macro_Regime_Score,Investment_Signal,Market_Regime,latest_price,total_return_10y,cagr_10y,volatility,momentum_12m,symbol_1,ai_fin_score,ai_price_score,ai_envi_score,ai_comment,final_score
MMM,3M,Industrials,90312692271.0,5,4,9,8,2,323.36,329.79,4.3,159507.0,23770.98,58.2,1.55,17.08,51.95,35.09,SELL - ระวังตัว,Bear Market,170.7100067138672,0.32251054566019066,0.028351477707554862,0.2625688705570207,0.278439363996571,MMM,7.0,3.0,6.0,"3M demonstrates exceptionally strong financial health with robust growth, consistent profitability, and a favorable macroeconomic environment. However, the current market conditions suggest caution due to the significant inflationary pressures and bear market outlook.  The high volatility and momentum suggest potential for significant price swings.",2.7249999999999996
AOS,A. O. Smith,Industrials,8925144134.0,0,0,9,9,0,323.36,329.79,4.3,159507.0,23770.98,58.2,1.55,17.08,51.95,35.09,SELL - ระวังตัว,Bear Market,65.81999969482422,0.7025349186396903,0.05466070883632668,0.2701830047555838,-0.11639144069786889,AOS,4.0,1.0,4.0,"AOS exhibits concerning financial stability with a prolonged period of profitability and strong cash flow, but the rapidly increasing inflation and bearish market environment pose significant risks. The lack of growth and recent price decline suggest a potential vulnerability to economic headwinds.  The SELL signal warrants careful consideration due to the extreme volatility and potential for further losses.",1.475
ABT,Abbott Laboratories,Health Care,221167122939.0,6,5,9,8,0,323.36,329.79,4.3,159507.0,23770.98,58.2,1.55,17.08,51.95,35.09,SELL - ระวังตัว,Bear Market,126.27999877929688,1.8602490241201184,0.11082752698286025,0.23681247095760588,0.06323147552828434,ABT,7.0,2.0,6.0,"Abbott Laboratories demonstrates exceptionally strong financial health and consistent growth, bolstered by a robust free cash flow and a favorable macroeconomic environment. However, the bearish market conditions and elevated volatility warrant caution regarding the stock's potential for further decline.  The company's strong performance relative to the current market suggests a potential opportunity, but the elevated risk profile necessitates careful consideration.",2.55
ABBV,AbbVie,Health Care,405632446890.0,6,0,9,9,0,323.36,329.79,4.3,159507.0,23770.98,58.2,1.55,17.08,51.95,35.09,SELL - ระวังตัว,Bear Market,224.32000732421875,2.9971491730868616,0.14863824988291108,0.26191323245458453,0.22626150060474615,ABBV,7.0,3.0,8.0,"AbbVie exhibits strong financial stability and consistent growth over a long period, but the current macroeconomic environment – characterized by high inflation and a potential recession – presents significant risks. The company's performance is negatively impacted by the bear market and inflationary pressures, warranting cautious investment consideration.",2.875
ACN,Accenture,Information Technology,160343801248.0,0,0,10,8,0,323.36,329.79,4.3,159507.0,23770.98,58.2,1.55,17.08,51.95,35.09,SELL - ระวังตัว,Bear Market,260.9338073730469,1.4632663704457438,0.09435064445246732,0.25715013065420234,-0.2799243566270905,ACN,4.0,2.0,8.0,"ACN, a leading IT services company, exhibits concerning financial stability and growth, hampered by a severe macroeconomic environment characterized by high inflation and a significant labor market downturn.  Despite strong historical performance, the current market conditions suggest a significant risk, necessitating a cautious investment approach due to the bearish macro regime.",1.9500000000000002
ADBE,Adobe Inc.,Information Technology,133420378000.0,9,6,9,9,0,323.36,329.79,4.3,159507.0,23770.98,58.2,1.55,17.08,51.95,35.09,SELL - ระวังตัว,Bear Market,325.1600036621094,2.616505287710727,0.13719922238712523,0.33788773227267566,-0.3697594474480471,ADBE,7.0,2.0,6.0,"Adobe demonstrates exceptionally strong financial performance and a robust growth trajectory, particularly in the face of significant inflationary pressures. However, the current market environment – a bear market with a high level of volatility – warrants caution regarding the stock's potential for further decline.  The company's high ROE and consistent free cash flow suggest resilience, but the macroeconomic headwinds pose a significant risk.",2.55
AMD,Advanced Micro Devices,Information Technology,350110333177.0,6,4,8,7,0,323.36,329.79,4.3,159507.0,23770.98,58.2,1.55,17.08,51.95,35.09,SELL - ระวังตัว,Bear Market,218.4149932861328,96.94394233991048,0.5817032857682849,0.592701336304916,0.5921781961480843,AMD,7.0,2.0,6.0,"AMD demonstrates exceptionally strong financial health with a consistent history of robust growth, high profitability, and a favorable macroeconomic environment. However, the current market conditions suggest caution due to the elevated inflation and bear market, impacting potential upside.  The high volatility and relatively low momentum suggest a potential for significant price decline.",2.55
AES,AES Corporation,Utilities,9884238703.0,5,0,6,0,0,323.36,329.79,4.3,159507.0,23770.98,58.2,1.55,17.08,51.95,35.09,SELL - ระวังตัว,Bear Market,14.023500442504883,0.47305669833960495,0.039499415436276664,0.3599406548113123,0.07542181622154676,AES,4.0,1.0,4.0,"AES Corporation exhibits concerning financial health with a history of exceptional growth, but is significantly impacted by a rapidly increasing inflationary environment and a bearish macroeconomic outlook.  The company's performance is severely hampered by a volatile market and a lack of sustainable growth, suggesting a high risk of further decline.",1.475
AFL,Aflac,Financials,57851694158.0,5,5,9,8,0,323.36,329.79,4.3,159507.0,23770.98,58.2,1.55,17.08,51.95,35.09,SELL - ระวังตัว,Bear Market,108.99749755859375,2.454754364322097,0.13200693885520876,0.258282977468522,-0.04388160036321276,AFL,7.0,2.0,6.0,"AFL demonstrates exceptionally strong financial health with a consistent history of robust growth, high profitability, and a favorable macroeconomic environment. However, the current market conditions – a significant inflationary environment and a concerning labor market – warrant caution due to the potential for further volatility and a bear market scenario.  The high volatility suggests potential risks in the near term.",2.55
A,Agilent Technologies,Health Care,43545665587.0,5,5,9,8,0,323.36,329.79,4.3,159507.0,23770.98,58.2,1.55,17.08,51.95,35.09,SELL - ระวังตัว,Bear Market,149.875,2.7328765704628237,0.1408070461563986,0.2747348138971479,0.08628686434707711,A,7.0,3.0,6.0,"Agilent Technologies demonstrates exceptionally strong financial health with a robust track record of consistent growth, high profitability, and a favorable macroeconomic environment. However, the current market conditions – characterized by significant inflation and a bear market – warrant caution due to the potential for further volatility and a shift in investor sentiment. The company's high ROE and cash flow generation are positive indicators, but the negative macroeconomic outlook necessitates careful risk assessment.",2.7249999999999996
APD,Air Products,Materials,57112204036.0,6,0,9,0,0,323.36,329.79,4.3,159507.0,23770.98,58.2,1.55,17.08,51.95,35.09,SELL - ระวังตัว,Bear Market,256.7799987792969,1.0444809131606716,0.07414412709670515,0.25626195994178896,-0.2319564230180301,APD,4.0,2.0,8.0,"APD, a Materials company, exhibits concerning financial health with a history of exceptional growth, but significantly diminished future prospects due to a volatile macroeconomic environment and a worrying lack of growth. The extreme inflation and economic downturn pose significant risks, suggesting a potential for substantial losses.  The SELL signal highlights a high level of uncertainty and warrants careful consideration before investing.",1.9500000000000002
ABNB,Airbnb,Consumer Discretionary,70425047584.0,2,0,3,4,1,323.36,329.79,4.3,159507.0,23770.98,58.2,1.55,17.08,51.95,35.09,SELL - ระวังตัว,Bear Market,119.61000061035156,-0.17345038310408945,-0.0375488409946384,0.47233058406354483,-0.1212254788480629,ABNB,7.0,2.0,6.0,"ABNB exhibits exceptionally strong financial health with consistent growth, robust cash flow, and a high ROE, but is currently facing a challenging macroeconomic environment characterized by high inflation and a weakening labor market.  The negative momentum in price suggests potential risks, warranting cautious consideration of a SELL signal.",2.55
AKAM,Akamai Technologies,Information Technology,12709055037.0,5,5,10,7,0,323.36,329.79,4.3,159507.0,23770.98,58.2,1.55,17.08,51.95,35.09,SELL - ระวังตัว,Bear Market,86.63500213623047,0.5806422179446946,0.046853911277211946,0.3245121474724087,-0.07854706201354189,AKAM,7.0,3.0,6.0,"AKAM exhibits exceptionally strong financial health with a consistent history of robust growth, impressive profitability, and a favorable macroeconomic environment. However, the current bearish market sentiment and volatility warrant caution, suggesting potential for further decline. The high growth rate and strong fundamentals are currently overshadowed by the significant macroeconomic headwinds.",2.7249999999999996
ALB,Albemarle Corporation,Materials,13638790935.0,5,0,0,0,0,323.36,329.79,4.3,159507.0,23770.98,58.2,1.55,17.08,51.95,35.09,SELL - ระวังตัว,Bear Market,127.55999755859375,1.4145370648768565,0.09216594116308596,0.47040754918533134,0.18440112509841344,ALB,4.0,1.0,4.0,"ALB faces significant headwinds due to a severe macroeconomic environment characterized by hyperinflation, a rapidly cooling economy, and a significant decline in consumer confidence. The company's financial performance is severely impacted by a lack of growth and profitability, compounded by a volatile market and a concerning lack of momentum.  The SELL signal suggests a high risk of further losses.",1.475
ARE,Alexandria Real Estate Equities,Real Estate,8852099522.0,0,3,0,1,0,323.36,329.79,4.3,159507.0,23770.98,58.2,1.55,17.08,51.95,35.09,SELL - ระวังตัว,Bear Market,53.42499923706055,-0.40200356584968777,-0.05012424616248368,0.27673722266052864,-0.5153316011062241,ARE,3.0,1.0,4.0,"The Alexandria Real Estate Equities (ARE) presents a concerning investment profile given the severe macroeconomic headwinds.  The company's financial performance is exceptionally weak, with a significant decline in revenue, earnings, and cash flow, exacerbated by a rapidly increasing inflation rate and a weak labor market.  The bearish market environment and the lack of growth indicators suggest a high risk of further losses.  The SELL recommendation reflects the significant downside risk associated with this investment.",1.225
ALGN,Align Technology,Health Care,10305451782.0,0,0,9,8,0,323.36,329.79,4.3,159507.0,23770.98,58.2,1.55,17.08,51.95,35.09,SELL - ระวังตัว,Bear Market,147.77499389648438,1.2451381735285048,0.08424921484402059,0.48771125223431244,-0.3651458900025992,ALGN,4.0,2.0,8.0,"Align Technology faces significant headwinds due to a hyper-inflationary environment and a bearish macroeconomic outlook. The company's strong financial performance over a long period is undermined by a lack of recent growth and a volatile price, suggesting a potential risk.  The combination of high inflation and a struggling economy warrants caution.",1.9500000000000002
ALLE,Allegion,Industrials,13962125652.0,4,5,9,0,0,323.36,329.79,4.3,159507.0,23770.98,58.2,1.55,17.08,51.95,35.09,SELL - ระวังตัว,Bear Market,164.19000244140625,1.4839637856525596,0.09526683163511995,0.2662115489264443,0.16579101612226976,ALLE,7.0,3.0,6.0,"ALLE exhibits exceptionally strong financial performance, driven by consistent growth and profitability, but faces significant headwinds from a rapidly inflationary environment and a bearish macroeconomic outlook.  The SELL signal suggests a potential risk, warranting careful monitoring of the company's resilience against these pressures.",2.7249999999999996
LNT,Alliant Energy,Utilities,17585042864.0,4,2,10,0,0,323.36,329.79,4.3,159507.0,23770.98,58.2,1.55,17.08,51.95,35.09,SELL - ระวังตัว,Bear Market,67.06999969482422,1.2586294118236476,0.08489908385590916,0.21261239237026028,0.06123415957542422,LNT,7.0,3.0,6.0,"LNT, a utility company, exhibits exceptionally strong financial performance over a long period, demonstrating robust growth and profitability. However, the current macroeconomic environment – characterized by high inflation and a significant labor market downturn – presents considerable risk, warranting a cautious investment approach due to the bearish market regime.",2.7249999999999996
ALL,Allstate,Financials,55573344328.0,7,4,8,8,0,323.36,329.79,4.3,159507.0,23770.98,58.2,1.55,17.08,51.95,35.09,SELL - ระวังตัว,Bear Market,210.22999572753906,2.3492113142327833,0.12849968456749594,0.24664458456233385,0.013693988843477278,ALL,7.0,2.0,6.0,"Allstate demonstrates exceptionally strong financial health with a consistent history of robust growth, high profitability, and a favorable macroeconomic environment. However, the current market conditions – characterized by significant inflation and a bear market – warrant caution due to the potential for further downward pressure on the stock.  The 1.4% CAGR over 12 months is a positive indicator, but the volatility and SELL signal suggest a heightened risk profile.",2.55
GOOGL,Alphabet Inc. (Class A),Communication Services,3844304860000.0,6,5,8,8,0,323.36,329.79,4.3,159507.0,23770.98,58.2,1.55,17.08,51.95,35.09,SELL - ระวังตัว,Bear Market,314.94500732421875,7.199557630184117,0.23421708250089512,0.28830170495044427,0.864131476845792,GOOGL,7.0,2.0,6.0,"Alphabet (GOOGL) exhibits strong financial health with consistent growth and profitability, but faces significant headwinds from a rapidly inflationary environment and a concerning macroeconomic outlook. The bearish market regime and high volatility suggest a heightened risk, warranting careful consideration before investing.",2.55
GOOG,Alphabet Inc. (Class C),Communication Services,3842977490000.0,7,5,9,9,0,323.36,329.79,4.3,159507.0,23770.98,58.2,1.55,17.08,51.95,35.09,SELL - ระวังตัว,Bear Market,315.29998779296875,7.379620937068999,0.23690138923882564,0.2874717989788403,0.8493751987450722,GOOG,7.0,2.0,6.0,"Alphabet Inc. demonstrates exceptionally strong financial health and consistent growth, bolstered by a robust free cash flow and a high ROE. However, the current macroeconomic environment – characterized by hyperinflation and a significant labor market downturn – presents considerable risk, necessitating a cautious investment approach due to the bear market and volatility.",2.55
MO,Altria,Consumer Staples,96238240076.0,0,0,9,8,0,323.36,329.79,4.3,159507.0,23770.98,58.2,1.55,17.08,51.95,35.09,SELL - ระวังตัว,Bear Market,58.720001220703125,0.028551428687311864,0.002819495992797849,0.2295483079634309,0.016972627532877427,MO,4.0,2.0,8.0,"Altria faces significant headwinds due to a persistently negative macroeconomic environment characterized by hyperinflation, a rising unemployment rate, and a declining consumer confidence. The company's financial health is precarious, with a history of declining profitability and a volatile stock price, suggesting a high risk of further losses in the current market conditions.",1.9500000000000002
AMZN,Amazon,Consumer Discretionary,2418982078969.0,7,6,9,5,0,323.36,329.79,4.3,159507.0,23770.98,58.2,1.55,17.08,51.95,35.09,SELL - ระวังตัว,Bear Market,235.77499389648438,6.077673362746248,0.2161879260468622,0.3289000351426938,0.13413340992209566,AMZN,7.0,2.0,6.0,"AMZN demonstrates exceptionally strong financial health and consistent growth, bolstered by a robust free cash flow and a high ROE. However, the current macroeconomic environment – characterized by high inflation and a slowing GDP – presents significant risks, warranting a cautious investment approach due to the bearish market regime.",2.55
AMCR,Amcor,Materials,19551808700.0,3,0,6,0,0,323.36,329.79,4.3,159507.0,23770.98,58.2,1.55,17.08,51.95,35.09,SELL - ระวังตัว,Bear Market,8.345000267028809,-0.1361283231009145,-0.014528535113191632,0.261159943065979,-0.21569548893240376,AMCR,4.0,1.0,8.0,AMCR เป็นหุ้นที่มีคุณภาพทางการเงินค่อนข้างดี (4) แต่การเติบโตทางเศรษฐกิจ (1) และสภาพแวดล้อมทางเศรษฐกิจมหภาคที่ผันผวน (8) ทำให้มีความเสี่ยงสูง โดยเฉพาะอย่างยิ่งเมื่อพิจารณาจากความผันผวนของราคาหุ้นที่สูง (1) และการขาดแคลนการเติบโตอย่างต่อเนื่อง (1),1.775
AEE,Ameren,Utilities,28345162248.0,5,5,9,2,0,323.36,329.79,4.3,159507.0,23770.98,58.2,1.55,17.08,51.95,35.09,SELL - ระวังตัว,Bear Market,101.95999908447266,1.413254416200536,0.0921079013822168,0.21925352433100387,0.08019917092672846,AEE,7.0,2.0,6.0,"Ameren demonstrates exceptionally strong financial health with a robust track record of consistent growth, high profitability, and a favorable macroeconomic environment. However, the current market conditions – characterized by high inflation and a bear market – warrant caution due to the significant volatility and potential for further decline.  The company's strong fundamentals are currently overshadowed by the challenging macroeconomic backdrop.",2.55
AEP,American Electric Power,Utilities,65323814068.0,5,0,9,2,0,323.36,329.79,4.3,159507.0,23770.98,58.2,1.55,17.08,51.95,35.09,SELL - ระวังตัว,Bear Market,119.6449966430664,1.1872942408463132,0.08142243382660741,0.20994904607354925,0.19812733739022148,AEP,6.0,2.0,8.0,"American Electric Power (AEP) exhibits concerning financial health and a challenging macroeconomic environment. While demonstrating strong historical performance, the current macroeconomic conditions – particularly inflation and a significant labor market downturn – pose significant risks. The company's growth is slowing considerably, and its valuation suggests a potential vulnerability in the face of a bear market.",2.45
AXP,American Express,Financials,245182968852.0,6,5,9,0,0,323.36,329.79,4.3,159507.0,23770.98,58.2,1.55,17.08,51.95,35.09,SELL - ระวังตัว,Bear Market,361.29998779296875,4.1306446632698055,0.17767896170843356,0.31724333783390746,0.1858343064142005,AXP,7.0,3.0,6.0,"American Express exhibits exceptionally strong financial performance, demonstrating robust growth and consistent profitability over a long period. However, the current market environment – characterized by high inflation and a bear market – presents significant risks, warranting cautious investment consideration.",2.7249999999999996
AIG,American International Group,Financials,40527557416.0,0,0,7,5,0,323.36,329.79,4.3,159507.0,23770.98,58.2,1.55,17.08,51.95,35.09,SELL - ระวังตัว,Bear Market,76.56999969482422,0.2278704128510518,0.020743149801614624,0.32387055875501775,-0.004032226452505117,AIG,4.0,1.0,4.0,"AIG faces significant headwinds due to a severe macroeconomic environment characterized by hyperinflation, declining GDP, and a significant drop in consumer confidence. The company's financial performance is severely impacted by a lack of growth and profitability, compounded by a volatile market and a concerning lack of momentum.  The SELL signal suggests a high risk of further losses.",1.475
AMT,American Tower,Real Estate,84065089092.0,7,5,9,7,0,323.36,329.79,4.3,159507.0,23770.98,58.2,1.55,17.08,51.95,35.09,SELL - ระวังตัว,Bear Market,176.2050018310547,0.8000306765727472,0.06055082398671585,0.25942461574824416,-0.15691386683705888,AMT,7.0,2.0,6.0,"AMT exhibits exceptionally strong financial health, demonstrating consistent growth and profitability across multiple years, despite a challenging macroeconomic environment. However, the bearish market regime and significant volatility raise concerns about long-term sustainability.  The high growth rate, coupled with a relatively low risk score, warrants careful consideration before investing.",2.55
AWK,American Water Works,Utilities,25660700033.0,5,6,9,0,0,323.36,329.79,4.3,159507.0,23770.98,58.2,1.55,17.08,51.95,35.09,SELL - ระวังตัว,Bear Market,131.41000366210938,1.288974116205872,0.0863481073359369,0.23682667417418765,-0.04038263970137612,AWK,7.0,3.0,6.0,"AWK faces significant headwinds due to a hyper-inflationary environment and a weak macroeconomic outlook.  Despite strong historical financial performance, the current market conditions suggest a high risk of further decline, necessitating a cautious investment approach.",2.7249999999999996
AMP,Ameriprise Financial,Financials,41440593284.0,6,0,9,4,0,323.36,329.79,4.3,159507.0,23770.98,58.2,1.55,17.08,51.95,35.09,SELL - ระวังตัว,Bear Market,456.1400146484375,3.098292921306739,0.15151257981281296,0.34158018129825496,-0.2052894089743813,AMP,6.0,1.0,6.0,"Ameriprise Financial demonstrates exceptionally strong financial health and consistent performance, but faces significant headwinds due to a rapidly accelerating inflationary environment and a bearish macroeconomic outlook.  The company's high ROE and cash flow generation are notable, but the extreme inflation and potential recessionary pressures necessitate caution, suggesting a potential sell signal.",2.125
AME,Ametek,Industrials,44940400087.0,6,6,10,0,0,323.36,329.79,4.3,159507.0,23770.98,58.2,1.55,17.08,51.95,35.09,SELL - ระวังตัว,Bear Market,196.9969940185547,2.600749356884284,0.1367027399249574,0.24365426010356186,0.013463263041483708,AME,7.0,3.0,6.0,"Ametek exhibits exceptionally strong financial health with a sustained history of robust growth, impressive profitability, and a favorable macroeconomic environment. However, the current bearish market sentiment and volatility warrant caution, suggesting potential downside risk.  The company's performance is currently being negatively impacted by inflationary pressures and a concerning macroeconomic outlook.",2.7249999999999996
AMGN,Amgen,Health Care,180014088315.0,6,4,9,8,6,323.36,329.79,4.3,159507.0,23770.98,58.2,1.55,17.08,51.95,35.09,SELL - ระวังตัว,Bear Market,339.7980041503906,1.1972067090919891,0.08191158760110295,0.2476512103494782,0.2012514936751031,AMGN,7.0,3.0,6.0,"AMGN demonstrates exceptionally strong financial health and consistent growth, bolstered by a robust free cash flow and a high ROE. However, the current macroeconomic environment – characterized by significant inflation and a weakening labor market – presents a significant risk, warranting cautious consideration due to the bearish market regime.",2.7249999999999996
APH,Amphenol,Information Technology,168772773443.0,7,6,9,8,0,323.36,329.79,4.3,159507.0,23770.98,58.2,1.55,17.08,51.95,35.09,SELL - ระวังตัว,Bear Market,141.93499755859375,9.588213382018035,0.2661824786103699,0.2574220176779182,0.9536819625259692,APH,7.0,2.0,6.0,"Amphenol demonstrates exceptionally strong financial health with a consistent history of robust growth, impressive profitability, and a favorable macroeconomic environment. However, the current market conditions – a significant inflationary environment and a bearish market – necessitate caution due to the potential for further price declines.  The high volatility suggests increased risk.",2.55
ADI,Analog Devices,Information Technology,117774131378.0,6,0,10,0,0,323.36,329.79,4.3,159507.0,23770.98,58.2,1.55,17.08,51.95,35.09,SELL - ระวังตัว,Bear Market,269.9599914550781,3.5717187966642294,0.16417156708221592,0.3221652503115327,0.2380646075524182,ADI,4.0,2.0,8.0,"ADI presents a concerning picture considering its consistently strong financial performance, despite a volatile macroeconomic environment. The aggressive growth, coupled with a significant negative macro outlook, warrants careful scrutiny.  The high volatility and lack of growth suggest potential risks and requires a cautious approach to investment.",1.9500000000000002
AON,Aon plc,Financials,74088185846.0,0,0,9,8,0,323.36,329.79,4.3,159507.0,23770.98,58.2,1.55,17.08,51.95,35.09,SELL - ระวังตัว,Bear Market,348.42498779296875,2.7193102760239682,0.14039170921536193,0.2300667817715996,-0.11011651379428955,AON,4.0,1.0,8.0,"Aon plc exhibits concerning financial characteristics under a volatile and inflationary macroeconomic environment. While exhibiting strong historical performance, the lack of recent growth and a concerning low ROE, coupled with a significant negative momentum, warrants careful consideration. The bearish market regime and high volatility suggest potential risks.",1.775
APA,APA Corporation,Energy,8657476417.0,0,0,6,7,0,323.36,329.79,4.3,159507.0,23770.98,58.2,1.55,17.08,51.95,35.09,SELL - ระวังตัว,Bear Market,25.2450008392334,-0.448317269116815,-0.05775161359008374,0.5883328303347033,0.11456959224759178,APA,4.0,1.0,4.0,"APA Corporation เป็นหุ้นที่มีความน่าสนใจน้อย เนื่องจากสภาพแวดล้อมเศรษฐกิจมหภาคที่รุนแรงอย่างมาก (CPI สูงสุด) และผลการดำเนินงานที่น่าประหลาดใจ (การเติบโตติดต่อกัน, EPS เติบโตติดต่อกัน, ROE > 15%) ซึ่งส่งผลกระทบต่อราคาหุ้นอย่างรุนแรง ทำให้มีความเสี่ยงสูงและควรระวังตัว",1.475
APO,Apollo Global Management,Financials,75512976747.0,5,3,8,0,0,323.36,329.79,4.3,159507.0,23770.98,58.2,1.55,17.08,51.95,35.09,SELL - ระวังตัว,Bear Market,132.27499389648438,7.441288656826112,0.23780877955139745,0.378577927593901,-0.24427244004454451,APO,7.0,3.0,6.0,"Apollo Global Management มีคุณภาพทางการเงินที่ดีอย่างมาก, มีการเติบโตที่แข็งแกร่งและผลตอบแทนที่สูงมากในระยะยาว, แต่สภาพแวดล้อมเศรษฐกิจมหภาคที่ผันผวนและสูงขึ้นทำให้เกิดความเสี่ยงที่ต้องระวังเป็นพิเศษ และราคาปัจจุบันต่ำกว่าค่าเฉลี่ยที่น่าสนใจ",2.7249999999999996
AAPL,Apple Inc.,Information Technology,4077091319760.0,5,4,10,9,6,323.36,329.79,4.3,159507.0,23770.98,58.2,1.55,17.08,51.95,35.09,SELL - ระวังตัว,Bear Market,285.2651062011719,8.905038672156829,0.25776426599610636,0.29136593157166285,0.20197658956005138,AAPL,7.0,3.0,6.0,"AAPL demonstrates exceptionally strong financial health with a consistent history of robust growth, high profitability, and a favorable macroeconomic environment. However, the current market conditions suggest a potential bear market risk, necessitating cautious investment consideration.",2.7249999999999996
AMAT,Applied Materials,Information Technology,183952702819.0,6,0,10,9,0,323.36,329.79,4.3,159507.0,23770.98,58.2,1.55,17.08,51.95,35.09,SELL - ระวังตัว,Bear Market,259.8800048828125,12.852878556084233,0.30067751219681016,0.4184517670136621,0.4874935315435778,AMAT,7.0,2.0,6.0,Applied Materials มีคุณภาพทางการเงินที่ดีอย่างมาก (7) ด้วยผลตอบแทนที่สูงและอัตราส่วนที่แข็งแกร่ง (4) แม้ว่าการเติบโตของรายได้จะหยุดชะงัก (0) แต่บริษัทยังคงมี ROE ที่สูงและกำไรที่แข็งแกร่ง (6)  สภาพแวดล้อมเศรษฐกิจมหภาคที่กำลังอ่อนแอ (35.09) และความเชื่อมั่นผู้บริโภคที่ลดลง (58.2) ทำให้เกิดความเสี่ยงที่ต้องระวังอย่างมาก เนื่องจากตลาดปัจจุบันอยู่ในภาวะ Bear Market,2.55
APP,AppLovin,Information Technology,189187209000.0,5,2,3,4,3,323.36,329.79,4.3,159507.0,23770.98,58.2,1.55,17.08,51.95,35.09,SELL - ระวังตัว,Bear Market,658.1300048828125,9.094018952259413,0.6471991522974838,0.7724113984675919,0.9543578467195619,APP,7.0,2.0,6.0,"AppLovin demonstrates exceptionally strong financial health, exhibiting robust growth across multiple metrics, particularly in a challenging macroeconomic environment.  Despite a significant inflationary backdrop, the company's profitability and cash flow are remarkably stable, suggesting resilience. However, the SELL signal and bearish market conditions warrant caution, highlighting potential risks to the stock's value.",2.55
APTV,Aptiv,Consumer Discretionary,16173543913.0,4,0,0,4,0,323.36,329.79,4.3,159507.0,23770.98,58.2,1.55,17.08,51.95,35.09,SELL - ระวังตัว,Bear Market,77.5282974243164,0.07710799085085762,0.007456646650285226,0.4043279485631669,0.39615161405732113,APTV,4.0,1.0,4.0,"APTV เป็นหุ้นที่มีความเสี่ยงสูงอย่างมาก เนื่องจากสภาพแวดล้อมเศรษฐกิจมหภาคที่ผันผวนอย่างรุนแรง, การเติบโตทางการเงินที่หยุดนิ่ง, และการขาดความแข็งแกร่งทาง financiero ที่น่ากังวล การลงทุนในหุ้นนี้ควรระมัดระวังอย่างยิ่ง เนื่องจากมีแนวโน้มที่ตลาดจะปรับตัวลงอย่างรวดเร็ว",1.475
ACGL,Arch Capital Group,Financials,33339828740.0,0,4,9,7,0,323.36,329.79,4.3,159507.0,23770.98,58.2,1.55,17.08,51.95,35.09,SELL - ระวังตัว,Bear Market,92.62000274658203,2.8415595355404464,0.14408623219958505,0.27409808289127185,-0.0804209528986396,ACGL,6.0,2.0,6.0,"Arch Capital Group (ACGL) exhibits concerning financial health with a history of exceptional growth, but is currently facing a challenging macroeconomic environment characterized by high inflation and a significant labor market downturn.  The company's ROE and Free Cash Flow are robust, but the volatile market and SELL signal suggest potential risks.  The negative momentum in the 12-month timeframe warrants careful monitoring.",2.3
ADM,Archer Daniels Midland,Consumer Staples,28185414958.0,0,0,10,7,0,323.36,329.79,4.3,159507.0,23770.98,58.2,1.55,17.08,51.95,35.09,SELL - ระวังตัว,Bear Market,60.23500061035156,0.6915192243170503,0.0539762365210974,0.27255017435690887,0.10320517021445164,ADM,4.0,2.0,8.0,"Archer Daniels Midland (ADM) exhibits concerning financial health with a prolonged period of profitability and strong cash flow, but faces significant headwinds from a rapidly rising inflation environment and a weakening consumer confidence. The bearish macro environment and a SELL signal suggest a high risk of further decline, necessitating careful consideration of investment strategy.",1.9500000000000002
ANET,Arista Networks,Information Technology,153846857002.0,8,0,9,7,0,323.36,329.79,4.3,159507.0,23770.98,58.2,1.55,17.08,51.95,35.09,SELL - ระวังตัว,Bear Market,127.4800033569336,26.116192775991973,0.3910492095279494,0.44390162876664996,0.25651767834193495,ANET,6.0,2.0,8.0,"Arista Networks (ANET) exhibits concerning financial health with a strong historical track record, but faces significant headwinds due to a rapidly accelerating inflation environment and a bearish macroeconomic outlook.  The company's high growth rate is increasingly unsustainable given the current economic climate, and its price performance is currently weak, suggesting potential for further decline.",2.45
AJG,Arthur J. Gallagher & Co.,Financials,63740328000.0,5,0,9,0,0,323.36,329.79,4.3,159507.0,23770.98,58.2,1.55,17.08,51.95,35.09,SELL - ระวังตัว,Bear Market,245.39999389648438,4.712290482454435,0.19039581121557125,0.2241761447060655,-0.21406609796432186,AJG,4.0,1.0,8.0,"AJG, facing significant macroeconomic headwinds – high inflation, declining GDP, and a concerning labor market – presents a high risk profile.  The company's historical financial performance, while strong, is increasingly unsustainable in the current environment.  The SELL signal highlights a potential significant downturn, demanding careful consideration of the risks involved.",1.775
AIZ,Assurant,Financials,11319332482.0,6,4,9,6,0,323.36,329.79,4.3,159507.0,23770.98,58.2,1.55,17.08,51.95,35.09,SELL - ระวังตัว,Bear Market,223.7949981689453,1.6966502461695594,0.10430327645190363,0.2723314663373835,-0.014553094873382966,AIZ,7.0,2.0,6.0,"Assurant (AIZ) exhibits strong financial health with a consistent history of growth and profitability, but faces significant headwinds from a rapidly inflationary environment and a concerning macroeconomic outlook. The negative momentum in price suggests potential vulnerability, requiring careful monitoring of the company's resilience against these challenges.",2.55
T,AT&T,Communication Services,181631696062.0,0,3,9,9,0,323.36,329.79,4.3,159507.0,23770.98,58.2,1.55,17.08,51.95,35.09,SELL - ระวังตัว,Bear Market,25.604999542236328,0.024199981689453143,0.002394369531672602,0.23533205572286417,0.10556993570522066,T,6.0,2.0,6.0,"AT&T, a communication services giant, exhibits concerning financial stability and growth, significantly hampered by a volatile macroeconomic environment and a bearish market sentiment.  Despite strong historical performance, the current conditions suggest a high risk of further decline, necessitating a cautious investment approach.",2.3
ATO,Atmos Energy,Utilities,28225188732.0,0,0,10,0,0,323.36,329.79,4.3,159507.0,23770.98,58.2,1.55,17.08,51.95,35.09,SELL - ระวังตัว,Bear Market,170.25,1.7845927657765874,0.1078533067849683,0.21330835834607123,0.125099073219193,ATO,4.0,1.0,8.0,"Ato Energy faces significant headwinds due to a hyperinflationary environment and a weak macroeconomic outlook. The company's financial performance is severely impacted by the extreme inflation, leading to a concerning lack of growth and profitability.  The bearish market conditions further amplify the risk, necessitating a cautious investment approach.",1.775
ADSK,Autodesk,Information Technology,61738050000.0,7,5,6,7,0,323.36,329.79,4.3,159507.0,23770.98,58.2,1.55,17.08,51.95,35.09,SELL - ระวังตัว,Bear Market,309.760009765625,3.8091909975755556,0.17008265326657646,0.36335805768600415,0.061185393088683204,ADSK,7.0,2.0,6.0,"Autodesk demonstrates exceptionally strong financial performance, exhibiting consistent growth and profitability across multiple years, despite a challenging macroeconomic environment characterized by high inflation and a significant labor market downturn.  The company's robust ROE and cash flow generation are particularly noteworthy, but the bearish macro environment warrants caution due to the significant volatility and potential for a bear market.",2.55
ADP,Automatic Data Processing,Industrials,101152630874.0,7,7,10,0,3,323.36,329.79,4.3,159507.0,23770.98,58.2,1.55,17.08,51.95,35.09,SELL - ระวังตัว,Bear Market,256.8146057128906,2.0121346384972654,0.11659066925847283,0.24034969250691843,-0.1632795365679004,ADP,7.0,3.0,6.0,"ADP demonstrates exceptionally strong financial health and consistent growth, bolstered by a favorable macroeconomic environment. However, the bearish market regime and significant volatility warrant caution regarding the stock's future performance.",2.7249999999999996
AZO,AutoZone,Consumer Discretionary,64061034198.0,5,5,10,9,0,323.36,329.79,4.3,159507.0,23770.98,58.2,1.55,17.08,51.95,35.09,SELL - ระวังตัว,Bear Market,3842.72998046875,4.073781646015916,0.17636700304659736,0.2594702906446907,0.2123935754430062,AZO,7.0,3.0,6.0,"AZO demonstrates exceptionally strong financial health, exhibiting consistent growth and profitability over a long period, despite a challenging macroeconomic environment.  However, the volatile market and bearish regime suggest potential risks.  The high growth rate is currently being challenged by inflationary pressures and a concerning labor market.",2.7249999999999996
AVB,AvalonBay Communities,Real Estate,25545144027.0,8,4,10,7,0,323.36,329.79,4.3,159507.0,23770.98,58.2,1.55,17.08,51.95,35.09,SELL - ระวังตัว,Bear Market,179.7899932861328,0.020316590635393705,0.0020135961478691122,0.24631952664040319,-0.23607398077969655,AVB,7.0,2.0,6.0,"AvalonBay Communities demonstrates exceptionally strong financial health with a consistent history of growth and profitability, bolstered by a favorable macroeconomic environment. However, the current market conditions and volatility suggest caution, highlighting potential risks. The negative momentum in the price suggests a possible shift in investor sentiment.",2.55
AVY,Avery Dennison,Materials,12953935080.0,0,0,9,6,0,323.36,329.79,4.3,159507.0,23770.98,58.2,1.55,17.08,51.95,35.09,SELL - ระวังตัว,Bear Market,172.2100067138672,1.6907813549041748,0.1040626712782684,0.2702427682888853,-0.16382612641093786,AVY,4.0,1.0,8.0,"Avery Dennison exhibits concerning financial stability with a long history of consistent profitability and strong cash flow, but faces significant headwinds from a rapidly rising inflation environment and a weakening consumer confidence. The bearish market regime and SELL signal suggest a high risk of further decline, necessitating careful consideration of the investment.",1.775
AXON,Axon Enterprise,Industrials,41396430464.0,4,0,0,2,0,323.36,329.79,4.3,159507.0,23770.98,58.2,1.55,17.08,51.95,35.09,SELL - ระวังตัว,Bear Market,538.4099731445312,29.179930971941662,0.40602189345093365,0.48120744917780583,-0.16778478598591495,AXON,4.0,1.0,4.0,"The AXON stock presents a concerning picture given the extreme macroeconomic environment.  The company's financial health is severely compromised with a history of negative earnings and a lack of growth, while the market is experiencing significant inflationary pressures.  The volatility and negative momentum suggest a risky investment, warranting careful consideration of potential downside.",1.475
BKR,Baker Hughes,Energy,48707158816.0,5,0,5,0,0,323.36,329.79,4.3,159507.0,23770.98,58.2,1.55,17.08,51.95,35.09,SELL - ระวังตัว,Bear Market,48.81800079345703,-0.07225386194608863,-0.007472680614710625,0.41241734075985836,0.1107622285782186,BKR,4.0,1.0,4.0,"BKR, a significant energy services company, exhibits concerning financial performance with a prolonged period of profitability, but significantly hampered by a deteriorating macroeconomic environment and a volatile market.  The company's growth is severely limited, and its price is currently trading at a low point, suggesting heightened risk.",1.475
BALL,Ball Corporation,Materials,13085815562.0,1,1,3,2,0,323.36,329.79,4.3,159507.0,23770.98,58.2,1.55,17.08,51.95,35.09,SELL - ระวังตัว,Bear Market,48.34000015258789,0.42385858810810007,0.03597383552777478,0.28068141639414645,-0.2223294679657175,BALL,7.0,3.0,6.0,"BALL Corporation demonstrates exceptionally strong financial performance, exhibiting robust growth and consistent profitability over a prolonged period. However, the current macroeconomic environment – characterized by significant inflation and a potential recession – warrants caution, impacting investor sentiment and potentially slowing growth. The volatile market and negative momentum suggest increased risk.",2.7249999999999996
BAC,Bank of America,Financials,379218593912.0,5,6,10,3,0,323.36,329.79,4.3,159507.0,23770.98,58.2,1.55,17.08,51.95,35.09,SELL - ระวังตัว,Bear Market,53.279998779296875,2.0797688513857824,0.1190732138537236,0.3130309432438734,0.12144813011177291,BAC,7.0,3.0,6.0,"Bank of America มีคุณภาพทางการเงินที่ดีอย่างมาก, มีการเติบโตที่แข็งแกร่งและผลตอบแทนที่สูงมาก, แต่สภาพเศรษฐกิจมหภาคที่ผันผวนและสูงขึ้นทำให้เกิดความกังวลด้านความเสี่ยงที่ต้องระวังเป็นพิเศษ และราคาหุ้นปัจจุบันอยู่ในระดับที่น่าสนใจเมื่อเทียบกับความเสี่ยงที่ยอมรับได้",2.7249999999999996
BAX,Baxter International,Health Care,9345534535.0,6,0,0,7,0,323.36,329.79,4.3,159507.0,23770.98,58.2,1.55,17.08,51.95,35.09,SELL - ระวังตัว,Bear Market,18.725000381469727,-0.49213450165639805,-0.06551821092103904,0.27954653056734563,-0.44452682023077394,BAX,4.0,1.0,4.0,"Baxter International (BAX) exhibits concerning financial health with a significant decline in profitability and growth, exacerbated by a rapidly rising inflation environment. The bearish macro outlook and negative momentum suggest a high risk of further losses.  The company's valuation is also significantly impacted by the negative performance and volatility.",1.475
BDX,Becton Dickinson,Health Care,54734381480.0,6,3,9,8,0,323.36,329.79,4.3,159507.0,23770.98,58.2,1.55,17.08,51.95,35.09,SELL - ระวังตัว,Bear Market,189.9499969482422,0.29859759263329555,0.026476504233753362,0.2322466362598598,-0.14398376668341306,BDX,7.0,2.0,6.0,"Becton Dickinson (BD) demonstrates exceptionally strong financial health and consistent growth, bolstered by a robust free cash flow and a high ROE. However, the current macroeconomic environment – characterized by significant inflation and a potential bear market – presents heightened risk, warranting a cautious investment approach.  The company's valuation is currently low, suggesting a potential for significant downside.",2.55
BBY,Best Buy,Consumer Discretionary,15887857659.0,7,0,10,6,0,323.36,329.79,4.3,159507.0,23770.98,58.2,1.55,17.08,51.95,35.09,SELL - ระวังตัว,Bear Market,74.54499816894531,1.3816293925234615,0.09066801701767435,0.38175687047452306,-0.1717222425672743,BBY,6.0,1.0,6.0,"Best Buy exhibits exceptionally strong financial health, demonstrating consistent profitability and robust cash flow generation over a long period. However, the current macroeconomic environment – characterized by hyperinflation and a significant labor market downturn – presents considerable risk, leading to a SELL recommendation due to potential instability.  The company's performance is negatively impacted by the bear market and a concerning volatility trend.",2.125
TECH,Bio-Techne,Health Care,9892548386.0,0,0,9,7,0,323.36,329.79,4.3,159507.0,23770.98,58.2,1.55,17.08,51.95,35.09,SELL - ระวังตัว,Bear Market,63.209999084472656,1.7590571586849135,0.10683301330859618,0.3256717039395796,-0.1612261335917501,TECH,4.0,1.0,4.0,"The Bio-Techne stock presents a concerning profile given the current macroeconomic environment and significant financial distress.  The company's consistently high earnings, strong cash flow, and ROE are undermined by a rapidly accelerating inflation rate, a weak labor market, and a bearish market outlook.  The negative momentum in the 12-month timeframe suggests a potential for further decline, warranting careful risk assessment and a SELL recommendation.",1.475
BIIB,Biogen,Health Care,25939895735.0,0,0,9,6,0,323.36,329.79,4.3,159507.0,23770.98,58.2,1.55,17.08,51.95,35.09,SELL - ระวังตัว,Bear Market,177.1699981689453,-0.35677462751027134,-0.04317240264320754,0.41433517292947125,0.10296951244071462,BIIB,4.0,1.0,4.0,"Biogen exhibits concerning financial health with a prolonged period of profitability and strong cash flow, but significantly hampered by a rapidly increasing inflation environment and a bearish macroeconomic outlook. The negative growth and volatility suggest a challenging future, warranting careful risk management.",1.475
BLK,BlackRock,Financials,158174800216.0,6,0,10,7,0,323.36,329.79,4.3,159507.0,23770.98,58.2,1.55,17.08,51.95,35.09,SELL - ระวังตัว,Bear Market,1039.93994140625,1.954374833540483,0.11443052891669847,0.27794801075939735,0.016757874284166085,BLK,6.0,2.0,8.0,"BlackRock demonstrates exceptionally strong financial health with a long track record of consistent growth, high profitability, and robust cash flow. However, the current macroeconomic environment – characterized by hyperinflation and a significant labor market downturn – presents considerable risk, necessitating a cautious investment approach due to the bearish market regime.",2.45
BX,Blackstone Inc.,Financials,104431722177.0,0,0,9,8,0,323.36,329.79,4.3,159507.0,23770.98,58.2,1.55,17.08,51.95,35.09,SELL - ระวังตัว,Bear Market,147.0399932861328,3.836841945106631,0.17075376213167415,0.3596722001823026,-0.23051967081451707,BX,4.0,1.0,8.0,"Blackstone Inc. exhibits concerning financial health with a history of consistently strong performance, but significantly hampered by a volatile and potentially unsustainable macroeconomic environment. The extreme inflation and economic downturn pose significant risks to the company's long-term stability, coupled with a worrying lack of growth and profitability.  The SELL signal suggests a high probability of further decline.",1.775
XYZ,"Block, Inc.",Financials,37590156900.0,0,0,0,0,0,323.36,329.79,4.3,159507.0,23770.98,58.2,1.55,17.08,51.95,35.09,SELL - ระวังตัว,Bear Market,65.08999633789062,4.460570127624345,0.18504240854318277,0.5738024553712291,-0.26493513162449833,XYZ,2.0,1.0,4.0,"XYZ (Financials) exhibits concerning negative trends across multiple financial metrics, exacerbated by a severe macroeconomic environment characterized by hyperinflation and a significant labor market downturn.  The lack of growth and profitability, coupled with a volatile market, suggests significant risk and warrants careful consideration before investing.",0.9750000000000001
BK,BNY Mellon,Financials,75362519831.0,0,0,10,5,0,323.36,329.79,4.3,159507.0,23770.98,58.2,1.55,17.08,51.95,35.09,SELL - ระวังตัว,Bear Market,112.30999755859375,1.6130758202597706,0.10083166252615205,0.27270821465805184,0.37180888959091374,BK,4.0,1.0,4.0,"BK faces significant headwinds due to a severe macroeconomic environment characterized by hyperinflation, a rapidly cooling economy, and a significant drop in consumer confidence. The company's financial performance is exceptionally weak, with a prolonged lack of growth and profitability, compounded by a volatile market and a concerning lack of momentum.  The SELL signal suggests a high risk of further losses.",1.475
BA,Boeing,Industrials,136148300228.0,4,3,0,0,4,323.36,329.79,4.3,159507.0,23770.98,58.2,1.55,17.08,51.95,35.09,SELL - ระวังตัว,Bear Market,204.29010009765625,0.4034769409460952,0.03448105965961945,0.4147811340845895,0.3142697947052866,BA,7.0,3.0,6.0,"Boeing נמצאอยู่ในสภาพแวดล้อมที่ท้าทายอย่างมากเนื่องจากอัตราเงินเฟ้อสูงอย่างรุนแรงและภาวะว่างงานที่เพิ่มขึ้น ซึ่งส่งผลกระทบต่อผลประกอบการและราคาหุ้นอย่างมีนัยสำคัญ การเติบโตที่ต่อเนื่องในอดีต, การเติบโตที่แข็งแกร่งของ EPS และ ROE, และการทำกำไรที่ต่อเนื่อง, อย่างไรก็ตาม, การขาดแคลน Cash Flow บวก และ ROE ที่ต่ำกว่า 15% ทำให้เกิดความกังวลอย่างมากเกี่ยวกับความสามารถในการรับรู้รายได้ในอนาคต การเปลี่ยนแปลงสภาพแวดล้อมทางเศรษฐกิจมหภาคที่รุนแรงและผลกระทบต่อการเติบโตของอุตสาหกรรม ทำให้เกิดสัญญาณเตือนถึงความเสี่ยงที่อาจเกิดขึ้น",2.7249999999999996
BKNG,Booking Holdings,Consumer Discretionary,157151774637.0,3,3,6,6,0,323.36,329.79,4.3,159507.0,23770.98,58.2,1.55,17.08,51.95,35.09,SELL - ระวังตัว,Bear Market,5154.72998046875,3.026881255414744,0.14948991415441637,0.32181459029950515,-0.009083079938293492,BKNG,7.0,3.0,6.0,"Booking Holdings demonstrates exceptionally strong financial performance and consistent growth, bolstered by a favorable macroeconomic environment. However, the current market volatility and potential for a bear market warrant caution, suggesting a potential shift in investor sentiment.  The company's robust free cash flow and ROE are noteworthy, but the elevated inflation rate and bearish macroeconomic outlook necessitate careful consideration before investing.",2.7249999999999996
BSX,Boston Scientific,Health Care,145338617504.0,6,0,8,5,0,323.36,329.79,4.3,159507.0,23770.98,58.2,1.55,17.08,51.95,35.09,SELL - ระวังตัว,Bear Market,100.70249938964844,4.582178175111512,0.18765580008938065,0.26072882873953834,0.1107709609737888,BSX,6.0,1.0,6.0,"Boston Scientific (BSX) exhibits concerning financial health with a strong historical track record of growth and profitability, but is currently facing significant headwinds due to a rapidly accelerating inflation environment and a bearish macroeconomic outlook. The SELL signal highlights a potential risk, demanding careful consideration of the company's long-term prospects.",2.125
BMY,Bristol Myers Squibb,Health Care,97227564570.0,0,3,8,8,0,323.36,329.79,4.3,159507.0,23770.98,58.2,1.55,17.08,51.95,35.09,SELL - ระวังตัว,Bear Market,48.6150016784668,-0.2683972323379795,-0.030772616440265188,0.2516509441491739,-0.17907800276317543,BMY,4.0,1.0,6.0,"Bristol Myers Squibb (BMY) exhibits concerning financial health with a history of strong, consistent earnings growth, but significantly diminished growth over the past decade. The current macroeconomic environment is characterized by high inflation and a recessionary outlook, posing significant risks to the company's business.  The stock's price performance is currently weak, suggesting a potential downward trend, and warrants careful consideration given the volatile market conditions.",1.625
AVGO,Broadcom,Information Technology,1784865083715.0,7,0,9,8,0,323.36,329.79,4.3,159507.0,23770.98,58.2,1.55,17.08,51.95,35.09,SELL - ระวังตัว,Bear Market,384.2903137207031,25.5430530476245,0.38808027556405866,0.38730578794685017,1.3709915435543434,AVGO,6.0,2.0,6.0,"Broadcom exhibits concerning financial health with a strong historical track record, but faces significant headwinds from a rapidly inflationary environment and a bearish macroeconomic outlook.  While its ROE and Free Cash Flow are robust, the combination of a high inflation rate and a slowing GDP suggests potential risks to long-term profitability.  The SELL signal highlights a potential vulnerability in light of the current market conditions.",2.3
BR,Broadridge Financial Solutions,Industrials,26407275673.0,0,0,10,0,0,323.36,329.79,4.3,159507.0,23770.98,58.2,1.55,17.08,51.95,35.09,SELL - ระวังตัว,Bear Market,228.5500030517578,3.2292745962202307,0.15514143593753627,0.2331181878112461,-0.031649864780443626,BR,4.0,1.0,4.0,"The company, Broadridge, exhibits concerning financial characteristics under a volatile and inflationary economic environment.  Its consistently low growth and profitability, coupled with a significant negative correlation between its price and performance, suggests a high risk profile.  The bear market conditions exacerbate these concerns, demanding careful consideration of the investment.",1.475
BRO,Brown & Brown,Financials,27057597608.0,5,0,9,0,0,323.36,329.79,4.3,159507.0,23770.98,58.2,1.55,17.08,51.95,35.09,SELL - ระวังตัว,Bear Market,80.4800033569336,3.974042140851446,0.17403348778074657,0.2297373568649592,-0.2884172905152729,BRO,4.0,1.0,8.0,"The Brown & Brown stock appears highly concerning due to a prolonged period of exceptional financial performance, coupled with a severely deteriorating macroeconomic environment. The extreme growth, low profitability, and bearish market conditions suggest significant risk.  The extreme volatility and negative momentum further amplify the potential for a significant downturn.",1.775
BLDR,Builders FirstSource,Industrials,11116665808.0,0,0,9,7,0,323.36,329.79,4.3,159507.0,23770.98,58.2,1.55,17.08,51.95,35.09,SELL - ระวังตัว,Bear Market,111.4800033569336,7.562211938361292,0.23957088078500743,0.48180465819207485,-0.40215582867408517,BLDR,4.0,2.0,8.0,"The BLDR stock presents a mixed picture. While exhibiting strong historical performance (9 years of consistent growth), the current macroeconomic environment – characterized by high inflation and a significant labor market downturn – raises concerns. The company's financial metrics are currently under pressure, with a concerning low ROE and a volatile price, suggesting potential risks.  The bearish market sentiment further amplifies these concerns.",1.9500000000000002
BG,Bunge Global,Consumer Staples,18081191505.0,4,0,8,0,0,323.36,329.79,4.3,159507.0,23770.98,58.2,1.55,17.08,51.95,35.09,SELL - ระวังตัว,Bear Market,96.45999908447266,0.4978260372511103,0.041234476903862616,0.3156267591256911,0.07488301070504222,BG,6.0,2.0,8.0,"BG (Bunge Global) exhibits concerning financial health with a prolonged period of profitability, but significantly hampered by a volatile macroeconomic environment and a worrying lack of growth. The extreme inflation and economic downturn pose significant risks, suggesting a potential downturn.  The SELL signal highlights a high level of risk and warrants careful consideration before investing.",2.45
BXP,"BXP, Inc.",Real Estate,11197397282.0,7,0,0,0,0,323.36,329.79,4.3,159507.0,23770.98,58.2,1.55,17.08,51.95,35.09,SELL - ระวังตัว,Bear Market,71.79499816894531,-0.41334368540411015,-0.05194135254279875,0.3171011059422508,-0.1243444317654907,BXP,3.0,1.0,4.0,"The BXP, Inc. exhibits concerning financial health with a significant lack of growth and profitability, amidst a severe economic downturn characterized by high inflation and a pessimistic macroeconomic outlook.  The extreme volatility and negative momentum suggest a high risk of further decline, making this a potentially risky investment.",1.225
CHRW,C.H. Robinson,Industrials,18259872918.0,5,5,9,8,0,323.36,329.79,4.3,159507.0,23770.98,58.2,1.55,17.08,51.95,35.09,SELL - ระวังตัว,Bear Market,159.76499938964844,1.5677434306524591,0.09890657001816572,0.2770786938833727,0.5132126976593412,CHRW,7.0,3.0,6.0,"C.H. Robinson demonstrates strong financial health with consistent growth, high profitability, and a robust cash flow. However, the current macroeconomic environment – characterized by high inflation and a potential bear market – warrants caution due to the significant volatility and potential for downward pressure on the stock price.  The company's growth rate is currently outpacing the broader market, suggesting a potentially favorable position, but the current market conditions necessitate careful risk assessment.",2.7249999999999996
CDNS,Cadence Design Systems,Information Technology,82877038470.0,8,4,9,8,0,323.36,329.79,4.3,159507.0,23770.98,58.2,1.55,17.08,51.95,35.09,SELL - ระวังตัว,Bear Market,316.79998779296875,13.92931187766794,0.3104487864858394,0.3295579833263504,0.032560836719367714,CDNS,7.0,3.0,6.0,"Cadence Design Systems (CDNS) exhibits exceptionally strong financial performance, driven by consistent growth and robust profitability, but faces significant headwinds from a rapidly inflationary environment and a bearish market outlook.  The company's high ROE and cash flow generation are reassuring, but the extreme volatility and potential for a bear market warrant caution.  The 1.55 Growth Score and 8 Growth Trend Score suggest a potentially lucrative opportunity, but the macroeconomic risks are substantial.",2.7249999999999996
CPT,Camden Property Trust,Real Estate,11133207331.0,0,4,9,6,0,323.36,329.79,4.3,159507.0,23770.98,58.2,1.55,17.08,51.95,35.09,SELL - ระวังตัว,Bear Market,105.62999725341797,0.4031615165550162,0.034457804682481497,0.24381354118308546,-0.16033390547726223,CPT,6.0,1.0,4.0,"CPT is exhibiting concerning financial health with a history of strong, consistent growth, but significantly impacted by a rapidly increasing inflation environment. The bearish macro regime and negative momentum suggest a high risk of further decline, making this a potentially risky investment.",1.975
CPB,Campbell's Company (The),Consumer Staples,9121551190.0,0,3,9,9,0,323.36,329.79,4.3,159507.0,23770.98,58.2,1.55,17.08,51.95,35.09,SELL - ระวังตัว,Bear Market,29.6924991607666,-0.43378146570653264,-0.05529758364067805,0.2502683193861323,-0.35730522358377925,CPB,4.0,1.0,8.0,"Campbell's Company (CPB) exhibits concerning financial health under a volatile and inflationary economic environment. While exhibiting strong historical performance, the current macroeconomic conditions – particularly the significant inflation rate – pose significant risks. The negative growth and volatility suggest a potential for further decline, warranting careful consideration of investment risk.",1.775
COF,Capital One,Financials,132766606068.0,7,0,9,0,0,323.36,329.79,4.3,159507.0,23770.98,58.2,1.55,17.08,51.95,35.09,SELL - ระวังตัว,Bear Market,222.8125,1.8813202473056387,0.1116432760551167,0.37014634475282665,0.1604213654204727,COF,4.0,2.0,8.0,"Capital One exhibits concerning financial health with a history of exceptional profitability and consistent growth, but is significantly impacted by a rapidly increasing inflationary environment and a bearish macroeconomic outlook. The volatile price action suggests potential risk, warranting careful consideration of the investment.",1.9500000000000002
CAH,Cardinal Health,Health Care,50180072870.0,6,0,8,7,0,323.36,329.79,4.3,159507.0,23770.98,58.2,1.55,17.08,51.95,35.09,SELL - ระวังตัว,Bear Market,203.7100067138672,1.3604866687164954,0.0896957623852519,0.2917536939142929,0.6664758693868105,CAH,6.0,2.0,6.0,"Cardinal Health exhibits strong financial stability and consistent performance, but faces significant headwinds driven by a rapidly increasing inflation environment and a concerning macroeconomic outlook. The company's high growth rate is significantly diminished by the current economic climate, suggesting potential vulnerability.",2.3
CCL,Carnival,Consumer Discretionary,33575176821.0,6,3,5,5,0,323.36,329.79,4.3,159507.0,23770.98,58.2,1.55,17.08,51.95,35.09,SELL - ระวังตัว,Bear Market,25.9950008392334,-0.4728249824524704,-0.062024109846574915,0.5670477073354766,0.022217873664068355,CCL,6.0,2.0,6.0,"Carnival demonstrates exceptionally strong financial health with a consistent history of robust growth, high profitability, and a favorable market position. However, the current macroeconomic environment – characterized by significant inflation and a weakening labor market – presents considerable risk, warranting a cautious investment approach due to the potential for further price declines.",2.3
CARR,Carrier Global,Industrials,43584356167.0,0,0,5,4,0,323.36,329.79,4.3,159507.0,23770.98,58.2,1.55,17.08,51.95,35.09,SELL - ระวังตัว,Bear Market,53.5619010925293,3.4634917577107744,0.2997641025517437,0.3750290614837714,-0.30771747200312083,CARR,4.0,1.0,4.0,"CARR faces significant headwinds due to a hyperinflationary environment, coupled with a weak economic outlook and a bearish market. The company's financial performance is exceptionally poor, with a near-zero growth rate and a volatile stock price, suggesting a high risk of further decline. The macroeconomic conditions are extremely challenging, amplifying existing problems.",1.475
CAT,Caterpillar Inc.,Industrials,261881381922.0,5,4,9,9,0,323.36,329.79,4.3,159507.0,23770.98,58.2,1.55,17.08,51.95,35.09,SELL - ระวังตัว,Bear Market,579.2849731445312,7.318279411568152,0.23599281664169847,0.30395888466253757,0.42642386062744575,CAT,7.0,3.0,6.0,"Caterpillar exhibits exceptionally strong financial performance, driven by consistent growth and robust profitability across multiple years. However, the current macroeconomic environment – characterized by high inflation and a weakening labor market – presents significant risks, warranting cautious investment consideration. The volatile market and recent price decline suggest a potential for further downward pressure.",2.7249999999999996
CBOE,Cboe Global Markets,Financials,28457871875.0,0,4,9,8,0,323.36,329.79,4.3,159507.0,23770.98,58.2,1.55,17.08,51.95,35.09,SELL - ระวังตัว,Bear Market,254.4600067138672,2.735466771199373,0.14088619159228521,0.24668701530421866,0.17887421597678932,CBOE,6.0,2.0,6.0,"CBOE, a Financials sector stock, exhibits concerning financial metrics under a volatile and inflationary environment. While exhibiting strong historical performance, the current macroeconomic conditions – particularly high inflation and unemployment – pose significant risks. The low growth and volatile price suggest potential for further decline, warranting careful risk management.",2.3
CBRE,CBRE Group,Real Estate,47034573176.0,5,4,7,4,0,323.36,329.79,4.3,159507.0,23770.98,58.2,1.55,17.08,51.95,35.09,SELL - ระวังตัว,Bear Market,159.02000427246094,3.4196777736417134,0.1602401680203247,0.3301425776953842,0.13593826725170133,CBRE,7.0,3.0,6.0,"CBRE Group demonstrates exceptionally strong financial health and consistent growth, bolstered by a robust macroeconomic environment characterized by inflation and a low unemployment rate. However, the bearish market sentiment and volatility suggest potential risks, warranting a cautious approach to the investment.",2.7249999999999996
CDW,CDW Corporation,Information Technology,18477084227.0,0,5,10,8,0,323.36,329.79,4.3,159507.0,23770.98,58.2,1.55,17.08,51.95,35.09,SELL - ระวังตัว,Bear Market,142.9499969482422,2.2884746476648474,0.1264360163791709,0.29545784249846946,-0.18746090547685867,CDW,6.0,1.0,6.0,"CDW Corporation demonstrates exceptionally strong financial health with a consistent history of robust growth and profitability, but faces significant headwinds driven by a rapidly accelerating inflation environment and a concerning macroeconomic outlook.  The negative momentum in the price action suggests a potential vulnerability to market sentiment.",2.125
COR,Cencora,Health Care,72165224866.0,8,0,10,0,2,323.36,329.79,4.3,159507.0,23770.98,58.2,1.55,17.08,51.95,35.09,SELL - ระวังตัว,Bear Market,350.69000244140625,2.5527302775202916,0.13517746607075853,0.2665276733997727,0.39411647062969757,COR,7.0,2.0,8.0,"Cencora demonstrates exceptionally strong financial health with a long history of consistent growth, robust free cash flow, and a high ROE. However, the current macroeconomic environment – characterized by significant inflation and a recessionary outlook – presents considerable risk, necessitating a cautious approach with a SELL recommendation.",2.7
CNC,Centene Corporation,Health Care,18761242060.0,6,0,0,4,0,323.36,329.79,4.3,159507.0,23770.98,58.2,1.55,17.08,51.95,35.09,SELL - ระวังตัว,Bear Market,38.650001525878906,0.36019708888197366,0.031245373703266965,0.3770484228484212,-0.3558333079020183,CNC,4.0,1.0,6.0,"CNC faces significant headwinds due to a persistently bearish macro environment, coupled with a lack of sustainable growth and a concerning lack of positive financial indicators. The extreme volatility and negative momentum suggest a high risk of further decline, necessitating a cautious approach with a SELL recommendation.",1.625
CNP,CenterPoint Energy,Utilities,25931927804.0,5,4,8,0,0,323.36,329.79,4.3,159507.0,23770.98,58.2,1.55,17.08,51.95,35.09,SELL - ระวังตัว,Bear Market,38.6150016784668,1.3474164065367908,0.08909079489996863,0.26229723260015597,0.18378304545933477,CNP,7.0,3.0,6.0,"CNP Energy demonstrates exceptionally strong financial performance, exhibiting robust growth and consistent profitability over a long period. However, the current macroeconomic environment – characterized by high inflation and a significant labor market downturn – presents considerable risk, warranting a cautious investment approach due to the potential for further deterioration.",2.7249999999999996
CF,CF Industries,Materials,12112990853.0,0,0,8,8,0,323.36,329.79,4.3,159507.0,23770.98,58.2,1.55,17.08,51.95,35.09,SELL - ระวังตัว,Bear Market,78.55999755859375,0.7130396099659255,0.05530972678996915,0.4044813884453988,-0.12380108911602161,CF,4.0,2.0,6.0,"CF Industries exhibits concerning financial stability with a history of strong, consistent profitability and cash flow, but is significantly impacted by a rapidly rising and inflationary macroeconomic environment. The negative momentum in price performance, coupled with a concerning lack of growth, warrants careful consideration and a SELL recommendation due to potential risks.",1.8
CRL,Charles River Laboratories,Health Care,8388284877.0,0,5,9,7,0,323.36,329.79,4.3,159507.0,23770.98,58.2,1.55,17.08,51.95,35.09,SELL - ระวังตัว,Bear Market,176.4199981689453,1.355092638423955,0.08944646165711245,0.3658056145680375,-0.11373455072501093,CRL,6.0,2.0,6.0,"CRL is exhibiting a concerning combination of strong financial performance, but significantly challenged by a volatile macroeconomic environment.  The consistently high ROE and cash flow, coupled with a positive growth rate, is juxtaposed with a rapidly increasing inflation rate and a bearish market outlook.  The SELL signal suggests a high risk of further decline, necessitating careful consideration of the investment.",2.3
SCHW,Charles Schwab Corporation,Financials,160848316420.0,6,5,10,4,0,323.36,329.79,4.3,159507.0,23770.98,58.2,1.55,17.08,51.95,35.09,SELL - ระวังตัว,Bear Market,92.69000244140625,1.8104913198285955,0.10887953696443775,0.339191129923472,0.11998550083203363,SCHW,7.0,3.0,6.0,"Charles Schwab Corporation (SCHW) demonstrates exceptionally strong financial health with a robust track record of consistent growth, high profitability, and a favorable macroeconomic environment. However, the current market conditions – a significant inflationary environment and a bear market – warrant caution due to the potential for further volatility.  The company's high ROE and free cash flow suggest resilience, but the SELL signal highlights potential risks associated with the current market.",2.7249999999999996
CHTR,Charter Communications,Communication Services,25762816782.0,0,0,9,8,0,323.36,329.79,4.3,159507.0,23770.98,58.2,1.55,17.08,51.95,35.09,SELL - ระวังตัว,Bear Market,196.25999450683594,0.08556890201449963,0.008245349609544705,0.3267258910737989,-0.5056049729114886,CHTR,4.0,2.0,4.0,"Charter Communications (CHT) exhibits concerning financial stability and growth, amidst a significant inflationary environment and a bearish market outlook.  Despite strong historical performance, the current macroeconomic conditions and a lack of growth suggest heightened risk.  The SELL signal highlights potential vulnerabilities requiring careful consideration.",1.6500000000000001
CVX,Chevron Corporation,Energy,301524859151.0,6,4,8,8,0,323.36,329.79,4.3,159507.0,23770.98,58.2,1.55,17.08,51.95,35.09,SELL - ระวังตัว,Bear Market,149.77499389648438,0.685706206737962,0.053613419607839274,0.29506018323006983,-0.07506329481304808,CVX,7.0,3.0,6.0,"Chevron Corporation demonstrates exceptionally strong financial health and consistent growth, bolstered by a robust free cash flow and a high ROE. However, the current macroeconomic environment – characterized by high inflation and a significant labor market downturn – presents considerable risk, necessitating a cautious approach with a SELL signal.",2.7249999999999996
CMG,Chipotle Mexican Grill,Consumer Discretionary,41241850820.0,0,0,9,9,0,323.36,329.79,4.3,159507.0,23770.98,58.2,1.55,17.08,51.95,35.09,SELL - ระวังตัว,Bear Market,34.244998931884766,2.028869014230634,0.11720954762505764,0.35815171497423426,-0.4433517770306985,CMG,4.0,2.0,8.0,CMG มีคุณภาพทางการเงินที่ดีอย่างมากในฐานะบริษัทที่ดำเนินธุรกิจ Consumer Discretionary ที่มีผลประกอบการที่แข็งแกร่งและมีอัตรากำไรที่ดีอย่างต่อเนื่อง แม้ว่าแนวโน้มการเติบโตจะชะลอลงอย่างรวดเร็วเนื่องจากสภาพเศรษฐกิจที่ผันผวน แต่บริษัทยังคงรักษาผลตอบแทนที่สูงและมีราคาที่สูงกว่าค่าเฉลี่ยของตลาด ทำให้มีความน่าสนใจในระยะยาวภายใต้สถานการณ์ปัจจุบัน,1.9500000000000002
CB,Chubb Limited,Financials,116416279601.0,5,0,9,0,0,323.36,329.79,4.3,159507.0,23770.98,58.2,1.55,17.08,51.95,35.09,SELL - ระวังตัว,Bear Market,293.2215881347656,1.5773191244322295,0.09931574696248369,0.2372930917259312,0.015556322438023962,CB,6.0,2.0,8.0,CB Limited มีคุณภาพทางการเงินที่ดีอย่างมากในฐานะบริษัทที่ดำเนินธุรกิจในภาคการเงิน โดยมีประสิทธิภาพทางการเงินที่แข็งแกร่งและ ROE ที่สูงมาก แต่สภาพแวดล้อมเศรษฐกิจมหภาคที่รุนแรงและอัตราเงินเฟ้อสูงทำให้เกิดความเสี่ยงที่ต้องระวัง,2.45
CHD,Church & Dwight,Consumer Staples,19868362075.0,6,0,9,0,0,323.36,329.79,4.3,159507.0,23770.98,58.2,1.55,17.08,51.95,35.09,SELL - ระวังตัว,Bear Market,83.33000183105469,0.9556442299325083,0.06938225476917426,0.21629188222162468,-0.2433487341391133,CHD,6.0,1.0,4.0,"Church & Dwight exhibits concerning financial stability and a challenging macroeconomic environment.  The consistently strong financial performance, coupled with a significant negative growth trend, suggests potential vulnerabilities.  The extreme inflation and bear market conditions pose significant risks, warranting careful consideration before investing.",1.975
CI,Cigna,Health Care,72516645270.0,7,4,9,0,0,323.36,329.79,4.3,159507.0,23770.98,58.2,1.55,17.08,51.95,35.09,SELL - ระวังตัว,Bear Market,273.2699890136719,0.9908931950311439,0.07129453764061,0.3069592304109935,-0.19103019867142834,CI,7.0,2.0,6.0,"CI is exhibiting exceptionally strong financial performance, demonstrating robust growth and consistent profitability over a long period. However, the current market environment – characterized by significant inflation and a potential bear market – warrants caution due to the elevated volatility and negative momentum.  The company's high ROE and cash flow generation are positive indicators, but the macroeconomic headwinds pose a significant risk.",2.55
CINF,Cincinnati Financial,Financials,26009846302.0,5,3,8,9,0,323.36,329.79,4.3,159507.0,23770.98,58.2,1.55,17.08,51.95,35.09,SELL - ระวังตัว,Bear Market,164.9149932861328,1.7467520115157602,0.10633831450025233,0.28761060642744374,0.031814999667290955,CINF,7.0,2.0,6.0,"Cincinnati Financial demonstrates exceptionally strong financial health with a consistent history of robust growth, high profitability, and a favorable macroeconomic environment. However, the current market conditions – characterized by significant inflation and a bear market – warrant caution due to the potential for further volatility.  The high ROE and Free Cash Flow suggest a potentially resilient business, but the elevated risk associated with the macroeconomic backdrop necessitates a careful evaluation before investing.",2.55
CTAS,Cintas,Industrials,73204034064.0,7,5,10,9,0,323.36,329.79,4.3,159507.0,23770.98,58.2,1.55,17.08,51.95,35.09,SELL - ระวังตัว,Bear Market,184.0749969482422,7.166592256943375,0.23371991174131512,0.2654127898750972,-0.18475130687048302,CTAS,7.0,2.0,6.0,"CTAS demonstrates exceptionally strong financial health with a consistent history of robust growth, high profitability, and a favorable macroeconomic environment. However, the current market conditions – a significant inflationary environment and a bearish market – warrant caution due to the volatility and potential for further decline.  The company's high ROE and consistent EPS growth are positive indicators, but the negative momentum suggests a potential risk.",2.55
CSCO,Cisco,Information Technology,301231449483.0,6,4,9,9,0,323.36,329.79,4.3,159507.0,23770.98,58.2,1.55,17.08,51.95,35.09,SELL - ระวังตัว,Bear Market,76.22000122070312,1.828200336287848,0.10957636844987118,0.2516761101409857,0.2872825941436503,CSCO,7.0,3.0,6.0,"Cisco demonstrates exceptionally strong financial health and consistent growth, particularly in a challenging macroeconomic environment.  Despite a significant inflationary pressure, their robust profitability and cash flow demonstrate resilience. However, the bearish market conditions and potential for further volatility warrant caution, suggesting a potential shift in investor sentiment.",2.7249999999999996
C,Citigroup,Financials,178371943391.0,4,0,9,0,0,323.36,329.79,4.3,159507.0,23770.98,58.2,1.55,17.08,51.95,35.09,SELL - ระวังตัว,Bear Market,103.61000061035156,0.9362736658628783,0.06831814007287007,0.33490785006024465,0.4619725778880197,C,6.0,2.0,4.0,Citigroup มีคุณภาพทางการเงินที่ดีอย่างมากในปัจจุบัน เนื่องจากมีผลประกอบการที่แข็งแกร่งและ ROE ที่สูงมาก แต่สภาพแวดล้อมทางเศรษฐกิจมหภาคที่รุนแรงและขึ้นอยู่กับเงินเฟ้อสูง ทำให้เกิดความเสี่ยงที่ต้องระวังเป็นพิเศษ และราคาหุ้นปัจจุบันอยู่ในระดับที่น่าสนใจสำหรับนักลงทุนที่มองหาความเสี่ยงที่ยอมรับได้,2.15
CFG,Citizens Financial Group,Financials,22672576023.0,5,5,9,0,0,323.36,329.79,4.3,159507.0,23770.98,58.2,1.55,17.08,51.95,35.09,SELL - ระวังตัว,Bear Market,54.810001373291016,1.0706461199505428,0.07551114749684529,0.38506329643899384,0.13855425982985858,CFG,7.0,3.0,6.0,"Citizens Financial Group demonstrates exceptionally strong financial health with a consistent history of robust growth, high profitability, and a favorable macroeconomic environment. However, the current market conditions – a significant inflationary environment and a bearish market – warrant caution due to the potential for further volatility and a potential shift towards a bear market.",2.7249999999999996
CLX,Clorox,Consumer Staples,12888446845.0,0,0,9,9,8,323.36,329.79,4.3,159507.0,23770.98,58.2,1.55,17.08,51.95,35.09,SELL - ระวังตัว,Bear Market,106.0884017944336,-0.15836256068258658,-0.01709514665698153,0.237255559604133,-0.36538611619042694,CLX,6.0,2.0,8.0,"CLX demonstrates exceptionally strong financial stability and consistent performance, particularly in a challenging macroeconomic environment characterized by high inflation and a significant economic downturn.  However, the lack of growth and volatile price action raises concerns about future prospects, warranting a cautious investment approach.",2.45
CME,CME Group,Financials,99409283645.0,0,0,10,9,0,323.36,329.79,4.3,159507.0,23770.98,58.2,1.55,17.08,51.95,35.09,SELL - ระวังตัว,Bear Market,275.2950134277344,1.884784790394718,0.11177688774751848,0.23992877782022215,0.15670173709132085,CME,4.0,2.0,8.0,หุ้น CME Group มีคุณภาพทางการเงินค่อนข้างดี (4) แต่การเติบโตและผลตอบแทนในอดีตต่ำมาก (1) สภาพเศรษฐกิจมหภาคอยู่ในช่วง Bear Market (8) ซึ่งส่งผลกระทบต่อความน่าสนใจของหุ้นนี้อย่างมาก การเคลื่อนไหวของราคาในปัจจุบัน (2) แสดงให้เห็นถึงความเสี่ยงที่สูงขึ้นจากสภาพแวดล้อมที่ผันผวน,1.9500000000000002
CMS,CMS Energy,Utilities,22610958540.0,7,5,9,0,0,323.36,329.79,4.3,159507.0,23770.98,58.2,1.55,17.08,51.95,35.09,SELL - ระวังตัว,Bear Market,72.81600189208984,1.1266354650292882,0.07838488421622958,0.20685979494950393,0.04455605864882339,CMS,6.0,2.0,6.0,"CMS Energy exhibits exceptionally strong financial performance, demonstrating robust growth and consistent profitability over a long period. However, the current market environment – characterized by high inflation and a bear market – presents significant risks, warranting cautious consideration of the investment.",2.3
KO,Coca-Cola Company (The),Consumer Staples,312253786059.0,4,4,9,8,0,323.36,329.79,4.3,159507.0,23770.98,58.2,1.55,17.08,51.95,35.09,SELL - ระวังตัว,Bear Market,70.63500213623047,0.6635657950840896,0.0522211439162914,0.18179895322739328,0.10229400933005395,KO,7.0,3.0,6.0,"Coca-Cola faces significant headwinds due to a rapidly rising inflation environment, coupled with a concerning bear market. The company demonstrates robust financial performance, particularly in recent years, but growth is slowing considerably, raising concerns about long-term sustainability.  The extreme volatility and downward momentum suggest a potential risk of further decline.",2.7249999999999996
CTSH,Cognizant,Information Technology,36159873757.0,7,0,9,8,0,323.36,329.79,4.3,159507.0,23770.98,58.2,1.55,17.08,51.95,35.09,SELL - ระวังตัว,Bear Market,77.45999908447266,0.25604023649020635,0.02306142727739413,0.2824607106279363,-0.03764441371243654,CTSH,6.0,2.0,6.0,"Cognizant exhibits concerning financial stability and growth, hampered by a volatile macroeconomic environment and a significant inflationary pressure. While the company demonstrates strong historical performance, the current macroeconomic conditions and a concerning growth rate suggest potential risks. The SELL signal highlights a need for careful consideration of the investment.",2.3
COIN,Coinbase,Financials,69020727070.0,2,0,2,0,0,323.36,329.79,4.3,159507.0,23770.98,58.2,1.55,17.08,51.95,35.09,SELL - ระวังตัว,Bear Market,270.71990966796875,-0.1753383980911547,-0.04073802923513603,0.8661921507070259,-0.086023300097817,COIN,4.0,1.0,4.0,"Coin is exhibiting concerning negative trends across multiple financial metrics, particularly in the face of a rapidly inflationary environment and a significant economic downturn. The lack of growth and profitability, coupled with a volatile market, warrants careful consideration and a SELL recommendation due to the significant risk involved.",1.475
CL,Colgate-Palmolive,Consumer Staples,63824222108.0,5,0,9,9,8,323.36,329.79,4.3,159507.0,23770.98,58.2,1.55,17.08,51.95,35.09,SELL - ระวังตัว,Bear Market,78.08999633789062,0.19075928877013193,0.017614849833579305,0.19382164611957564,-0.19186589508954532,CL,7.0,2.0,6.0,"Clilege-Palmolive exhibits exceptionally strong financial health, demonstrating consistent profitability and robust growth over a long period, despite a challenging macroeconomic environment. However, the volatile market and potential for a bear market warrant caution, suggesting a potential shift in investor sentiment.  The company's performance is currently under scrutiny due to the significant inflationary pressures impacting consumer spending.",2.55
CMCSA,Comcast,Communication Services,96417448602.0,5,0,9,9,0,323.36,329.79,4.3,159507.0,23770.98,58.2,1.55,17.08,51.95,35.09,SELL - ระวังตัว,Bear Market,26.524999618530273,-0.11019791701657655,-0.011609306357258764,0.2573802028013809,-0.3858531960654651,CMCSA,6.0,2.0,6.0,"CMCSA (Comcast) exhibits concerning financial health under a volatile and inflationary economic environment. While demonstrating strong historical growth, the current macroeconomic conditions pose significant risks, warranting a cautious investment approach due to the negative correlation between the market and the fundamental metrics.",2.3
CAG,Conagra Brands,Consumer Staples,8380720750.0,0,0,9,8,0,323.36,329.79,4.3,159507.0,23770.98,58.2,1.55,17.08,51.95,35.09,SELL - ระวังตัว,Bear Market,17.260000228881836,-0.4455224917217868,-0.057275298102550165,0.25696195465639243,-0.37350269666564984,CAG,4.0,2.0,8.0,"Conagra Brands exhibits concerning financial health with a prolonged period of profitability and strong cash flow, but significantly hampered by a rapidly increasing inflation environment and a bearish market outlook.  The company's growth is severely limited, and its performance is negatively impacted by macroeconomic headwinds, suggesting a high risk of further decline.",1.9500000000000002
COP,ConocoPhillips,Energy,108199489970.0,5,0,7,8,0,323.36,329.79,4.3,159507.0,23770.98,58.2,1.55,17.08,51.95,35.09,SELL - ระวังตัว,Bear Market,89.08999633789062,0.726215758269563,0.056118751869426164,0.386858809173081,-0.17768137945992846,COP,6.0,2.0,6.0,"ConocoPhillips exhibits exceptionally strong financial performance over a long period, demonstrating robust profitability and stable cash flow. However, the current macroeconomic environment – characterized by high inflation and a significant economic downturn – presents considerable risk, warranting a cautious investment approach due to the bearish market regime.",2.3
ED,Consolidated Edison,Utilities,35703750343.0,5,5,10,0,0,323.36,329.79,4.3,159507.0,23770.98,58.2,1.55,17.08,51.95,35.09,SELL - ระวังตัว,Bear Market,97.27999877929688,0.6079338641206096,0.048647781081153196,0.21152116474055685,-0.03290583237994338,ED,7.0,2.0,6.0,"Consolidated Edison (ED) exhibits exceptionally strong financial performance over a long period, demonstrating robust profitability and consistent growth. However, the current macroeconomic environment – characterized by high inflation and a significant labor market downturn – presents considerable risk, warranting a cautious investment approach. The negative momentum in the price suggests a potential vulnerability to further market volatility.",2.55
STZ,Constellation Brands,Consumer Staples,23121011819.0,0,0,8,8,0,323.36,329.79,4.3,159507.0,23770.98,58.2,1.55,17.08,51.95,35.09,SELL - ระวังตัว,Bear Market,137.2100067138672,-0.023416322321230032,-0.0023670027207033373,0.26502409950470546,-0.4305457213044045,STZ,4.0,1.0,6.0,"Constellation Brands exhibits concerning financial health with a prolonged period of profitability and strong cash flow, but significantly hampered by a rapidly accelerating inflation environment. The bear market conditions and negative macroeconomic outlook suggest a high risk of further decline, necessitating a cautious investment approach.",1.625
CEG,Constellation Energy,Utilities,110583478778.0,3,2,4,2,0,323.36,329.79,4.3,159507.0,23770.98,58.2,1.55,17.08,51.95,35.09,SELL - ระวังตัว,Bear Market,363.0,7.642857142857142,0.7463004290443118,0.49148956086934253,0.4148737272150045,CEG,7.0,3.0,6.0,"Constellation Energy demonstrates exceptionally strong financial health, driven by consistent growth and robust profitability, despite a challenging macroeconomic environment characterized by high inflation and a significant labor market downturn.  The company's impressive ROE and cash flow generation are particularly noteworthy, though the SELL signal and bearish market outlook warrant caution.  The high volatility suggests potential risks in the near term.",2.7249999999999996
COO,Cooper Companies (The),Health Care,15111466085.0,7,4,9,6,0,323.36,329.79,4.3,159507.0,23770.98,58.2,1.55,17.08,51.95,35.09,SELL - ระวังตัว,Bear Market,76.80999755859375,1.1629002719727364,0.08021010726357214,0.2776918162362489,-0.26469463687740846,COO,7.0,2.0,6.0,"Cooper Companies demonstrates exceptionally strong financial health and consistent growth, bolstered by a favorable macroeconomic environment. However, the current price performance is concerning, suggesting a potential shift towards a bear market.  The company's robust financial metrics are offset by a challenging macroeconomic backdrop and a volatile market.",2.55
CPRT,Copart,Industrials,37654433754.0,0,0,10,7,0,323.36,329.79,4.3,159507.0,23770.98,58.2,1.55,17.08,51.95,35.09,SELL - ระวังตัว,Bear Market,39.09000015258789,7.05149330566794,0.23196975530805353,0.2734038428234336,-0.3833412126681409,CPRT,4.0,2.0,8.0,"CPRT exhibits concerning financial health with a prolonged period of strong profitability and consistent cash flow, but the rapidly increasing inflation and bear market environment pose significant risks. The lack of growth and volatile performance suggest a potential vulnerability to economic downturns.  The SELL signal warrants careful consideration due to the elevated risk associated with the current market conditions.",1.9500000000000002
GLW,Corning Inc.,Information Technology,70817968710.0,5,0,8,7,0,323.36,329.79,4.3,159507.0,23770.98,58.2,1.55,17.08,51.95,35.09,SELL - ระวังตัว,Bear Market,83.66999816894531,3.6926527496896417,0.16721546820289812,0.30374928800573525,0.7191288538476321,GLW,6.0,2.0,7.0,"Corning Inc. demonstrates exceptionally strong financial health with a long history of consistent growth, robust free cash flow, and a high ROE. However, the current macroeconomic environment – characterized by significant inflation and a recessionary outlook – presents considerable risk, necessitating a cautious investment approach due to the bearish market regime.",2.375
CPAY,Corpay,Financials,20080060814.0,1,0,1,0,0,323.36,329.79,4.3,159507.0,23770.98,58.2,1.55,17.08,51.95,35.09,SELL - ระวังตัว,Bear Market,298.4200134277344,1.0034912355951957,0.0719706049309341,0.3226503396689914,-0.2171152233544421,CPAY,4.0,1.0,4.0,"The Corpay presents a concerning picture given the extreme macro environment and significant negative trends. The company's financial performance is severely impacted by a hyperinflationary environment, with a near-zero growth rate and a volatile market.  The extreme macroeconomic conditions suggest a high risk of further deterioration, making a SELL recommendation warranted.",1.475
CTVA,Corteva,Materials,44368563120.0,0,0,0,3,0,323.36,329.79,4.3,159507.0,23770.98,58.2,1.55,17.08,51.95,35.09,SELL - ระวังตัว,Bear Market,65.58999633789062,1.2617240116514008,0.1331914783764283,0.33379938211120047,0.053823820197338224,CTVA,3.0,1.0,8.0,"Corteva faces significant headwinds due to a severe macroeconomic environment characterized by hyperinflation, a rapidly cooling economy, and a significant decline in consumer confidence. The company's financial performance is severely impacted by this backdrop, with a lack of growth and profitability, coupled with a volatile stock price.  The bearish market conditions suggest a high risk of further decline.",1.525
CSGP,CoStar Group,Real Estate,28629229532.0,9,0,9,0,0,323.36,329.79,4.3,159507.0,23770.98,58.2,1.55,17.08,51.95,35.09,SELL - ระวังตัว,Bear Market,67.79499816894531,2.3109493418967166,0.12720361352229492,0.3178223320418984,-0.16652322078647108,CSGP,4.0,1.0,8.0,"CSGP exhibits concerning financial health with a prolonged history of profitability and strong growth, but is significantly impacted by a rapidly increasing inflationary environment and a weakening macroeconomic outlook.  The extreme volatility and negative momentum suggest a high risk profile, warranting a SELL recommendation due to potential for significant losses.",1.775
COST,Costco,Consumer Staples,392709931437.0,5,5,9,8,0,323.36,329.79,4.3,159507.0,23770.98,58.2,1.55,17.08,51.95,35.09,SELL - ระวังตัว,Bear Market,911.75,4.570660537668382,0.18741049117737663,0.2199470883690383,-0.06186978287516354,COST,7.0,2.0,6.0,"Cost exhibits exceptionally strong financial health – a consistent 5+ year growth rate, robust free cash flow, and a high ROE. However, the current macroeconomic environment – characterized by high inflation, a significant labor market downturn, and a bearish market – presents significant risks.  The price action suggests a potential for further decline, warranting careful consideration of investment strategy.",2.55
CTRA,Coterra,Energy,19948091862.0,0,0,4,4,0,323.36,329.79,4.3,159507.0,23770.98,58.2,1.55,17.08,51.95,35.09,SELL - ระวังตัว,Bear Market,26.600000381469727,0.5528313884797251,0.04499700759757386,0.3679887920489477,-0.004490978105107568,CTRA,4.0,1.0,4.0,"CTRA (Coterra) exhibits concerning financial health with a significant negative correlation between its performance and the current macroeconomic environment.  The extreme inflation and economic downturn pose significant risks, while the lack of growth and profitability suggests a vulnerable company.  The SELL signal highlights a high level of caution, demanding careful consideration of potential downside.",1.475
CRWD,CrowdStrike,Information Technology,127189084055.0,5,0,0,4,0,323.36,329.79,4.3,159507.0,23770.98,58.2,1.55,17.08,51.95,35.09,SELL - ระวังตัว,Bear Market,514.7999877929688,7.87586185849946,0.4010105135819517,0.5631647834037308,0.4879902476416291,CRWD,4.0,1.0,4.0,"CRWD exhibits concerning financial health with a significant lack of growth and a volatile market, exacerbated by a rapidly increasing inflation environment and a bearish macroeconomic outlook.  The low ROE and cash flow generation suggest significant risk, compounded by the extreme volatility and potential for further decline.",1.475
CCI,Crown Castle,Real Estate,38766341470.0,6,4,9,9,0,323.36,329.79,4.3,159507.0,23770.98,58.2,1.55,17.08,51.95,35.09,SELL - ระวังตัว,Bear Market,88.2874984741211,0.041617464004083615,0.004086360633250852,0.25393909995379726,-0.16905883789062504,CCI,7.0,2.0,6.0,"Crown Castle (CCI) exhibits strong, consistent financial performance with a robust history of growth and profitability, but faces significant headwinds from a rapidly increasing inflation environment.  The bearish macro environment and negative momentum suggest a potential for further decline, necessitating a cautious investment approach.",2.55
CSX,CSX Corporation,Industrials,64038889917.0,5,0,10,9,0,323.36,329.79,4.3,159507.0,23770.98,58.2,1.55,17.08,51.95,35.09,SELL - ระวังตัว,Bear Market,34.67499923706055,2.838561017282691,0.1439968872650108,0.28131116650229415,-0.0512995906741035,CSX,6.0,2.0,8.0,CSX Corporation มีคุณภาพทางการเงินที่ดีอย่างมาก โดยมีผลตอบแทนที่สูงและอัตราส่วนที่แข็งแกร่งในสภาพแวดล้อมเศรษฐกิจมหภาคที่ท้าทาย โดยมีผลการเติบโตที่โดดเด่นและผลตอบแทนที่สูงมาก แต่ราคาปัจจุบันต่ำกว่าค่าเฉลี่ย และมีความเสี่ยงที่สูงจากสภาพแวดล้อมเศรษฐกิจที่ผันผวน,2.45
CMI,Cummins,Industrials,67033165182.0,0,0,9,8,0,323.36,329.79,4.3,159507.0,23770.98,58.2,1.55,17.08,51.95,35.09,SELL - ระวังตัว,Bear Market,500.2799987792969,4.409601866561664,0.18393147960133893,0.2758826017292986,0.3339376796632456,CMI,4.0,2.0,8.0,"CMI demonstrates exceptionally poor financial health, experiencing a prolonged period of stagnation and negative growth, amidst a severe inflationary environment and a bearish market outlook.  The company's low ROE, volatile price, and lack of growth indicators suggest a significant risk.  The extreme macroeconomic conditions necessitate caution with this investment.",1.9500000000000002
CVS,CVS Health,Health Care,98888790582.0,8,0,0,0,0,323.36,329.79,4.3,159507.0,23770.98,58.2,1.55,17.08,51.95,35.09,SELL - ระวังตัว,Bear Market,77.91000366210938,-0.16090463174510183,-0.017392466967722342,0.28534394302285737,0.3017544803413379,CVS,3.0,1.0,8.0,"CVS Health faces significant headwinds due to a severe macroeconomic environment characterized by hyperinflation, declining GDP, and a significant drop in consumer confidence. The company's financial health is severely compromised, with a lack of growth and a volatile stock price, suggesting a high risk of further decline.",1.525
DHR,Danaher Corporation,Health Care,162529389898.0,5,4,10,8,0,323.36,329.79,4.3,159507.0,23770.98,58.2,1.55,17.08,51.95,35.09,SELL - ระวังตัว,Bear Market,226.34500122070312,2.561748556991714,0.13546533122903393,0.25017751296946344,-0.05567608613114927,DHR,7.0,3.0,6.0,"Danaher demonstrates strong financial health with consistent growth, high profitability, and a robust cash flow. However, the current macroeconomic environment – characterized by high inflation and a potential bear market – presents significant risks, warranting cautious consideration of the stock.",2.7249999999999996
DRI,Darden Restaurants,Consumer Discretionary,20159501230.0,0,0,9,8,0,323.36,329.79,4.3,159507.0,23770.98,58.2,1.55,17.08,51.95,35.09,SELL - ระวังตัว,Bear Market,174.52999877929688,2.161775296504597,0.12201831171893573,0.3583112630417151,-0.009871251211150622,DRI,6.0,2.0,8.0,"DRI presents a concerning picture considering its consistently negative growth and volatile performance in the face of a rapidly inflationary environment. The bearish market regime and significant volatility suggest a high risk of further decline. While the company's strong historical ROE and cash flow are positive, the lack of growth and the extreme market conditions warrant caution.",2.45
DDOG,Datadog,Information Technology,55560273472.0,6,1,3,2,0,323.36,329.79,4.3,159507.0,23770.98,58.2,1.55,17.08,51.95,35.09,SELL - ระวังตัว,Bear Market,158.0,3.2077231214444204,0.26063209472572435,0.5875918179932462,0.03436988543371533,DDOG,7.0,3.0,6.0,"Datadog มีคุณภาพทางการเงินที่ดีอย่างมาก (สูง), มีการเติบโตที่แข็งแกร่งและอัตราผลตอบแทนที่สูง (สูง) แม้จะอยู่ในสภาพแวดล้อมเศรษฐกิจมหภาคที่ท้าทาย (Bear Market) แต่ราคาปัจจุบันยังต่ำกว่าค่าเฉลี่ยที่น่าสนใจ และมีสัญญาณเตือนถึงความเสี่ยงที่อาจเกิดขึ้น",2.7249999999999996
DVA,DaVita,Health Care,8435994000.0,6,0,9,9,0,323.36,329.79,4.3,159507.0,23770.98,58.2,1.55,17.08,51.95,35.09,SELL - ระวังตัว,Bear Market,118.9000015258789,0.658992668670088,0.051931491241917094,0.3289627993050068,-0.28446769671987915,DVA,6.0,1.0,4.0,"DVA exhibits exceptionally strong financial health with a long track record of profitability and consistent growth, but the current macroeconomic environment – characterized by hyperinflation and a significant labor market downturn – presents considerable risk. The negative momentum in the price suggests a potential vulnerability to the current market conditions, warranting careful consideration before investing.",1.975
DAY,Dayforce,Industrials,11034410699.0,0,0,1,1,0,323.36,329.79,4.3,159507.0,23770.98,58.2,1.55,17.08,51.95,35.09,SELL - ระวังตัว,Bear Market,69.21499633789062,1.2177186276280896,0.11044224953614301,0.44689298388229454,-0.13470436071557024,DAY,4.0,1.0,8.0,"Dayforce demonstrates concerning financial health with a significant lack of growth and a volatile market. The macroeconomic environment is highly inflationary and challenging, impacting the company's profitability.  The stock's poor performance suggests a potential risk, warranting careful consideration before investing.",1.775
DECK,Deckers Brands,Consumer Discretionary,12115767967.0,4,4,8,0,0,323.36,329.79,4.3,159507.0,23770.98,58.2,1.55,17.08,51.95,35.09,SELL - ระวังตัว,Bear Market,91.80000305175781,10.091422070136197,0.27207591598936554,0.4191534969973137,-0.531537048854053,DECK,7.0,3.0,6.0,"Deckers Brands exhibits strong financial health with consistent growth and profitability over a long period, but faces significant headwinds from a rapidly rising inflation environment. The bearish macro regime and negative momentum suggest a potential for further decline, necessitating caution with a SELL recommendation.",2.7249999999999996
DE,Deere & Company,Industrials,131712589664.0,0,0,9,6,0,323.36,329.79,4.3,159507.0,23770.98,58.2,1.55,17.08,51.95,35.09,SELL - ระวังตัว,Bear Market,472.4150085449219,5.033397064271459,0.19692483303125097,0.2993448143236088,0.013983719110940873,DE,4.0,2.0,8.0,"Deere & Company exhibits concerning financial health with a prolonged period of strong earnings growth, but significantly diminished future growth prospects under a volatile and inflationary macroeconomic environment. The extreme volatility and bearish market conditions suggest a high risk profile, warranting careful consideration before investing.",1.9500000000000002
DELL,Dell Technologies,Information Technology,85539312016.0,5,4,10,6,0,323.36,329.79,4.3,159507.0,23770.98,58.2,1.55,17.08,51.95,35.09,SELL - ระวังตัว,Bear Market,136.32000732421875,10.296293664984047,0.2981149746842917,0.40903545630478305,0.06842237821849961,DELL,7.0,3.0,6.0,Dell Technologies มีคุณภาพทางการเงินที่ดีอย่างมากด้วยผลตอบแทนที่สูงและอัตราการเติบโตที่โดดเด่นในระยะยาว แต่สภาพแวดล้อมเศรษฐกิจมหภาคที่ผันผวนและอัตราเงินเฟ้อสูงทำให้เกิดความกังวลด้านความเสี่ยง แม้จะมีผลตอบแทนที่สูง แต่การเปลี่ยนแปลงของอัตราเงินเฟ้อและภาวะเศรษฐกิจโดยรวมทำให้เกิดความเสี่ยงที่ต้องพิจารณาอย่างระมัดระวัง,2.7249999999999996
DAL,Delta Air Lines,Industrials,39615251135.0,5,0,8,8,0,323.36,329.79,4.3,159507.0,23770.98,58.2,1.55,17.08,51.95,35.09,SELL - ระวังตัว,Bear Market,65.24500274658203,0.3530692885708444,0.03070362054228082,0.4177055042510253,0.022328471616607892,DAL,6.0,2.0,6.0,"DAL faces significant headwinds due to a hyper-inflationary environment and a weak macroeconomic outlook. While exhibiting strong financial performance over a long period, the current market conditions suggest a high risk of further decline, warranting a cautious investment approach.",2.3
DVN,Devon Energy,Energy,22538889000.0,5,0,7,8,0,323.36,329.79,4.3,159507.0,23770.98,58.2,1.55,17.08,51.95,35.09,SELL - ระวังตัว,Bear Market,37.400001525878906,-0.0900242599904697,-0.009390655301484196,0.5181942001098173,-0.014492733228022914,DVN,6.0,2.0,6.0,"Devon Energy faces significant headwinds due to a rapidly deteriorating macroeconomic environment characterized by hyperinflation, high unemployment, and a significant decline in consumer confidence. The company's strong financial performance, particularly its consistent growth and profitability, is undermined by a concerning bearish market outlook and a volatile price action.  The combination of these factors warrants careful consideration before investing.",2.3
DXCM,Dexcom,Health Care,2697508899.0,7,3,7,5,0,323.36,329.79,4.3,159507.0,23770.98,58.2,1.55,17.08,51.95,35.09,SELL - ระวังตัว,Bear Market,65.2300033569336,2.1084108391570258,0.12010976885124691,0.48995480566241134,-0.1636106533702526,DXCM,7.0,3.0,6.0,"DXCM demonstrates exceptionally strong financial health and consistent growth, bolstered by a robust free cash flow and a high ROE. However, the current macroeconomic environment – characterized by high inflation and a weakening labor market – presents significant risks, warranting a cautious investment approach due to the bearish market regime.",2.7249999999999996
FANG,Diamondback Energy,Energy,42302641651.0,7,5,7,4,0,323.36,329.79,4.3,159507.0,23770.98,58.2,1.55,17.08,51.95,35.09,SELL - ระวังตัว,Bear Market,155.47000122070312,1.0256677683479234,0.0731514557808246,0.49514107481201086,-0.12455653794316779,FANG,7.0,2.0,4.0,"Diamondback Energy exhibits exceptionally strong financial performance, driven by consistent growth and robust cash flow, despite a challenging macroeconomic environment characterized by high inflation and a significant labor market downturn.  The company's high ROE and free cash flow demonstrate resilience, but the bearish macro regime and SELL signal suggest heightened risk.  The negative momentum in the 12-month timeframe warrants careful consideration.",2.4
DLR,Digital Realty,Real Estate,54620181784.0,8,0,9,0,0,323.36,329.79,4.3,159507.0,23770.98,58.2,1.55,17.08,51.95,35.09,SELL - ระวังตัว,Bear Market,156.2550048828125,1.1850790129349762,0.08131284556369334,0.2822248099958753,-0.20151769158673005,DLR,4.0,1.0,8.0,"Digital Realty (DLR) exhibits concerning financial stability and growth, significantly hampered by a severe macroeconomic environment characterized by hyperinflation and a substantial labor market downturn. The company's historical performance is deeply impacted by a prolonged period of stagnation, suggesting a potential vulnerability to future economic shifts.  The bearish market conditions and negative momentum suggest a high risk of further decline, warranting a cautious investment approach.",1.775
DG,Dollar General,Consumer Staples,22382581987.0,6,5,10,9,0,323.36,329.79,4.3,159507.0,23770.98,58.2,1.55,17.08,51.95,35.09,SELL - ระวังตัว,Bear Market,109.15499877929688,0.6023927536434781,0.04828579477152517,0.3076787511480439,0.41264402124303157,DG,7.0,3.0,6.0,"Dollar General demonstrates exceptionally strong financial health and consistent growth, bolstered by a robust free cash flow and a favorable macroeconomic environment. However, the current market conditions – characterized by high inflation and a bear market – necessitate caution due to the potential for significant volatility and a potential shift in investor sentiment.  The company's performance is currently under scrutiny due to the challenging macroeconomic backdrop.",2.7249999999999996
DLTR,Dollar Tree,Consumer Staples,20447776161.0,0,0,9,7,0,323.36,329.79,4.3,159507.0,23770.98,58.2,1.55,17.08,51.95,35.09,SELL - ระวังตัว,Bear Market,108.11000061035156,0.45917135853686974,0.03851524561372632,0.36107424078933215,0.5169076147398581,DLTR,6.0,2.0,8.0,"Dollar Tree (DLTR) exhibits concerning financial health with a prolonged period of strong profitability and consistent cash flow, but is significantly impacted by a hyperinflationary environment and a bearish macroeconomic outlook. The lack of growth and volatile price action suggests a high risk profile, warranting a cautious investment approach.",2.45
D,Dominion Energy,Utilities,52601057863.0,5,5,8,0,0,323.36,329.79,4.3,159507.0,23770.98,58.2,1.55,17.08,51.95,35.09,SELL - ระวังตัว,Bear Market,60.18000030517578,-0.0765689428260159,-0.007935351757001996,0.23518981040354572,0.024340430726396356,D,6.0,2.0,4.0,"Dominion Energy demonstrates exceptionally strong financial health and consistent growth, but faces significant headwinds due to a rapidly increasing inflation environment and a bearish macroeconomic outlook.  The company's high ROE and cash flow generation are mitigating factors, but the extreme inflation and potential recessionary pressures necessitate caution with the SELL recommendation.",2.15
DPZ,Domino's,Consumer Discretionary,13604696402.0,5,4,10,9,0,323.36,329.79,4.3,159507.0,23770.98,58.2,1.55,17.08,51.95,35.09,SELL - ระวังตัว,Bear Market,424.875,2.9545326726114967,0.14740751955633336,0.3001216708357622,-0.10776161233607673,DPZ,7.0,3.0,6.0,Domino's מציגה חוזนะที่โดดเด่นในสภาพแวดล้อมเศรษฐกิจที่ท้าทายอย่างรุนแรง โดยมีผลประกอบการที่แข็งแกร่งและอัตราการเติบโตที่น่าประทับใจ แม้ว่าสภาพแวดล้อมทางเศรษฐกิจจะผันผวนอย่างมาก แต่หุ้นนี้ยังคงมีศักยภาพในการเติบโตในระยะยาว โดยต้องระมัดระวังและพิจารณาความเสี่ยงที่เกี่ยวข้องกับสภาพตลาดปัจจุบัน,2.7249999999999996
DASH,DoorDash,Consumer Discretionary,81062201454.0,4,0,1,3,0,323.36,329.79,4.3,159507.0,23770.98,58.2,1.55,17.08,51.95,35.09,SELL - ระวังตัว,Bear Market,208.80499267578125,0.10181520092994001,0.019659849203997215,0.5811359601663133,0.15694258432387653,DASH,6.0,2.0,8.0,"DASH is a fundamentally sound, highly profitable company with a strong track record of consistent growth and robust cash flow. However, the current macroeconomic environment – characterized by high inflation and a slowing economy – presents significant risks, warranting a cautious approach to investment.  The company's high volatility and relatively low growth rate suggest potential vulnerabilities.",2.45
DOV,Dover Corporation,Industrials,25104525938.0,5,5,10,0,0,323.36,329.79,4.3,159507.0,23770.98,58.2,1.55,17.08,51.95,35.09,SELL - ระวังตัว,Bear Market,186.44749450683594,2.515412807770662,0.13397925094245133,0.26823575318485404,-0.09447547336707607,DOV,6.0,2.0,6.0,"Dover Corporation exhibits exceptionally strong financial performance over a long period, demonstrating robust growth and consistent profitability. However, the current market environment – characterized by high inflation and a bear market – presents significant risks, warranting a cautious approach to investment. The company's valuation is currently low, suggesting potential for a significant downturn.",2.3
DOW,Dow Inc.,Materials,16013589342.0,0,0,8,8,0,323.36,329.79,4.3,159507.0,23770.98,58.2,1.55,17.08,51.95,35.09,SELL - ระวังตัว,Bear Market,23.635000228881836,-0.5254015945588015,-0.10519894161106036,0.38053111688979463,-0.46539242890002974,DOW,4.0,1.0,4.0,"DOW (Materials) exhibits concerning financial health with a prolonged period of profitability, but significantly hampered by a deteriorating macroeconomic environment characterized by high inflation and a weak labor market.  The extreme volatility and negative momentum suggest a high risk of further decline, making this a potentially risky investment.",1.475
DHI,D. R. Horton,Consumer Discretionary,42664203391.0,7,0,10,5,0,323.36,329.79,4.3,159507.0,23770.98,58.2,1.55,17.08,51.95,35.09,SELL - ระวังตัว,Bear Market,157.0800018310547,3.9614656534464396,0.17373626336636483,0.35582775257589794,-0.06932099201838215,DHI,7.0,2.0,6.0,"DHI, a consumer discretionary company, exhibits exceptionally strong financial health with a long history of consistent growth, high profitability, and a robust cash flow. However, the current macroeconomic environment – characterized by high inflation and a weakening labor market – presents significant risks, leading to a SELL recommendation due to potential volatility and a bearish market outlook.",2.55
DTE,DTE Energy,Utilities,28259427443.0,5,5,10,0,0,323.36,329.79,4.3,159507.0,23770.98,58.2,1.55,17.08,51.95,35.09,SELL - ระวังตัว,Bear Market,131.88780212402344,0.9799179206942381,0.07070240970088237,0.22311030005293167,0.048559416473232586,DTE,7.0,3.0,6.0,"DTE Energy demonstrates exceptionally strong financial health, exhibiting consistent and robust growth across multiple metrics, despite a challenging macroeconomic environment.  However, the bearish market regime and elevated volatility warrant caution, suggesting potential for significant downside.",2.7249999999999996
DUK,Duke Energy,Utilities,94944658838.0,4,3,8,0,0,323.36,329.79,4.3,159507.0,23770.98,58.2,1.55,17.08,51.95,35.09,SELL - ระวังตัว,Bear Market,119.72000122070312,0.8076399690861511,0.060998362685715346,0.20503299526462493,0.022810748392417146,DUK,7.0,2.0,6.0,"Duke Energy exhibits exceptionally strong financial health, demonstrating robust growth and consistent profitability over a long period. However, the current macroeconomic environment – characterized by significant inflation and a potential recession – presents considerable risk, warranting a cautious approach to the stock. The negative macro regime score suggests a heightened vulnerability to economic downturns.",2.55
DD,DuPont,Materials,16117980714.0,0,0,0,4,0,323.36,329.79,4.3,159507.0,23770.98,58.2,1.55,17.08,51.95,35.09,SELL - ระวังตัว,Bear Market,39.47999954223633,0.2783662763961281,0.024865776153357277,0.3146811143389628,0.12880965056396065,DD,3.0,1.0,8.0,"The DuPont Materials company exhibits concerning financial health with a lack of growth and profitability, amidst a severe inflationary environment and a bearish market outlook.  The extreme volatility and lack of momentum suggest significant risk.  The company's valuation is also low, warranting caution.",1.525
ETN,Eaton Corporation,Industrials,128339012000.0,0,5,10,8,0,323.36,329.79,4.3,159507.0,23770.98,58.2,1.55,17.08,51.95,35.09,SELL - ระวังตัว,Bear Market,335.0050048828125,5.023103403742916,0.19672043913387882,0.29496298780908736,-0.10765278115014898,ETN,6.0,1.0,7.0,หุ้น ETN ในสภาพแวดล้อมเศรษฐกิจมหภาคที่ท้าทายอย่างรุนแรง โดยเฉพาะอย่างยิ่งเมื่อเทียบกับสภาพแวดล้อมการเงินที่สูงขึ้นและอัตราเงินเฟ้อที่สูงขึ้น ซึ่งส่งผลให้ประสิทธิภาพทางการเงินโดยรวมต่ำและราคาหุ้นลดลงอย่างมาก,2.2
EBAY,eBay Inc.,Consumer Discretionary,36562280000.0,5,3,9,7,0,323.36,329.79,4.3,159507.0,23770.98,58.2,1.55,17.08,51.95,35.09,SELL - ระวังตัว,Bear Market,82.56999969482422,1.8880727266225708,0.11190355502191918,0.30947842400507686,0.3046294596365977,EBAY,7.0,3.0,6.0,"eBay demonstrates exceptionally strong financial health with a consistent history of robust growth, high profitability, and a strong cash flow. However, the current macroeconomic environment – characterized by significant inflation and a potential recession – presents considerable risk, warranting a cautious investment approach due to the bearish market regime.",2.7249999999999996
ECL,Ecolab,Materials,76133743526.0,6,5,9,9,0,323.36,329.79,4.3,159507.0,23770.98,58.2,1.55,17.08,51.95,35.09,SELL - ระวังตัว,Bear Market,270.6449890136719,1.295741711891436,0.08666891510645347,0.251884881965684,0.08793256568526142,ECL,7.0,3.0,6.0,"Ecolab exhibits exceptionally strong financial health, demonstrating consistent and robust growth across multiple metrics, despite a challenging macroeconomic environment.  Their impressive free cash flow and ROE, coupled with a positive outlook for the future, suggest a potentially attractive investment opportunity, albeit with a cautious approach due to the current market conditions.  The bearish macro environment and volatility warrant careful monitoring.",2.7249999999999996
EIX,Edison International,Utilities,22771697974.0,5,4,8,2,0,323.36,329.79,4.3,159507.0,23770.98,58.2,1.55,17.08,51.95,35.09,SELL - ระวังตัว,Bear Market,58.19660186767578,-0.007561349362001035,-0.0007588239931678453,0.27866053507957056,-0.3367908619068287,EIX,7.0,3.0,6.0,"EIX demonstrates exceptionally strong financial health with robust growth, consistent profitability, and a favorable macroeconomic environment. However, the bearish market conditions and significant volatility raise concerns about long-term sustainability.  The 17.08% inflation rate and 4.3% unemployment rate present significant challenges, warranting careful risk assessment.",2.7249999999999996
EW,Edwards Lifesciences,Health Care,49157213000.0,7,0,9,8,0,323.36,329.79,4.3,159507.0,23770.98,58.2,1.55,17.08,51.95,35.09,SELL - ระวังตัว,Bear Market,84.04000091552734,2.203557818328607,0.12349250454898097,0.3280330679464653,0.17785567922624357,EW,7.0,2.0,6.0,"Edwards Lifesciences (EW) exhibits strong financial stability and consistent performance, but faces significant headwinds due to a rapidly inflationary environment and a concerning macroeconomic outlook.  The company's high growth rate is significantly hampered by the current economic climate, suggesting a potential risk.  The SELL signal highlights concerns about the company's long-term prospects in light of the challenging macroeconomic conditions.",2.55
EA,Electronic Arts,Communication Services,50142787190.0,5,0,8,6,0,323.36,329.79,4.3,159507.0,23770.98,58.2,1.55,17.08,51.95,35.09,SELL - ระวังตัว,Bear Market,203.1300048828125,2.021868509283073,0.1169510270673133,0.28924896366356373,0.24109492976920133,EA,6.0,1.0,6.0,"Electronic Arts (EA) exhibits concerning financial health and a challenging macroeconomic environment. While demonstrating strong historical performance, the current market conditions – including high inflation, a significant economic downturn, and a volatile market – pose significant risks. The company's growth is hampered by a lack of consistent earnings and a potentially unsustainable free cash flow, exacerbated by a bearish market outlook.  The high volatility and lack of momentum suggest a potential for further decline.",2.125
ELV,Elevance Health,Health Care,74218768998.0,2,0,3,0,0,323.36,329.79,4.3,159507.0,23770.98,58.2,1.55,17.08,51.95,35.09,SELL - ระวังตัว,Bear Market,329.5,1.5457777844845353,0.09796274769485835,0.30281752907812554,-0.19033809976779614,ELV,4.0,1.0,4.0,"Elevance Health faces significant headwinds due to a highly volatile and bearish market environment. The company exhibits concerning financial metrics – high growth, low profitability, and a deteriorating ROE – exacerbated by a rapidly increasing inflation rate and a significant economic downturn.  The SELL signal suggests a high risk of further losses, warranting careful consideration of investment strategy.",1.475
EME,Emcor,Industrials,26986653454.0,0,0,9,6,0,323.36,329.79,4.3,159507.0,23770.98,58.2,1.55,17.08,51.95,35.09,SELL - ระวังตัว,Bear Market,607.4713745117188,10.89953738668649,0.28105487356233394,0.3239067864438115,0.19084015589737313,EME,4.0,2.0,8.0,"EMCOR exhibits concerning financial characteristics under a volatile and inflationary macroeconomic environment. While exhibiting strong historical performance, the lack of growth and recent price volatility raise significant red flags. The bearish market conditions and high inflation suggest a high risk of further decline.",1.9500000000000002
EMR,Emerson Electric,Industrials,72258716000.0,7,5,10,8,0,323.36,329.79,4.3,159507.0,23770.98,58.2,1.55,17.08,51.95,35.09,SELL - ระวังตัว,Bear Market,131.85000610351562,1.7140798915991544,0.10501506651332848,0.28553301573240264,-0.005656108336937082,EMR,7.0,2.0,6.0,"EMBR is a highly valued, established industrial conglomerate exhibiting exceptional financial stability and consistent growth, but faces significant headwinds due to a rapidly accelerating inflationary environment and a concerning macroeconomic outlook.  The strong, consistent earnings and cash flow demonstrate resilience, but the bearish macro environment and SELL signal suggest potential risks outweigh the rewards.",2.55
ETR,Entergy,Utilities,42641072394.0,5,4,9,1,0,323.36,329.79,4.3,159507.0,23770.98,58.2,1.55,17.08,51.95,35.09,SELL - ระวังตัว,Bear Market,93.41000366210938,1.9027347040480125,0.11246683057466478,0.2403977052772623,0.1962605462933804,ETR,7.0,2.0,6.0,"Entergy demonstrates exceptionally strong financial health, robust growth, and a favorable macroeconomic environment. However, the volatile market and potential for a bear market necessitate caution, suggesting a potential shift towards a negative outlook.",2.55
EOG,EOG Resources,Energy,57835569532.0,6,4,8,0,0,323.36,329.79,4.3,159507.0,23770.98,58.2,1.55,17.08,51.95,35.09,SELL - ระวังตัว,Bear Market,108.95999908447266,0.3453513021169663,0.03011410592325703,0.3974082066315692,-0.1823502658265287,EOG,6.0,2.0,4.0,"EOG Resources exhibits exceptionally strong financial performance, driven by consistent growth and profitability, but is currently facing a challenging macroeconomic environment characterized by high inflation and a significant labor market downturn. The bearish market sentiment and volatility suggest a heightened risk profile, warranting careful consideration before investing.",2.15
EPAM,EPAM Systems,Information Technology,10122104896.0,8,5,9,8,0,323.36,329.79,4.3,159507.0,23770.98,58.2,1.55,17.08,51.95,35.09,SELL - ระวังตัว,Bear Market,192.625,1.4327481593531721,0.09298701231267903,0.4500291964668162,-0.21029435287801646,EPAM,7.0,2.0,6.0,"EPAM Systems demonstrates exceptionally strong financial health with a consistent history of growth and profitability, bolstered by a favorable macroeconomic environment. However, the current market conditions – characterized by high inflation and a bear market – warrant caution due to the potential for significant volatility and a potential shift in investor sentiment.  The company's high ROE and consistent growth rate suggest resilience, but the negative momentum in the market necessitates careful monitoring.",2.55
EQT,EQT Corporation,Energy,35908239780.0,0,0,6,0,0,323.36,329.79,4.3,159507.0,23770.98,58.2,1.55,17.08,51.95,35.09,SELL - ระวังตัว,Bear Market,59.599998474121094,1.0384508548918219,0.07382685084656293,0.4941562618736688,0.31161972436964525,EQT,4.0,1.0,4.0,"The EQT Corporation exhibits concerning financial health with a prolonged period of profitability and strong cash flow, but significantly hampered by a hyperinflationary environment and a bearish macroeconomic outlook.  The lack of growth and volatile price action suggests a high risk profile, necessitating a cautious investment approach.",1.475
EFX,Equifax,Industrials,25950406796.0,7,0,9,6,0,323.36,329.79,4.3,159507.0,23770.98,58.2,1.55,17.08,51.95,35.09,SELL - ระวังตัว,Bear Market,209.60000610351562,0.9167810610726239,0.06723760532794354,0.30627729558475136,-0.19865419766047454,EFX,6.0,1.0,4.0,"EFX exhibits exceptionally strong financial performance over a long period, demonstrating robust profitability and a stable ROE. However, the current macroeconomic environment – characterized by hyperinflation and a significant labor market downturn – presents considerable risk, warranting a cautious investment approach due to the volatile market and potential for significant losses.",1.975
EQIX,Equinix,Real Estate,74682294648.0,9,4,9,0,0,323.36,329.79,4.3,159507.0,23770.98,58.2,1.55,17.08,51.95,35.09,SELL - ระวังตัว,Bear Market,729.5800170898438,1.4713095795444362,0.0947075034538154,0.2722751731381595,-0.2566531853849938,EQIX,7.0,2.0,6.0,"Equinix exhibits strong financial fundamentals – consistent growth, high profitability, and a robust cash flow – amidst a challenging macroeconomic environment characterized by high inflation and a recessionary outlook.  However, the volatile price action and SELL signal suggest potential risks, warranting cautious consideration.",2.55
EQR,Equity Residential,Real Estate,23037744357.0,0,4,10,9,0,323.36,329.79,4.3,159507.0,23770.98,58.2,1.55,17.08,51.95,35.09,SELL - ระวังตัว,Bear Market,61.665000915527344,-0.2056549903740683,-0.02276379575826437,0.25203469931857236,-0.19560399204616252,EQR,4.0,1.0,6.0,"EQR, a real estate REIT, exhibits concerning financial stability with a history of exceptional growth, but is currently facing a challenging macroeconomic environment characterized by high inflation and a weakening labor market.  The negative price performance and volatile market suggest a significant risk, warranting careful consideration before investing.",1.625
ERIE,Erie Indemnity,Financials,13484254791.0,6,0,10,8,0,323.36,329.79,4.3,159507.0,23770.98,58.2,1.55,17.08,51.95,35.09,SELL - ระวังตัว,Bear Market,294.79998779296875,2.0090842515032175,0.1164775251346657,0.2864264935316853,-0.3308516673628299,ERIE,6.0,1.0,6.0,"Erie Indemnity (ERIE) exhibits concerning financial health with a strong, consistent history of growth, but significantly hampered by a volatile and negative macroeconomic environment.  The company's performance is negatively impacted by high inflation and a weak labor market, suggesting a high risk of further decline.  The SELL signal highlights a potential downturn, demanding careful consideration of the company's long-term prospects.",2.125
ESS,Essex Property Trust,Real Estate,16761146726.0,8,0,10,8,0,323.36,329.79,4.3,159507.0,23770.98,58.2,1.55,17.08,51.95,35.09,SELL - ระวังตัว,Bear Market,258.7749938964844,0.13692277669066288,0.012916999244087402,0.25906427587255454,-0.16647877015120094,ESS,6.0,1.0,6.0,"Essex Property Trust exhibits concerning financial stability and a challenging macroeconomic environment. While demonstrating strong historical performance, the current market conditions and significant inflation suggest potential risks. The negative momentum in the price and the lack of recent growth make this a potentially vulnerable investment.",2.125
EL,Estée Lauder Companies (The),Consumer Staples,33654042814.0,4,0,8,0,0,323.36,329.79,4.3,159507.0,23770.98,58.2,1.55,17.08,51.95,35.09,SELL - ระวังตัว,Bear Market,99.44000244140625,0.18621019049732213,0.017225363695173135,0.3485511068269536,0.37881307063759073,EL,6.0,2.0,8.0,"Estée Lauder Companies (EL) exhibits concerning financial health, with a significant decline in growth and a volatile price action amidst a rapidly inflationary economy. The bearish market environment and high volatility suggest a heightened risk profile, warranting careful consideration before investing.",2.45
EG,Everest Group,Financials,13012778199.0,0,0,1,0,0,323.36,329.79,4.3,159507.0,23770.98,58.2,1.55,17.08,51.95,35.09,SELL - ระวังตัว,Bear Market,312.5,0.7005877739530237,0.05454001140417852,0.27155018480828425,-0.19367323261283098,EG,3.0,1.0,4.0,"The Everest Group is exhibiting concerning financial distress, with a significant negative correlation between its financial performance and the current macroeconomic environment.  The extreme volatility and bearish market conditions suggest a high risk of further deterioration, making this a potentially risky investment.",1.225
EVRG,Evergy,Utilities,17731093371.0,5,5,7,2,0,323.36,329.79,4.3,159507.0,23770.98,58.2,1.55,17.08,51.95,35.09,SELL - ระวังตัว,Bear Market,74.87999725341797,0.8,0.06054901630817211,0.22913014352994446,0.15859508642417475,EVRG,7.0,3.0,6.0,"Evergy demonstrates exceptionally strong financial health with robust growth, consistent profitability, and a favorable macroeconomic environment. However, the bearish market conditions and elevated volatility warrant caution regarding the stock's potential for further decline.  The high growth and strong fundamentals suggest potential upside, but the risk profile necessitates careful consideration.",2.7249999999999996
ES,Eversource Energy,Utilities,24642423044.0,5,3,9,0,0,323.36,329.79,4.3,159507.0,23770.98,58.2,1.55,17.08,51.95,35.09,SELL - ระวังตัว,Bear Market,66.29299926757812,0.34414030165809395,0.03002133126306128,0.2425789724392572,0.027957845612234467,ES,7.0,3.0,6.0,"Eversource Energy demonstrates exceptionally strong financial health with a consistent history of robust growth, high profitability, and a favorable macroeconomic environment. However, the current market conditions – characterized by high inflation, a declining labor force, and a bearish market – necessitate caution due to the potential for significant volatility and a risk of a bear market.  The company's high ROE and cash flow generation are positive indicators, but the aggressive growth rate and the current market turbulence warrant careful monitoring.",2.7249999999999996
EXC,Exelon,Utilities,46705721309.0,4,3,9,3,0,323.36,329.79,4.3,159507.0,23770.98,58.2,1.55,17.08,51.95,35.09,SELL - ระวังตัว,Bear Market,45.20000076293945,1.3349446591795076,0.08851069701414738,0.24060211330674602,0.14256823038070698,EXC,7.0,3.0,6.0,"Exelon demonstrates exceptionally strong financial health and consistent growth, but the current macroeconomic environment presents significant risks. The high inflation and potential recessionary pressures necessitate caution, despite the robust historical performance.  The 14.3% Momentum 12M suggests a potentially strong future, but the bearish macro regime warrants careful monitoring.",2.7249999999999996
EXE,Expand Energy,Energy,27758678185.0,0,0,1,1,0,323.36,329.79,4.3,159507.0,23770.98,58.2,1.55,17.08,51.95,35.09,SELL - ระวังตัว,Bear Market,119.96499633789062,1.666481259441884,0.22629709810268928,0.3494194433854732,0.21225745197802626,EXE,4.0,1.0,4.0,"Expansion Energy exhibits concerning financial health with a history of exceptional growth, but is significantly impacted by a rapidly increasing inflation environment and a bearish macroeconomic outlook.  The volatile price action suggests significant risk, warranting a cautious investment approach.",1.475
EXPE,Expedia Group,Consumer Discretionary,30527750787.0,6,2,5,0,1,323.36,329.79,4.3,159507.0,23770.98,58.2,1.55,17.08,51.95,35.09,SELL - ระวังตัว,Bear Market,262.82000732421875,1.149505312341256,0.07953916371095882,0.4310561696461478,0.4235728213371137,EXPE,7.0,3.0,6.0,"Expedia Group demonstrates exceptionally strong financial health with a consistently high growth rate, robust free cash flow, and a strong ROE. However, the current macroeconomic environment – characterized by high inflation and a significant economic downturn – presents considerable risk, necessitating a cautious approach with a SELL recommendation.",2.7249999999999996
EXPD,Expeditors International,Industrials,19333859506.0,5,6,10,10,0,323.36,329.79,4.3,159507.0,23770.98,58.2,1.55,17.08,51.95,35.09,SELL - ระวังตัว,Bear Market,146.22999572753906,2.139329969498802,0.12121912966803738,0.24339078926747368,0.20215386765270926,EXPD,7.0,3.0,6.0,"Expeditors International demonstrates exceptionally strong financial health with a consistent history of robust growth, high profitability, and a favorable macroeconomic environment. However, the current volatility and SELL signal warrant caution, suggesting potential risks outweighing the current gains. The bear market conditions exacerbate concerns about long-term sustainability.",2.7249999999999996
EXR,Extra Space Storage,Real Estate,27666472053.0,8,0,10,5,0,323.36,329.79,4.3,159507.0,23770.98,58.2,1.55,17.08,51.95,35.09,SELL - ระวังตัว,Bear Market,131.41000366210938,0.5577288135531906,0.04532616409709678,0.2700280912267521,-0.2313406732485216,EXR,6.0,1.0,6.0,"Extra Space Storage exhibits concerning financial stability with a strong historical track record, but is significantly impacted by a rapidly accelerating inflationary environment and a bearish macroeconomic outlook.  The negative momentum in the price suggests potential vulnerability, requiring careful monitoring of the company's financial health and its ability to adapt to the current economic pressures.",2.125
XOM,ExxonMobil,Energy,489064696256.0,3,5,9,9,0,323.36,329.79,4.3,159507.0,23770.98,58.2,1.55,17.08,51.95,35.09,SELL - ระวังตัว,Bear Market,115.18000030517578,0.4689452228763895,0.039208874029933005,0.28045017105288067,-0.023567300787329493,XOM,7.0,2.0,6.0,"XOM demonstrates exceptionally strong financial health with a consistent history of robust growth, high profitability, and a favorable macroeconomic environment. However, the current market conditions suggest caution due to the elevated inflation rate and bear market sentiment.  The negative momentum in the 12-month timeframe warrants careful monitoring.",2.55
FFIV,"F5, Inc.",Information Technology,13565574724.0,6,5,10,8,0,323.36,329.79,4.3,159507.0,23770.98,58.2,1.55,17.08,51.95,35.09,SELL - ระวังตัว,Bear Market,237.5500030517578,1.3193712878212605,0.08778240554189431,0.2931706437237394,-0.0511284311551613,FFIV,7.0,3.0,6.0,"FFIV exhibits exceptionally strong financial performance over a long period, demonstrating robust growth and consistent profitability. However, the current macroeconomic environment – characterized by high inflation and a potential bear market – warrants caution due to the significant volatility and potential for downward pressure on the stock.  The company's high ROE and Free Cash Flow suggest resilience, but the negative macro outlook necessitates a careful assessment of risk.",2.7249999999999996
FDS,FactSet,Financials,10274368902.0,9,5,10,8,0,323.36,329.79,4.3,159507.0,23770.98,58.2,1.55,17.08,51.95,35.09,SELL - ระวังตัว,Bear Market,277.4700012207031,0.6393123610168667,0.050676721662974655,0.25875970299469075,-0.43450793073261906,FDS,7.0,3.0,6.0,"FactSet demonstrates exceptionally strong financial health and consistent growth, bolstered by a robust free cash flow and ROE. However, the current macroeconomic environment – characterized by high inflation and a significant labor market downturn – presents considerable risk, warranting a cautious investment approach due to the bearish market regime.",2.7249999999999996
FICO,Fair Isaac,Information Technology,41449341418.0,0,0,10,9,0,323.36,329.79,4.3,159507.0,23770.98,58.2,1.55,17.08,51.95,35.09,SELL - ระวังตัว,Bear Market,1787.030029296875,18.403149390919992,0.3452557442724915,0.3692168040577113,-0.24757581704096465,FICO,4.0,2.0,4.0,"Fair Isaac is a highly unusual stock exhibiting concerning negative trends across multiple financial metrics. The extreme negative growth, low EPS, and volatile price performance, coupled with a bleak macroeconomic outlook, strongly suggest a significant risk. The Bear Market regime exacerbates these concerns, making this a potentially high-risk investment.",1.6500000000000001
FAST,Fastenal,Industrials,45450734194.0,6,0,10,10,0,323.36,329.79,4.3,159507.0,23770.98,58.2,1.55,17.08,51.95,35.09,SELL - ระวังตัว,Bear Market,40.244998931884766,3.0816430358220783,0.15104384017784267,0.2676496012549086,-0.0367400644389857,FAST,6.0,1.0,6.0,FAST เป็นหุ้นที่มีคุณภาพทางการเงินที่ดีอย่างมาก มีประสิทธิภาพทางการเงินที่โดดเด่นและผลตอบแทนที่สูงมากในระยะยาว แต่สภาพแวดล้อมเศรษฐกิจมหภาคที่ผันผวนอย่างรุนแรง ทำให้มีความเสี่ยงสูงและควรระวังการลงทุน,2.125
FRT,Federal Realty Investment Trust,Real Estate,8380270811.0,7,0,9,0,0,323.36,329.79,4.3,159507.0,23770.98,58.2,1.55,17.08,51.95,35.09,SELL - ระวังตัว,Bear Market,97.69000244140625,-0.3100501096964601,-0.03643825773639331,0.29541607973633877,-0.16253749538328433,FRT,4.0,1.0,8.0,"The Federal Realty Trust (FRT) is exhibiting concerning financial characteristics under a severe macroeconomic environment characterized by hyperinflation, high unemployment, and a significant decline in consumer confidence.  The company's consistently high ROE and cash flow generation, coupled with a lack of recent growth, suggests a high risk of further deterioration.  The bearish market conditions and negative macroeconomic outlook significantly outweigh any potential upside, making this a potentially risky investment.",1.775
FDX,FedEx,Industrials,62995388978.0,6,0,9,6,0,323.36,329.79,4.3,159507.0,23770.98,58.2,1.55,17.08,51.95,35.09,SELL - ระวังตัว,Bear Market,268.2749938964844,0.7462408733314951,0.05733772945901627,0.32860297126510446,-0.11363867580315212,FDX,6.0,1.0,6.0,"FedEx exhibits exceptionally strong financial health, demonstrating consistent profitability and robust growth over a long period. However, the current macroeconomic environment – characterized by hyperinflation and a significant labor market downturn – presents considerable risk, warranting a cautious investment approach. The stock's performance is currently underperforming expectations due to the volatile market and negative momentum.",2.125
FIS,Fidelity National Information Services,Financials,33354767709.0,6,0,8,8,0,323.36,329.79,4.3,159507.0,23770.98,58.2,1.55,17.08,51.95,35.09,SELL - ระวังตัว,Bear Market,67.00499725341797,0.045809233222625645,0.004489759300717822,0.29449363765269837,-0.21447837214306908,FIS,6.0,1.0,6.0,"Fidelity National Information Services (FIS) exhibits concerning financial characteristics under a volatile and inflationary macroeconomic environment.  Despite strong historical financial performance, the current market conditions suggest a significant risk, warranting a SELL signal and careful monitoring.  The company's growth trajectory is notably absent, and its performance is heavily impacted by the current economic downturn.",2.125
FITB,Fifth Third Bancorp,Financials,27980628182.0,6,5,10,0,0,323.36,329.79,4.3,159507.0,23770.98,58.2,1.55,17.08,51.95,35.09,SELL - ระวังตัว,Bear Market,44.0,1.1484375480213211,0.07948551839111873,0.3652947128364681,-0.08447776232372994,FITB,7.0,2.0,6.0,"FITB, a financial services company, exhibits exceptionally strong financial performance over a long period, demonstrating robust growth and profitability. However, the current macroeconomic environment – characterized by high inflation and a weakening labor market – presents significant risks, warranting cautious investment consideration.  The company's valuation suggests a potential downward trend, necessitating careful monitoring of its financial health and market sentiment.",2.55
FSLR,First Solar,Information Technology,27884020439.0,5,3,7,4,0,323.36,329.79,4.3,159507.0,23770.98,58.2,1.55,17.08,51.95,35.09,SELL - ระวังตัว,Bear Market,264.6499938964844,3.4508913214160293,0.16105709575510696,0.5020815109408058,0.3280974969751578,FSLR,7.0,2.0,6.0,"First Solar exhibits exceptionally strong financial performance, driven by consistent growth and profitability across multiple metrics, despite a challenging macroeconomic environment characterized by high inflation and a significant labor market downturn.  However, the bearish market regime and SELL signal suggest heightened risk, necessitating careful consideration before investing.",2.55
FE,FirstEnergy,Utilities,27346687374.0,4,3,8,0,0,323.36,329.79,4.3,159507.0,23770.98,58.2,1.55,17.08,51.95,35.09,SELL - ระวังตัว,Bear Market,45.89500045776367,0.43198132762180097,0.03656340043348538,0.2523285571980596,0.07861342610294741,FE,7.0,2.0,6.0,"FirstEnergy (FE) exhibits concerning financial health with robust historical performance, but faces significant headwinds from a rapidly inflationary environment and a weakening macroeconomic outlook. The company's high growth rates are increasingly challenged by a volatile market and a concerning macroeconomic climate.  The SELL signal suggests a potential risk, warranting careful monitoring.",2.55
FISV,Fiserv,Financials,32631473984.0,6,4,10,9,0,323.36,329.79,4.3,159507.0,23770.98,58.2,1.55,17.08,51.95,35.09,SELL - ระวังตัว,Bear Market,63.97999954223633,0.36461558777217196,0.03157992319959346,0.3078093548371875,-0.7099596509161983,FISV,7.0,3.0,6.0,"FISV exhibits exceptionally strong financial health, demonstrating consistent and robust growth across multiple metrics, despite a challenging macroeconomic environment.  The company's superior performance is tempered by a concerning inflation rate and a significant shift towards a bear market.  While the positive financial indicators are noteworthy, the extreme volatility and potential for further decline warrant careful consideration.",2.7249999999999996
F,Ford Motor Company,Consumer Discretionary,51639101415.0,5,0,7,5,0,323.36,329.79,4.3,159507.0,23770.98,58.2,1.55,17.08,51.95,35.09,SELL - ระวังตัว,Bear Market,13.0,-0.07010011261270477,-0.0072424756589118955,0.3689252581655664,0.16801436355178478,F,6.0,1.0,6.0,"Ford Motor Company exhibits concerning financial health with a history of robust profitability and consistent growth, but is significantly impacted by a rapidly increasing inflation environment and a weakening macroeconomic outlook. The negative return and volatility suggest a potential risk, warranting careful consideration of investment.",2.125
FTNT,Fortinet,Information Technology,59320809097.0,7,6,9,9,3,323.36,329.79,4.3,159507.0,23770.98,58.2,1.55,17.08,51.95,35.09,SELL - ระวังตัว,Bear Market,83.08499908447266,10.971901786662094,0.2818319013595787,0.40355031527187263,-0.12588115289980395,FTNT,7.0,2.0,4.0,"Fortinet demonstrates exceptionally strong financial performance, exhibiting consistent growth and profitability across multiple metrics, despite a challenging macroeconomic environment characterized by high inflation and a significant labor market downturn.  The company's robust ROE and cash flow position, coupled with a positive momentum, suggests potential for continued success, but the bearish macro environment warrants caution and a careful assessment of risk.",2.4
FTV,Fortive,Industrials,16661906425.0,4,0,8,6,0,323.36,329.79,4.3,159507.0,23770.98,58.2,1.55,17.08,51.95,35.09,SELL - ระวังตัว,Bear Market,53.130001068115234,0.7335739741931349,0.060211247539254,0.2632484814495164,-0.11126295931582675,FTV,6.0,1.0,3.0,"Fortive exhibits concerning financial health with a strong historical track record of growth and profitability, but is significantly impacted by a rapidly increasing inflationary environment and a bearish macroeconomic outlook.  The volatile price action suggests potential risk, warranting careful consideration of investment strategy.",1.9
FOXA,Fox Corporation (Class A),Communication Services,28545516960.0,4,0,9,0,0,323.36,329.79,4.3,159507.0,23770.98,58.2,1.55,17.08,51.95,35.09,SELL - ระวังตัว,Bear Market,66.04000091552734,0.73789476093493,0.0856282733139575,0.32290042056261686,0.4015280647818511,FOXA,6.0,1.0,4.0,"Fox Corporation (FOXA) exhibits concerning financial health with a history of exceptional growth, but is significantly impacted by a rapidly increasing inflation environment and a bearish macroeconomic outlook.  The company's high volatility and lack of consistent earnings growth, coupled with the severe inflationary pressures, warrant a cautious investment approach.",1.975
FOX,Fox Corporation (Class B),Communication Services,25619934429.0,4,0,9,0,0,323.36,329.79,4.3,159507.0,23770.98,58.2,1.55,17.08,51.95,35.09,SELL - ระวังตัว,Bear Market,59.040000915527344,0.50612244302161,0.06279847645237568,0.3143830003075054,0.3199195510784387,FOX,4.0,2.0,8.0,"Fox Corporation demonstrates exceptionally strong financial stability and consistent performance, but the current macroeconomic environment presents significant risks. The company's high growth rate is unsustainable given the current inflationary pressures and economic downturn.  The bearish market conditions and low momentum suggest a potential for significant downside.",1.9500000000000002
BEN,Franklin Resources,Financials,11476981877.0,5,4,9,0,0,323.36,329.79,4.3,159507.0,23770.98,58.2,1.55,17.08,51.95,35.09,SELL - ระวังตัว,Bear Market,22.4950008392334,-0.4434685339368395,-0.056926616460690194,0.33163453979468244,-0.011643206809469175,BEN,6.0,2.0,6.0,Franklin Resources מציגהผลตอบแทนที่แข็งแกร่งในระยะยาว โดยมีประสิทธิภาพทางการเงินที่โดดเด่นและผลตอบแทนที่สูงมาก แต่สภาพแวดล้อมทางเศรษฐกิจมหภาคที่ผันผวนและสูงขึ้นทำให้เกิดความกังวลด้านความน่าเชื่อถือของหุ้น,2.3
FCX,Freeport-McMoRan,Materials,58571611621.0,0,0,8,6,0,323.36,329.79,4.3,159507.0,23770.98,58.2,1.55,17.08,51.95,35.09,SELL - ระวังตัว,Bear Market,42.6150016784668,4.548828467576345,0.18694424455378456,0.5284244647811217,-0.035859707174521915,FCX,4.0,1.0,8.0,FCX เป็นหุ้นที่น่าสนใจในสภาพแวดล้อมเศรษฐกิจที่ผันผวนอย่างรุนแรง เนื่องจากมีผลตอบแทนที่สูงมาก (Growth Score) แต่ก็มีสัญญาณเตือนภัยจากสภาพแวดล้อมเศรษฐกิจมหภาคที่รุนแรง (Macro Environment Score) และมี volatility สูง (Volatility Score) การเติบโตที่ต่อเนื่อง (0 ปี และ 8 ปี) เป็นจุดแข็ง แต่การขาดการเติบโตที่สม่ำเสมอและผลตอบแทนที่สูงเกินไป อาจเป็นสัญญาณเตือนภัย,1.775
GRMN,Garmin,Consumer Discretionary,37005216674.0,5,5,10,8,0,323.36,329.79,4.3,159507.0,23770.98,58.2,1.55,17.08,51.95,35.09,SELL - ระวังตัว,Bear Market,198.36000061035156,4.336562022649677,0.18232293210113015,0.28462706184633707,-0.06698026850587468,GRMN,7.0,3.0,6.0,"Garmin demonstrates strong financial health with consistent growth, high profitability, and a robust cash flow. However, the current macroeconomic environment – characterized by high inflation and a slowing economy – presents a significant risk, warranting caution due to the bearish market regime.  The stock's valuation is also relatively low, suggesting potential for further decline.",2.7249999999999996
IT,Gartner,Information Technology,16595041865.0,0,0,9,8,0,323.36,329.79,4.3,159507.0,23770.98,58.2,1.55,17.08,51.95,35.09,SELL - ระวังตัว,Bear Market,229.7938995361328,1.528542104764317,0.09721701742259725,0.31176517010998045,-0.5563224706316992,IT,4.0,1.0,4.0,"IT, a well-established information technology company, exhibits concerning financial health with a prolonged period of profitability and strong cash flow, but significantly hampered by a rapidly accelerating inflation environment. The bear market conditions and negative momentum suggest a high risk of further decline, necessitating a cautious investment approach.",1.475
GE,GE Aerospace,Industrials,311822201747.0,6,3,7,8,0,323.36,329.79,4.3,159507.0,23770.98,58.2,1.55,17.08,51.95,35.09,SELL - ระวังตัว,Bear Market,289.5,1.0115775056516627,0.0724025372015562,0.35595304980668974,0.5892621551380552,GE,7.0,2.0,6.0,"GE Aerospace demonstrates exceptionally strong financial health and consistent growth, bolstered by a robust free cash flow and a high ROE. However, the current market environment – characterized by high inflation and a bear market – presents significant risks, warranting a cautious approach to investment due to the volatile market conditions.",2.55
GEHC,GE HealthCare,Health Care,35640009358.0,2,0,2,1,0,323.36,329.79,4.3,159507.0,23770.98,58.2,1.55,17.08,51.95,35.09,SELL - ระวังตัว,Bear Market,80.4800033569336,0.34133338928222656,0.10411099718432415,0.3211100049871555,-0.03292475154503949,GEHC,6.0,1.0,6.0,"GEHC demonstrates strong financial health with consistent growth and positive cash flow, but the volatile macroeconomic environment and bearish market sentiment warrant caution. The company's performance is negatively impacted by the current inflationary pressures and a concerning economic downturn.  The low growth rate and recent price decline suggest potential vulnerabilities.",2.125
GEV,GE Vernova,Industrials,158023274931.0,0,0,1,1,0,323.36,329.79,4.3,159507.0,23770.98,58.2,1.55,17.08,51.95,35.09,SELL - ระวังตัว,Bear Market,595.1749877929688,3.534666573660714,1.4542787686047292,0.5295105766319435,0.7813210717431627,GEV,4.0,2.0,4.0,"Gev is a fundamentally-valued industrial company experiencing significant negative trends across multiple key metrics. The company's financial performance is exceptionally weak, with a near-zero growth rate and a volatile price, exacerbated by a deteriorating macroeconomic environment.  The bearish market conditions and inflationary pressures significantly impact its future prospects.",1.6500000000000001
GEN,Gen Digital,Information Technology,16127126198.0,4,0,3,0,0,323.36,329.79,4.3,159507.0,23770.98,58.2,1.55,17.08,51.95,35.09,SELL - ระวังตัว,Bear Market,26.260000228881836,0.33231869348838305,0.029111705767423945,0.35317852423760315,-0.14878444394914525,GEN,4.0,1.0,4.0,"The Gen Digital stock presents a concerning picture given the extreme macroeconomic environment.  The company's consistently strong financial performance, coupled with a rapidly deteriorating macroeconomic landscape, warrants careful scrutiny.  The extreme volatility and negative momentum suggest significant risk, and a SELL signal is warranted, emphasizing a cautious approach.",1.475
GNRC,Generac,Industrials,8493344872.0,6,0,10,6,0,323.36,329.79,4.3,159507.0,23770.98,58.2,1.55,17.08,51.95,35.09,SELL - ระวังตัว,Bear Market,151.69000244140625,3.824745542770806,0.17046059951295756,0.44349888838719725,-0.19399572316080715,GNRC,6.0,1.0,6.0,"GNRC exhibits exceptionally strong financial health, driven by consistent growth and robust profitability, but faces significant headwinds from a rapidly inflationary environment and a concerning macroeconomic outlook.  The SELL signal suggests a potential risk, warranting careful consideration of the investment's long-term prospects.",2.125
GD,General Dynamics,Industrials,91335825053.0,0,0,10,8,0,323.36,329.79,4.3,159507.0,23770.98,58.2,1.55,17.08,51.95,35.09,SELL - ระวังตัว,Bear Market,335.69000244140625,1.3646800969657518,0.08988921983183973,0.2242913245326261,0.1819653917072479,GD,4.0,1.0,8.0,"GD faces significant headwinds due to a hyperinflationary environment, coupled with a weak macroeconomic outlook. The company's strong financial performance over a long period, despite a lack of recent growth, is undermined by a concerning lack of growth and a volatile market.  The SELL signal suggests a high risk of further decline.",1.775
GIS,General Mills,Consumer Staples,25043901013.0,0,0,10,9,0,323.36,329.79,4.3,159507.0,23770.98,58.2,1.55,17.08,51.95,35.09,SELL - ระวังตัว,Bear Market,45.79999923706055,-0.20027939809712747,-0.02210438313273111,0.21703160099856422,-0.3087836136362354,GIS,4.0,1.0,8.0,"GIS faces significant headwinds due to a collapsing economy, driven by hyperinflation and a significant labor market downturn. While the company demonstrates strong financial stability (high ROE, consistent free cash flow) and a relatively stable market capitalization, its growth trajectory is severely hampered by the macroeconomic environment, suggesting a high risk of further decline. The SELL signal highlights a concerning lack of positive momentum.",1.775
GM,General Motors,Consumer Discretionary,67597523871.0,5,0,9,4,0,323.36,329.79,4.3,159507.0,23770.98,58.2,1.55,17.08,51.95,35.09,SELL - ระวังตัว,Bear Market,73.29329681396484,1.0663460471262973,0.07528755846823021,0.366101972175942,0.31846189265665625,GM,6.0,2.0,8.0,"GM exhibits exceptionally strong financial health, demonstrating consistent profitability and robust free cash flow, but faces significant headwinds from a rapidly inflationary economy and a concerning macroeconomic environment.  The high volatility and lack of growth suggest a potential for significant downside risk, warranting careful consideration of investment.",2.45
GPC,Genuine Parts Company,Consumer Discretionary,17596566114.0,6,0,9,7,0,323.36,329.79,4.3,159507.0,23770.98,58.2,1.55,17.08,51.95,35.09,SELL - ระวังตัว,Bear Market,128.72500610351562,0.4607921254122813,0.03863055631515455,0.2740739814611859,0.015742150191246473,GPC,7.0,2.0,8.0,"GPC demonstrates exceptionally strong financial health – consistent growth, high profitability, and robust cash flow – but faces a challenging macroeconomic environment characterized by high inflation and a significant economic downturn.  The SELL signal suggests a potential risk, requiring careful consideration of the company's long-term prospects in light of the current market conditions.",2.7
GILD,Gilead Sciences,Health Care,155419936373.0,4,3,9,8,0,323.36,329.79,4.3,159507.0,23770.98,58.2,1.55,17.08,51.95,35.09,SELL - ระวังตัว,Bear Market,124.46499633789062,0.22770763178033482,0.020729614959131615,0.25733397870913244,0.3444047729122053,GILD,7.0,3.0,6.0,"GILD exhibits exceptionally strong financial health with a consistent history of robust growth, high profitability, and a favorable macroeconomic environment. However, the current market conditions suggest caution due to the elevated inflation rate and bear market sentiment.  The 17.08% inflation score is a significant concern, impacting the company's valuation.",2.7249999999999996
GPN,Global Payments,Financials,17234942525.0,6,4,9,7,0,323.36,329.79,4.3,159507.0,23770.98,58.2,1.55,17.08,51.95,35.09,SELL - ระวังตัว,Bear Market,78.55509948730469,0.1328973700043088,0.012557742395907345,0.3404919235681542,-0.3396511424691314,GPN,7.0,2.0,6.0,"GPN demonstrates exceptionally strong financial health with consistent growth, robust profitability, and a favorable macroeconomic environment. However, the bearish market and significant volatility raise concerns about long-term sustainability. The 1.55 Growth Score and 17.08 Inflation Score suggest a potentially high-risk investment profile, warranting careful consideration of the SELL signal and potential for further decline.",2.55
GL,Globe Life,Financials,10609064966.0,4,3,6,5,0,323.36,329.79,4.3,159507.0,23770.98,58.2,1.55,17.08,51.95,35.09,SELL - ระวังตัว,Bear Market,132.10499572753906,1.2028513096300082,0.08218924675365247,0.32276174654373163,0.18756740618893142,GL,7.0,2.0,6.0,Globe Life מציגה ביצועทางการเงินที่แข็งแกร่งและอัตราการเติบโตที่โดดเด่นในสภาพแวดล้อมเศรษฐกิจมหภาคที่ท้าทาย โดยมีผลตอบแทนที่สูงขึ้นอย่างต่อเนื่อง แต่การเปลี่ยนแปลงทางเศรษฐกิจมหภาคที่รุนแรงทำให้เกิดความกังวลด้านความเสี่ยงที่อาจส่งผลกระทบต่อผลประกอบการในอนาคต,2.55
GDDY,GoDaddy,Information Technology,16930538896.0,9,0,8,9,2,323.36,329.79,4.3,159507.0,23770.98,58.2,1.55,17.08,51.95,35.09,SELL - ระวังตัว,Bear Market,128.38999938964844,3.0681242573593535,0.15066198216394988,0.34015870111799157,-0.3501544028443735,GDDY,7.0,2.0,6.0,"GoDaddy exhibits strong financial fundamentals – consistent growth, high profitability, and robust cash flow – but is significantly impacted by a challenging macroeconomic environment characterized by high inflation and a weakening labor market.  The price performance is currently weak, suggesting potential for further decline, and the overall outlook is cautiously bearish due to the significant macroeconomic headwinds.",2.55
GS,Goldman Sachs,Financials,237156472933.0,4,4,9,0,0,323.36,329.79,4.3,159507.0,23770.98,58.2,1.55,17.08,51.95,35.09,SELL - ระวังตัว,Bear Market,817.875,3.416171779033945,0.16014808425537708,0.2971745305689314,0.34392919492707263,GS,6.0,2.0,6.0,"GS (Financials) exhibits strong financial fundamentals – consistent growth, high profitability, and a robust free cash flow – amidst a significant inflationary environment and a bearish market outlook.  However, the volatile price action and concerning macroeconomic conditions warrant caution regarding long-term investment potential.",2.3
HAL,Halliburton,Energy,21604555079.0,6,0,7,7,0,323.36,329.79,4.3,159507.0,23770.98,58.2,1.55,17.08,51.95,35.09,SELL - ระวังตัว,Bear Market,26.649999618530273,-0.29886869783331005,-0.03488775797513366,0.46108735948723356,-0.1635279627122329,HAL,4.0,1.0,6.0,"Halliburton, a well-established energy services company, exhibits concerning financial health under a volatile macroeconomic environment.  Despite strong historical performance, the current economic climate – characterized by hyperinflation and declining GDP – poses significant risks.  The company's ROE and Free Cash Flow are declining, while its valuation suggests a potential downturn.  The SELL signal highlights a high level of risk and warrants careful consideration before investing.",1.625
HIG,Hartford (The),Financials,38074775899.0,7,4,9,9,0,323.36,329.79,4.3,159507.0,23770.98,58.2,1.55,17.08,51.95,35.09,SELL - ระวังตัว,Bear Market,135.61500549316406,1.9956926026473343,0.11597958117115992,0.2934552457120095,0.09978921562076337,HIG,7.0,2.0,6.0,"High (HIG) demonstrates exceptionally strong financial performance over a long period, exhibiting robust growth, high profitability, and a favorable macroeconomic environment. However, the current market conditions – a significant inflationary environment and a bear market – warrant caution due to the potential for further volatility and a potential shift in investor sentiment.  The company's strong fundamentals are currently overshadowed by the challenging macroeconomic backdrop.",2.55
HAS,Hasbro,Consumer Discretionary,11135742775.0,5,0,7,7,0,323.36,329.79,4.3,159507.0,23770.98,58.2,1.55,17.08,51.95,35.09,SELL - ระวังตัว,Bear Market,81.56500244140625,0.1584291748205071,0.014817208636784596,0.33534034717501193,0.25195703040785,HAS,6.0,2.0,8.0,"Hasbro exhibits exceptionally strong financial performance over a long period, demonstrating robust profitability and consistent growth. However, the current macroeconomic environment – characterized by significant inflation and a potential recession – presents considerable risks, warranting cautious investment consideration.  The company's valuation is currently low, suggesting a potential for significant downside.",2.45
HCA,HCA Healthcare,Health Care,114334271656.0,6,4,9,0,0,323.36,329.79,4.3,159507.0,23770.98,58.2,1.55,17.08,51.95,35.09,SELL - ระวังตัว,Bear Market,501.239990234375,6.439002829715146,0.22225945190854457,0.3239554546455126,0.531813423276345,HCA,7.0,3.0,6.0,"HCA Healthcare demonstrates exceptionally strong financial health with a consistent history of robust growth, impressive profitability, and a favorable macroeconomic environment. However, the current market conditions – characterized by high inflation and a bear market – warrant caution due to the potential for significant volatility.  The company's performance is currently under scrutiny, suggesting a need for careful risk management.",2.7249999999999996
DOC,Healthpeak Properties,Real Estate,12404854341.0,7,0,0,5,0,323.36,329.79,4.3,159507.0,23770.98,58.2,1.55,17.08,51.95,35.09,SELL - ระวังตัว,Bear Market,17.90999984741211,-0.43957879234396424,-0.056269452187329705,0.29666918004717135,-0.18553887977137495,DOC,4.0,1.0,8.0,"DOC is a highly concerning investment due to a severe and persistent negative trend in financial metrics, coupled with a deteriorating macroeconomic environment. The company's weak financial performance, coupled with a bearish market outlook, warrants extreme caution and a SELL recommendation.",1.775
HSIC,Henry Schein,Health Care,8765789129.0,6,4,9,7,0,323.36,329.79,4.3,159507.0,23770.98,58.2,1.55,17.08,51.95,35.09,SELL - ระวังตัว,Bear Market,72.0,0.17466412038672163,0.0162307395244492,0.27316237438374313,-0.0655418929492515,HSIC,7.0,3.0,6.0,"Henry Schein exhibits exceptionally strong financial performance and a robust growth trajectory, particularly in the face of significant macroeconomic headwinds. However, the bearish market environment and potential for further volatility warrant caution.  The company's high ROE and consistent free cash flow suggest resilience, but the SELL signal and bearish macro outlook necessitate careful consideration before investing.",2.7249999999999996
HSY,Hershey Company (The),Consumer Staples,37677475668.0,4,0,10,8,0,323.36,329.79,4.3,159507.0,23770.98,58.2,1.55,17.08,51.95,35.09,SELL - ระวังตัว,Bear Market,180.66000366210938,1.1364712497410552,0.07888267521746561,0.22969439428963653,0.02571963125936949,HSY,6.0,2.0,8.0,"HSRY exhibits concerning financial health with a strong, consistent history of profitability and cash flow, but is significantly impacted by a rapidly increasing inflation environment.  The bearish macro environment and declining consumer confidence further amplify risk, leading to a SELL recommendation due to potential for significant downside.",2.45
HPE,Hewlett Packard Enterprise,Information Technology,27827201808.0,4,0,8,0,0,323.36,329.79,4.3,159507.0,23770.98,58.2,1.55,17.08,51.95,35.09,SELL - ระวังตัว,Bear Market,22.03499984741211,1.5931928912754185,0.09999104123538771,0.36021213624591913,0.03840718946417243,HPE,6.0,2.0,7.0,"HPE, despite a strong historical track record, faces significant headwinds due to a rapidly accelerating inflation environment and a concerning macroeconomic outlook. The company's financial metrics are currently under pressure, suggesting a potential risk of continued decline. The bearish market conditions and negative sentiment are amplifying these concerns.",2.375
HLT,Hilton Worldwide,Consumer Discretionary,64520702260.0,0,0,8,8,0,323.36,329.79,4.3,159507.0,23770.98,58.2,1.55,17.08,51.95,35.09,SELL - ระวังตัว,Bear Market,281.5849914550781,5.008084758679354,0.19642165990606664,0.2922640515300729,0.11105188108644692,HLT,4.0,1.0,8.0,"HILTON Worldwide exhibits concerning financial metrics, particularly in the face of significant inflationary pressures and a weakening macroeconomic environment. While the company demonstrates strong historical performance, the current situation warrants caution due to the substantial negative macroeconomic outlook and a concerning lack of growth.  The volatility suggests potential instability.",1.775
HOLX,Hologic,Health Care,16664394845.0,4,0,8,8,0,323.36,329.79,4.3,159507.0,23770.98,58.2,1.55,17.08,51.95,35.09,SELL - ระวังตัว,Bear Market,74.8499984741211,0.9109012502702525,0.06690972779500903,0.27068176416885814,-0.058490585231181225,HOLX,6.0,2.0,4.0,"Hologic exhibits concerning financial stability with a strong track record of profitability and consistent growth, but is significantly impacted by a rapidly rising inflation environment and a bearish macroeconomic outlook. The negative momentum in the price suggests potential vulnerability, warranting careful risk management.",2.15
HD,Home Depot (The),Consumer Discretionary,335027237647.0,4,4,10,9,7,323.36,329.79,4.3,159507.0,23770.98,58.2,1.55,17.08,51.95,35.09,SELL - ระวังตัว,Bear Market,352.2825012207031,1.690617283490206,0.10405593810779767,0.2465054930480707,-0.17907744223826771,HD,7.0,3.0,6.0,"Home Depot demonstrates exceptionally strong financial health, exhibiting consistent growth and profitability over a long period, despite a challenging macroeconomic environment.  However, the bearish market regime and significant volatility suggest potential risks, warranting cautious consideration of the SELL signal.",2.7249999999999996
HON,Honeywell,Industrials,119777820661.0,5,5,9,0,0,323.36,329.79,4.3,159507.0,23770.98,58.2,1.55,17.08,51.95,35.09,SELL - ระวังตัว,Bear Market,192.19509887695312,1.08879810385121,0.0764504067584173,0.23339604963458574,-0.12454817164771959,HON,7.0,2.0,6.0,"HON exhibits exceptionally strong financial health, driven by consistent growth and profitability across multiple years. However, the current market environment – characterized by high inflation and a weakening economy – presents significant risks, warranting a cautious approach to investment due to the bearish macro regime.",2.55
HRL,Hormel Foods,Consumer Staples,12429964586.0,5,0,9,7,0,323.36,329.79,4.3,159507.0,23770.98,58.2,1.55,17.08,51.95,35.09,SELL - ระวังตัว,Bear Market,22.920000076293945,-0.3949313772436396,-0.04900665916732505,0.23074712397123415,-0.2932469978226936,HRL,6.0,1.0,6.0,"HRL demonstrates strong financial stability and consistent growth, but faces significant headwinds due to a rapidly increasing inflation environment and a concerning macroeconomic outlook. The bearish market regime and SELL signal suggest a high risk of further decline, necessitating careful consideration of investment strategy.",2.125
HST,Host Hotels & Resorts,Real Estate,11917658706.0,0,0,8,7,0,323.36,329.79,4.3,159507.0,23770.98,58.2,1.55,17.08,51.95,35.09,SELL - ระวังตัว,Bear Market,17.489999771118164,0.09380863173677878,0.009008135191364675,0.34475766131922303,-0.05048861570704699,HST,6.0,1.0,4.0,"Host Hotels & Resorts exhibits concerning financial health with a prolonged period of profitability, but significantly hampered by a rapidly increasing inflation environment and a bearish macroeconomic outlook. The negative momentum in price performance suggests a potential vulnerability to market sentiment.",1.975
HWM,Howmet Aerospace,Industrials,80460699871.0,4,0,4,4,0,323.36,329.79,4.3,159507.0,23770.98,58.2,1.55,17.08,51.95,35.09,SELL - ระวังตัว,Bear Market,196.125,12.517283717807038,0.3319559511195893,0.39993913137683,0.6567410419866124,HWM,6.0,2.0,6.0,"HWM demonstrates exceptionally strong financial performance over a long period, exhibiting robust growth and consistent profitability. However, the current market environment – characterized by high inflation, a significant labor market downturn, and a bearish macroeconomic outlook – presents significant risks, warranting a cautious approach with a SELL recommendation.",2.3
HPQ,HP Inc.,Information Technology,22788031127.0,5,5,9,7,0,323.36,329.79,4.3,159507.0,23770.98,58.2,1.55,17.08,51.95,35.09,SELL - ระวังตัว,Bear Market,25.235000610351562,1.0769548479544824,0.07583842458927958,0.34604292327392094,-0.2877504828396765,HPQ,7.0,3.0,6.0,"HP Inc. demonstrates exceptionally strong financial health, exhibiting robust growth, consistent profitability, and a favorable macroeconomic environment. However, the bearish market regime and elevated volatility present significant risks, warranting a cautious approach to investment.",2.7249999999999996
HUBB,Hubbell Incorporated,Industrials,22537626428.0,5,5,9,8,0,323.36,329.79,4.3,159507.0,23770.98,58.2,1.55,17.08,51.95,35.09,SELL - ระวังตัว,Bear Market,426.9800109863281,3.370764666961981,0.15894949963051874,0.2830164333493585,-0.07196414965572628,HUBB,7.0,2.0,6.0,"Hubbell Incorporated demonstrates exceptionally strong financial health with a robust history of consistent growth, high profitability, and a favorable macroeconomic environment. However, the current market conditions – a significant inflationary environment and a concerning labor market – warrant caution due to the SELL signal and volatility.  The 12-month momentum is negative, suggesting potential weakening.",2.55
HUM,Humana,Health Care,27566587186.0,5,0,8,5,0,323.36,329.79,4.3,159507.0,23770.98,58.2,1.55,17.08,51.95,35.09,SELL - ระวังตัว,Bear Market,240.61000061035156,0.4271055272834561,0.03620986720775532,0.32914116347238487,-0.18817060312321732,HUM,6.0,2.0,6.0,HUMana เป็นหุ้นที่น่าสนใจในบริบทของสภาพเศรษฐกิจที่ผันผวนอย่างรุนแรง โดยมีผลประกอบการที่แข็งแกร่งและ ROE ที่สูง แต่สภาพแวดล้อมทางเศรษฐกิจมหภาคที่รุนแรงทำให้เกิดความกังวลเกี่ยวกับอนาคตของบริษัท ซึ่งส่งผลให้แนะนำให้ระวังตัวและขายหุ้น,2.3
HBAN,Huntington Bancshares,Financials,23218906944.0,7,6,9,2,0,323.36,329.79,4.3,159507.0,23770.98,58.2,1.55,17.08,51.95,35.09,SELL - ระวังตัว,Bear Market,16.670000076293945,0.4584426623982998,0.03846336440097331,0.34669765631047267,-0.0744031169105146,HBAN,7.0,2.0,6.0,"Huntington Bancshares exhibits exceptionally strong financial health, demonstrating robust growth and consistent profitability over a long period. However, the current market environment – characterized by high inflation and a weakening labor market – presents significant risks, warranting a cautious investment approach due to the Bear Market scenario.",2.55
HII,Huntington Ingalls Industries,Industrials,12161705225.0,5,0,10,6,0,323.36,329.79,4.3,159507.0,23770.98,58.2,1.55,17.08,51.95,35.09,SELL - ระวังตัว,Bear Market,308.6700134277344,1.3725595614664106,0.09025189331557426,0.29572725965141,0.559569605312205,HII,6.0,1.0,6.0,"HII exhibits concerning financial health with a history of exceptional growth and strong cash flow, but is significantly impacted by a rapidly increasing inflation environment and a bearish macroeconomic outlook.  The volatile price action suggests potential risk, warranting careful consideration of the investment.",2.125
IBM,IBM,Information Technology,284271670849.0,5,5,9,8,0,323.36,329.79,4.3,159507.0,23770.98,58.2,1.55,17.08,51.95,35.09,SELL - ระวังตัว,Bear Market,306.0,1.3040312357175798,0.08706070987692716,0.2492800728879892,0.34558724362302606,IBM,7.0,3.0,6.0,"IBM demonstrates exceptionally strong financial health and consistent growth, bolstered by a robust free cash flow and a high ROE. However, the current macroeconomic environment – characterized by significant inflation and a weakening labor market – presents a significant risk, warranting cautious investment consideration.  The market is currently in a bear market, suggesting potential for further decline.",2.7249999999999996
IEX,IDEX Corporation,Industrials,12717667671.0,6,5,10,7,0,323.36,329.79,4.3,159507.0,23770.98,58.2,1.55,17.08,51.95,35.09,SELL - ระวังตัว,Bear Market,175.0,1.2447409191267536,0.08423002600065654,0.2400001775907209,-0.24120887874532704,IEX,7.0,2.0,6.0,"IEX Corporation demonstrates exceptionally strong financial health with a consistent history of robust growth, impressive profitability, and a favorable macroeconomic environment. However, the current market conditions – characterized by high inflation and a bear market – warrant caution due to the potential for significant volatility and a potential shift in investor sentiment.  The company's growth rate is currently slowing, suggesting a need for careful monitoring of its operational efficiency.",2.55
IDXX,Idexx Laboratories,Health Care,60059379346.0,6,5,10,0,6,323.36,329.79,4.3,159507.0,23770.98,58.2,1.55,17.08,51.95,35.09,SELL - ระวังตัว,Bear Market,734.9199829101562,9.495858585319288,0.2650735508709008,0.3280654638262683,0.7425488628575134,IDXX,7.0,3.0,6.0,"IDXX Laboratories demonstrates exceptionally strong financial health with a consistently high growth rate, robust free cash flow, and impressive ROE. However, the current market environment – characterized by significant inflation and a bear market – warrants caution due to the elevated volatility and potential for significant downside risk.  The company's performance is currently underperforming relative to its historical growth trajectory.",2.7249999999999996
ITW,Illinois Tool Works,Industrials,70357953000.0,5,5,9,9,7,323.36,329.79,4.3,159507.0,23770.98,58.2,1.55,17.08,51.95,35.09,SELL - ระวังตัว,Bear Market,247.77999877929688,1.6827630699639262,0.10373318348460536,0.23641470557192837,-0.107163416732875,ITW,7.0,2.0,6.0,"ITW demonstrates exceptionally strong financial health and consistent growth, bolstered by a favorable macroeconomic environment. However, the bearish market sentiment and volatility warrant caution regarding the investment.  The high ROE and cash flow generation suggest potential, but the SELL signal highlights risks associated with the current market conditions.",2.55
INCY,Incyte,Health Care,20857323967.0,6,3,8,7,0,323.36,329.79,4.3,159507.0,23770.98,58.2,1.55,17.08,51.95,35.09,SELL - ระวังตัว,Bear Market,101.83499908447266,-0.04675655397330547,-0.004777701466653017,0.35463521079930554,0.36526349489498466,INCY,7.0,2.0,6.0,"Incyte exhibits exceptionally strong financial performance, demonstrating robust growth and consistent profitability over a long period, despite a challenging macroeconomic environment characterized by high inflation and a significant labor market downturn.  However, the bearish market regime and volatile price action warrant caution, suggesting potential risks to the investment.",2.55
IR,Ingersoll Rand,Industrials,30715882107.0,4,0,9,7,0,323.36,329.79,4.3,159507.0,23770.98,58.2,1.55,17.08,51.95,35.09,SELL - ระวังตัว,Bear Market,79.01000213623047,2.744549796578108,0.1668029198893275,0.3421429384521504,-0.24152823725608386,IR,6.0,2.0,7.0," Ingersoll Rand exhibits exceptionally strong financial health, demonstrating consistent profitability and robust growth over a long period. However, the current macroeconomic environment – characterized by significant inflation and a potential recession – presents considerable risk, warranting cautious investment consideration. The negative momentum in the stock price suggests a potential shift in investor sentiment.",2.375
PODD,Insulet Corporation,Health Care,23744188482.0,7,2,5,4,0,323.36,329.79,4.3,159507.0,23770.98,58.2,1.55,17.08,51.95,35.09,SELL - ระวังตัว,Bear Market,310.3599853515625,7.445169669430273,0.23786568573767974,0.424650145320845,0.16335552429595257,PODD,7.0,2.0,6.0,"Insulet Corporation demonstrates exceptionally strong financial health with a consistent history of growth and profitability, bolstered by a favorable macroeconomic environment. However, the current market conditions suggest caution due to the elevated inflation rate and bear market sentiment.  The company's performance is currently under pressure, warranting a SELL recommendation.",2.55
INTC,Intel,Information Technology,156652830000.0,5,0,7,0,0,323.36,329.79,4.3,159507.0,23770.98,58.2,1.55,17.08,51.95,35.09,SELL - ระวังตัว,Bear Market,42.9119987487793,0.26063447692814234,0.02343507089975949,0.4013433360475548,0.7842827488598338,INTC,6.0,2.0,8.0,"Intel demonstrates exceptionally strong financial performance, particularly in a challenging macroeconomic environment characterized by hyperinflation and a significant labor market downturn.  Despite a concerning lack of growth, the company's consistent profitability and ROE suggest resilience, though the extreme volatility and SELL signal warrant caution.  The bear market conditions exacerbate existing concerns about long-term sustainability.",2.45
IBKR,Interactive Brokers,Financials,27804081824.0,6,5,10,7,0,323.36,329.79,4.3,159507.0,23770.98,58.2,1.55,17.08,51.95,35.09,SELL - ระวังตัว,Bear Market,64.01000213623047,4.888684711144154,0.19402212053455226,0.32983080732432024,0.3398922677887588,IBKR,8.0,4.0,6.0,"Interactive Brokers demonstrates exceptionally strong financial health and consistent growth, bolstered by a robust free cash flow and a high ROE. However, the current macroeconomic environment – characterized by significant inflation and a potential bear market – warrants caution due to the elevated volatility.  Their performance is currently negatively impacted by the inflationary pressures and market downturn.",3.1500000000000004
ICE,Intercontinental Exchange,Financials,87180305647.0,0,0,9,8,0,323.36,329.79,4.3,159507.0,23770.98,58.2,1.55,17.08,51.95,35.09,SELL - ระวังตัว,Bear Market,155.8300018310547,2.0694531408321897,0.118697761810725,0.22240483728292193,-0.03187130137197325,ICE,4.0,1.0,4.0,"ICE faces significant headwinds due to a hyperinflationary environment, coupled with a weak macroeconomic outlook. The company's historical financial performance, while strong, is increasingly unsustainable in the face of a rapidly deteriorating economic landscape.  The SELL signal suggests a high level of risk and potential for significant losses.",1.475
IFF,International Flavors & Fragrances,Materials,17273700764.0,0,0,8,7,0,323.36,329.79,4.3,159507.0,23770.98,58.2,1.55,17.08,51.95,35.09,SELL - ระวังตัว,Bear Market,67.95999908447266,-0.42957865173216203,-0.05459860428305052,0.2971361580493776,-0.2561296121885923,IFF,4.0,1.0,4.0,"The company exhibits concerning financial health with a prolonged lack of growth and profitability, amidst a significant inflationary environment and a bearish market outlook.  The negative growth and volatility suggest potential vulnerabilities, while the bear market conditions amplify risk.  The investment signal of SELL warrants careful consideration.",1.475
IP,International Paper,Materials,19848960336.0,0,0,0,8,0,323.36,329.79,4.3,159507.0,23770.98,58.2,1.55,17.08,51.95,35.09,SELL - ระวังตัว,Bear Market,37.790000915527344,0.007478884880456782,0.0007454854180075632,0.31243884452803256,-0.35764066395831595,IP,4.0,1.0,4.0,"IP is exhibiting concerning negative trends across multiple financial metrics, particularly in the face of a rapidly accelerating inflation environment and a significant economic downturn.  The lack of consistent growth and profitability, coupled with a volatile market, suggests a high risk of further decline.  The SELL signal highlights a potential significant loss of value.",1.475
IPG,Interpublic Group of Companies (The),Communication Services,9341187922.0,0,0,8,6,0,323.36,329.79,4.3,159507.0,23770.98,58.2,1.55,17.08,51.95,35.09,SELL - ระวังตัว,Bear Market,24.56999969482422,0.07058818640654696,0.006856378502050786,0.3153717444507134,-0.1991525602860177,IPG,4.0,1.0,4.0,"IPG exhibits concerning financial health with a prolonged lack of growth and profitability, amidst a significant inflationary environment and a bearish market outlook.  The company's valuation is negatively impacted by a significant decline in momentum, suggesting potential instability.",1.475
INTU,Intuit,Information Technology,181859232000.0,6,4,8,6,0,323.36,329.79,4.3,159507.0,23770.98,58.2,1.55,17.08,51.95,35.09,SELL - ระวังตัว,Bear Market,633.4600219726562,5.572525835491156,0.2072144519307273,0.3171773620561323,-0.012886975437945036,INTU,7.0,3.0,6.0,"Intuit demonstrates exceptionally strong financial health with a consistent history of robust growth, high profitability, and a favorable macroeconomic environment. However, the current market conditions – a significant inflationary environment and a bearish market – warrant caution due to the potential for further price declines.  The company's growth rate is currently slowing, suggesting a potential shift in strategy.",2.7249999999999996
ISRG,Intuitive Surgical,Health Care,203786724131.0,6,5,9,7,0,323.36,329.79,4.3,159507.0,23770.98,58.2,1.55,17.08,51.95,35.09,SELL - ระวังตัว,Bear Market,567.6849975585938,9.04436184191521,0.25952256466303125,0.32095139387688065,0.04738929438854944,ISRG,7.0,2.0,6.0,"Intuitive Surgical exhibits strong financial health with consistent growth and profitability, but faces significant headwinds from a rapidly inflationary environment and a bearish market outlook.  The high volatility and relatively low momentum suggest potential risks, warranting cautious investment consideration.",2.55
IVZ,Invesco,Financials,10597661949.0,5,0,9,5,0,323.36,329.79,4.3,159507.0,23770.98,58.2,1.55,17.08,51.95,35.09,SELL - ระวังตัว,Bear Market,24.530000686645508,-0.26047627251269534,-0.029728182421478233,0.39358739785663793,0.3559978153530492,IVZ,6.0,2.0,6.0,"Invesco (IVZ) exhibits concerning financial health with a history of robust growth, but significantly hampered by a volatile and potentially unsustainable macroeconomic environment.  The extreme inflation and economic downturn pose significant risks, coupled with a concerning lack of recent growth.  The SELL signal suggests a high probability of further decline, warranting careful monitoring.",2.3
INVH,Invitation Homes,Real Estate,17250399374.0,7,0,7,7,0,323.36,329.79,4.3,159507.0,23770.98,58.2,1.55,17.08,51.95,35.09,SELL - ระวังตัว,Bear Market,27.78499984741211,0.3892499923706054,0.03792434379613718,0.2570277041243573,-0.18875912854271215,INVH,6.0,2.0,6.0,"Invitation Homes demonstrates exceptionally strong financial health – a consistent history of profitability and robust cash flow – but is significantly impacted by a rapidly accelerating inflationary environment.  Their growth is severely hampered by the current macroeconomic conditions, leading to a concerning price performance.  The bearish market environment warrants careful consideration.",2.3
IQV,IQVIA,Health Care,38859054000.0,5,4,7,6,0,323.36,329.79,4.3,159507.0,23770.98,58.2,1.55,17.08,51.95,35.09,SELL - ระวังตัว,Bear Market,228.85589599609375,2.4791106756317274,0.13280260163354285,0.30588510308470634,0.13949362760926132,IQV,7.0,2.0,6.0,IQVIA มีคุณภาพทางการเงินที่ดีอย่างมาก โดยมีผลประกอบการที่แข็งแกร่งและอัตราการเติบโตที่โดดเด่นในระยะยาว แม้ว่าสภาพเศรษฐกิจมหภาคจะอยู่ในช่วงที่ท้าทาย แต่หุ้น IQV ยังคงมีศักยภาพในการเติบโตในระยะยาว โดยมีผลตอบแทนที่สูงและราคาที่ปรับตัวสูงขึ้น ซึ่งอาจเป็นสัญญาณที่ดีในระยะยาว,2.55
IRM,Iron Mountain,Real Estate,25045297572.0,7,0,9,0,0,323.36,329.79,4.3,159507.0,23770.98,58.2,1.55,17.08,51.95,35.09,SELL - ระวังตัว,Bear Market,82.38999938964844,2.010230064426848,0.11652003741534656,0.29164671680014015,-0.3337915370784138,IRM,4.0,2.0,8.0,"Iron Mountain, a real estate investment trust, exhibits concerning financial stability and a challenging macroeconomic environment.  Despite strong historical performance, the current market conditions – including high inflation and a recessionary outlook – suggest potential risks.  The negative momentum in the price suggests a significant vulnerability to the current economic climate, warranting a cautious approach with a SELL recommendation.",1.9500000000000002
JBHT,J.B. Hunt,Industrials,15868137361.0,6,5,9,8,0,323.36,329.79,4.3,159507.0,23770.98,58.2,1.55,17.08,51.95,35.09,SELL - ระวังตัว,Bear Market,184.42999267578125,1.3948836197864938,0.09127356299785139,0.29436127102535575,-0.02474754333174134,JBHT,7.0,3.0,6.0,"JBHT demonstrates exceptionally strong financial health with a consistent history of robust growth, high profitability, and a favorable macroeconomic environment. However, the current market conditions – a significant inflationary environment and a bearish market – necessitate caution due to the potential for further price declines.  The high volatility suggests increased risk.",2.7249999999999996
JBL,Jabil,Information Technology,21062980990.0,6,0,9,5,0,323.36,329.79,4.3,159507.0,23770.98,58.2,1.55,17.08,51.95,35.09,SELL - ระวังตัว,Bear Market,211.24749755859375,7.426306347431128,0.23758887706460396,0.3643596106011454,0.5552344453425195,JBL,7.0,2.0,8.0,"Jabil, a leading information technology company, exhibits concerning financial stability and growth, significantly impacted by a rapidly rising inflation environment. Despite strong historical performance, the current macroeconomic conditions – particularly high inflation – pose a significant risk, warranting a cautious approach to investment. The company's valuation is also elevated, suggesting potential for further decline.",2.7
JKHY,Jack Henry & Associates,Financials,12346091177.0,6,5,10,8,0,323.36,329.79,4.3,159507.0,23770.98,58.2,1.55,17.08,51.95,35.09,SELL - ระวังตัว,Bear Market,173.55499267578125,1.1985683722850604,0.08197862681728796,0.23083268888166977,-0.014899535186329027,JKHY,7.0,2.0,6.0,"JKHY demonstrates exceptionally strong financial health with a consistent track record of growth, profitability, and cash flow, despite a challenging macroeconomic environment characterized by high inflation and a significant labor market downturn.  However, the SELL signal and volatility suggest potential risks, warranting careful consideration of the investment.",2.55
J,Jacobs Solutions,Industrials,15778201155.0,3,0,5,3,0,323.36,329.79,4.3,159507.0,23770.98,58.2,1.55,17.08,51.95,35.09,SELL - ระวังตัว,Bear Market,134.7949981689453,2.6432620628404115,0.13803790788683834,0.27290112776493,-0.03601960670269966,J,6.0,2.0,6.0,"Jacobs Solutions exhibits concerning financial health with a strong historical performance, but significantly hampered by a volatile macroeconomic environment and a bearish market outlook.  The company's growth is severely limited, and its performance is vulnerable to significant negative shifts in the economic landscape.",2.3
JNJ,Johnson & Johnson,Health Care,496238224576.0,6,0,9,8,0,323.36,329.79,4.3,159507.0,23770.98,58.2,1.55,17.08,51.95,35.09,SELL - ระวังตัว,Bear Market,203.61000061035156,1.020140874698456,0.07285825361385889,0.1839692234530696,0.3135282099592125,JNJ,6.0,1.0,6.0,"Johnson & Johnson (JNJ) exhibits concerning financial health with a strong track record of consistent growth and profitability, but is significantly impacted by a rapidly rising and volatile inflation environment. The bearish macroeconomic outlook and declining consumer confidence present significant risks, warranting a cautious SELL investment strategy.",2.125
JCI,Johnson Controls,Industrials,69785580444.0,6,4,8,7,0,323.36,329.79,4.3,159507.0,23770.98,58.2,1.55,17.08,51.95,35.09,SELL - ระวังตัว,Bear Market,115.16999816894531,2.2598503958211547,0.12545152298221596,0.27848903841052053,0.37336033067866303,JCI,7.0,3.0,6.0,"Johnson Controls demonstrates exceptionally strong financial health and consistent growth, bolstered by a robust free cash flow and a favorable macroeconomic environment. However, the current market conditions – a significant inflationary environment and a concerning labor market – warrant caution due to the SELL signal and volatility.  The company's performance is currently under pressure, suggesting a potential shift in investor sentiment.",2.7249999999999996
JPM,JPMorgan Chase,Financials,811234163910.0,5,0,10,0,0,323.36,329.79,4.3,159507.0,23770.98,58.2,1.55,17.08,51.95,35.09,SELL - ระวังตัว,Bear Market,309.4125061035156,3.702317503847742,0.1674556724734373,0.2765213007310452,0.23903774063358307,JPM,4.0,2.0,8.0,JPMorgan Chase มีคุณภาพทางการเงินที่ดีอย่างมาก (4) เนื่องจาก ROE และ Free Cash Flow บวกติดต่อกันสูง (8) แต่การเติบโตของรายได้และ EPS มีความผันผวนสูง (1) สภาพเศรษฐกิจมหภาคที่กำลังอยู่ในภาวะขาลง (8) และการเปลี่ยนแปลงของอัตราเงินเฟ้ออย่างรุนแรง (17.08) ทำให้เกิดความเสี่ยงที่ต้องระวังเป็นพิเศษ และราคาปัจจุบัน (309.41) อยู่ในระดับที่ควรระมัดระวัง (2) เนื่องจากสัญญาณเตือนจากตลาดและเศรษฐกิจมหภาค,1.9500000000000002
K,Kellanova,Consumer Staples,29034977890.0,4,4,9,8,0,323.36,329.79,4.3,159507.0,23770.98,58.2,1.55,17.08,51.95,35.09,SELL - ระวังตัว,Bear Market,83.11499786376953,0.29166015049539706,0.025926736093037084,0.2124025890151891,0.022450448120164612,K,7.0,3.0,6.0,"Kellanova demonstrates exceptionally strong financial health and consistent growth, bolstered by a favorable macroeconomic environment. However, the current volatility and SELL signal warrant caution, suggesting potential headwinds impacting long-term value.  The 4-year growth, 9-year EPS, and 8-year ROE are particularly noteworthy, but the current bearish macro environment and the SELL signal necessitate careful consideration of the investment's risk-adjusted returns.",2.7249999999999996
KVUE,Kenvue,Consumer Staples,32108844369.0,0,0,2,2,0,323.36,329.79,4.3,159507.0,23770.98,58.2,1.55,17.08,51.95,35.09,SELL - ระวังตัว,Bear Market,16.975000381469727,-0.3689590846768501,-0.16332509489481728,0.30057289519907615,-0.29505812145961285,KVUE,4.0,1.0,8.0,"KVUE exhibits concerning financial health with a history of negative growth and volatile performance, exacerbated by a rapidly increasing inflation environment and a bearish market outlook.  The company's exposure to consumer staples suggests vulnerability, compounded by a challenging macroeconomic backdrop.  The SELL signal highlights significant risk, demanding careful consideration of the potential for further decline.",1.775
KDP,Keurig Dr Pepper,Consumer Staples,37170834300.0,4,4,6,5,0,323.36,329.79,4.3,159507.0,23770.98,58.2,1.55,17.08,51.95,35.09,SELL - ระวังตัว,Bear Market,27.915000915527344,-0.689107911450082,-0.11027863329490273,0.34929488026892347,-0.14502298281972592,KDP,6.0,2.0,6.0,"Keurig Dr Pepper exhibits exceptionally strong financial health, demonstrating robust growth and consistent profitability over a long period. However, the current market environment – characterized by significant inflation and a weakening consumer confidence – presents considerable risk, necessitating a cautious approach to investment.",2.3
KEY,KeyCorp,Financials,19552331447.0,5,5,9,0,0,323.36,329.79,4.3,159507.0,23770.98,58.2,1.55,17.08,51.95,35.09,SELL - ระวังตัว,Bear Market,18.479900360107422,0.4270193538447693,0.036203609196851394,0.40061853611174103,-0.05133979495022589,KEY,6.0,2.0,6.0,"KeyCorp demonstrates exceptionally strong financial health with a consistent history of robust growth, high profitability, and a favorable market position. However, the current macroeconomic environment – characterized by hyperinflation and a significant labor market downturn – presents considerable risk, necessitating a cautious investment approach. The volatile market and negative momentum suggest a potential for significant price declines.",2.3
KEYS,Keysight Technologies,Information Technology,30533699760.0,6,0,9,8,0,323.36,329.79,4.3,159507.0,23770.98,58.2,1.55,17.08,51.95,35.09,SELL - ระวังตัว,Bear Market,199.72999572753906,5.875387296834536,0.21266594144380613,0.31370686050016183,0.1691055959314658,KEYS,6.0,1.0,6.0,"Keysight Technologies, despite a strong historical track record, faces significant headwinds due to a rapidly accelerating inflation environment and a bear market. The company's financial health is questionable given the extreme volatility and low growth, suggesting a potential risk.  The negative macro environment and low performance suggest a high probability of a sell signal.",2.125
KMB,Kimberly-Clark,Consumer Staples,34855089958.0,0,0,10,9,9,323.36,329.79,4.3,159507.0,23770.98,58.2,1.55,17.08,51.95,35.09,SELL - ระวังตัว,Bear Market,106.69020080566406,-0.09775728705569509,-0.010235833247387527,0.2084723611062546,-0.23437247124044147,KMB,6.0,2.0,8.0,"KMB demonstrates exceptionally strong financial health – a consistent history of robust profitability, high free cash flow, and a superior ROE. However, the current macroeconomic environment, characterized by significant inflation and a weakening labor market, presents considerable risk. The negative momentum in the stock price suggests a potential vulnerability to these headwinds, warranting cautious consideration.",2.45
KIM,Kimco Realty,Real Estate,13848640245.0,5,0,8,9,0,323.36,329.79,4.3,159507.0,23770.98,58.2,1.55,17.08,51.95,35.09,SELL - ระวังตัว,Bear Market,20.309999465942383,-0.19628020981287453,-0.02161639392030612,0.3415558477784053,-0.20570982759716439,KIM,6.0,1.0,6.0,"KIM faces significant headwinds due to a severe macroeconomic environment characterized by hyperinflation, a declining labor force, and a significant recession. The company's strong financial performance, particularly its consistent growth and profitability, is undermined by a concerning lack of growth, a volatile market, and a downward momentum in its price.  The SELL recommendation reflects a high level of risk associated with this situation.",2.125
KMI,Kinder Morgan,Energy,59668073660.0,5,0,8,8,0,323.36,329.79,4.3,159507.0,23770.98,58.2,1.55,17.08,51.95,35.09,SELL - ระวังตัว,Bear Market,26.931499481201172,0.39831252134749917,0.03409971431445591,0.30799052384156667,-0.047347044743146216,KMI,6.0,2.0,6.0,"Kinder Morgan faces significant headwinds due to a rapidly rising inflation environment and a bear market.  Despite strong historical financial performance, the current macroeconomic conditions pose considerable risk, warranting a cautious investment approach.",2.3
KKR,KKR & Co.,Financials,105045999369.0,5,0,8,0,0,323.36,329.79,4.3,159507.0,23770.98,58.2,1.55,17.08,51.95,35.09,SELL - ระวังตัว,Bear Market,123.7300033569336,6.553724645682027,0.22413168150945562,0.3667975399509576,-0.24031431776056766,KKR,4.0,1.0,8.0,"KKR & Co. exhibits concerning financial health with a history of exceptional growth, but significantly hampered by a volatile and potentially unsustainable macroeconomic environment.  The extreme inflation and economic downturn pose significant risks to the company's long-term value.  The negative momentum in the stock price suggests a potential for further decline.",1.775
KLAC,KLA Corporation,Information Technology,149357612375.0,7,0,9,9,8,323.36,329.79,4.3,159507.0,23770.98,58.2,1.55,17.08,51.95,35.09,SELL - ระวังตัว,Bear Market,1180.1400146484375,16.717159643217858,0.3330808869522406,0.39854392058848054,0.8239339152943042,KLAC,7.0,2.0,6.0,"KLAC demonstrates exceptionally strong financial health with a long history of consistent growth, robust free cash flow, and a high ROE. However, the current macroeconomic environment – characterized by high inflation, a significant labor shortage, and a bearish market – presents significant risks, warranting a cautious approach to the investment.",2.55
KHC,Kraft Heinz,Consumer Staples,29863630258.0,4,0,0,7,0,323.36,329.79,4.3,159507.0,23770.98,58.2,1.55,17.08,51.95,35.09,SELL - ระวังตัว,Bear Market,24.729999542236328,-0.6539322717734286,-0.10068921692810551,0.27065034928776244,-0.22646230611878293,KHC,4.0,1.0,8.0,"KHC, a consumer staples company, exhibits concerning financial health with a significant decline in profitability and growth, amidst a severe inflationary environment and a bearish market outlook.  The extreme volatility and negative momentum suggest a high risk of further losses, necessitating careful consideration before investing.",1.775
KR,Kroger,Consumer Staples,42603582249.0,0,0,9,7,0,323.36,329.79,4.3,159507.0,23770.98,58.2,1.55,17.08,51.95,35.09,SELL - ระวังตัว,Bear Market,66.76499938964844,0.6728889913533209,0.05280944353733341,0.2883192531490797,0.093074613427784,KR,6.0,2.0,8.0,"Kroger faces significant headwinds due to a persistently negative macroeconomic environment characterized by hyperinflation, a tight labor market, and a declining consumer confidence. The company's strong financial performance over the long term, coupled with a relatively low volatility, is currently undermined by a concerning downward trend in growth and a significant price decline.  The bearish macro environment significantly impacts the company's future prospects.",2.45
LHX,L3Harris,Industrials,51514354064.0,3,2,4,3,0,323.36,329.79,4.3,159507.0,23770.98,58.2,1.55,17.08,51.95,35.09,SELL - ระวังตัว,Bear Market,274.4649963378906,2.30999761696427,0.12717120367974744,0.2534221348119899,0.11457866533153549,LHX,7.0,3.0,6.0,"L3Harris demonstrates exceptionally strong financial health with robust growth, consistent profitability, and a favorable macroeconomic environment. However, the bearish market conditions and potential inflationary pressures warrant caution regarding the stock's valuation.  The high growth rate and strong fundamentals are offset by the significant volatility and potential for a bear market.",2.7249999999999996
LH,Labcorp,Health Care,21994199000.0,6,4,9,7,0,323.36,329.79,4.3,159507.0,23770.98,58.2,1.55,17.08,51.95,35.09,SELL - ระวังตัว,Bear Market,265.5400085449219,1.5544510157735876,0.0983362924220994,0.26618046873517937,0.10109472761897731,LH,7.0,2.0,6.0,Labcorp มีคุณภาพทางการเงินที่ดีอย่างมาก ด้วยผลตอบแทนที่สูงและอัตราส่วนที่แข็งแกร่ง แต่สภาพแวดล้อมเศรษฐกิจมหภาคที่ผันผวนและอัตราเงินเฟ้อที่สูงส่งผลกระทบต่อความน่าสนใจของหุ้นนี้ ควรระวังตัวเนื่องจากความเสี่ยงที่เพิ่มขึ้น,2.55
LRCX,Lam Research,Information Technology,188881791400.0,7,0,9,8,3,323.36,329.79,4.3,159507.0,23770.98,58.2,1.55,17.08,51.95,35.09,SELL - ระวังตัว,Bear Market,157.5500030517578,19.610936937600083,0.353404963630191,0.4315466239190177,1.1325123025024064,LRCX,7.0,2.0,6.0,"LRCX exhibits exceptionally strong financial health with a long history of consistent profitability and growth, but faces significant headwinds from a rapidly inflationary environment and a bearish macroeconomic outlook.  The high volatility and recent price decline suggest potential risks, warranting careful consideration before investing.",2.55
LW,Lamb Weston,Consumer Staples,7876202170.0,0,0,8,5,0,323.36,329.79,4.3,159507.0,23770.98,58.2,1.55,17.08,51.95,35.09,SELL - ระวังตัว,Bear Market,58.88999938964844,0.9416419234350135,0.0759902460340256,0.3499231694070673,-0.23757119344417288,LW,4.0,2.0,8.0,"Lamb Weston faces significant headwinds due to a persistently deflationary environment, coupled with a bear market and a concerning lack of growth. The company's financial stability is questionable given the extreme volatility and lack of growth, requiring careful risk assessment.",1.9500000000000002
LVS,Las Vegas Sands,Consumer Discretionary,44401751761.0,6,0,7,6,1,323.36,329.79,4.3,159507.0,23770.98,58.2,1.55,17.08,51.95,35.09,SELL - ระวังตัว,Bear Market,68.63999938964844,0.5764813492498084,0.046577973621689805,0.39100114054254387,0.29362980801202876,LVS,7.0,2.0,6.0,"Las Vegas Sands demonstrates strong financial health with consistent growth, high profitability, and a favorable macroeconomic environment. However, the bearish market and elevated volatility suggest potential risks, warranting cautious investment consideration.",2.55
LDOS,Leidos,Industrials,23884624681.0,6,0,8,7,0,323.36,329.79,4.3,159507.0,23770.98,58.2,1.55,17.08,51.95,35.09,SELL - ระวังตัว,Bear Market,187.3800048828125,2.266167132150172,0.12566944591582385,0.2839291784425401,0.13289003505093433,LDOS,7.0,2.0,6.0,"LDOS exhibits strong financial stability and consistent growth over a long period, but its performance is significantly hampered by a rapidly increasing inflation environment and a bearish market outlook.  The company's high ROE and cash flow are crucial, but the volatile market and inflationary pressures pose significant risks.  The SELL signal suggests caution due to the concerning macroeconomic backdrop.",2.55
LEN,Lennar,Consumer Discretionary,31357325967.0,6,6,10,0,0,323.36,329.79,4.3,159507.0,23770.98,58.2,1.55,17.08,51.95,35.09,SELL - ระวังตัว,Bear Market,128.76499938964844,1.700648596241619,0.10446692585280459,0.36842440091389206,-0.2372598908866096,LEN,7.0,2.0,6.0,"LEN (Consumer Discretionary) demonstrates exceptionally strong financial performance over a long period, exhibiting robust growth, high profitability, and a favorable macroeconomic environment. However, the current market conditions – characterized by high inflation, a slowing economy, and a bearish market – necessitate caution due to the potential for significant volatility and a risk of a bear market.  The current price action suggests a potential reversal of recent gains.",2.55
LII,Lennox International,Industrials,16338761793.0,0,0,10,7,3,323.36,329.79,4.3,159507.0,23770.98,58.2,1.55,17.08,51.95,35.09,SELL - ระวังตัว,Bear Market,485.6400146484375,2.6377529187148876,0.13786567915348402,0.2846935352192169,-0.27204591145058055,LII,6.0,2.0,8.0,"LII appears to be a relatively stable, well-established industrial company with strong financial fundamentals and a relatively resilient market position, but the bearish macro environment and negative momentum suggest caution is warranted.  The consistent, high-growth performance over a long period, coupled with a strong ROE and cash flow, is a positive sign, but the current volatility and SELL signal warrant careful consideration of the risks.",2.45
LLY,Lilly (Eli),Health Care,1011711881391.0,5,0,9,7,5,323.36,329.79,4.3,159507.0,23770.98,58.2,1.55,17.08,51.95,35.09,SELL - ระวังตัว,Bear Market,1058.9150390625,11.748796896069015,0.289917858169805,0.2947426969418368,0.3313825002413473,LLY,7.0,2.0,6.0,"LY Lilly exhibits exceptionally strong financial health, demonstrating robust growth and consistent profitability over a long period. However, the current market environment – characterized by high inflation and a bear market – presents significant risks, warranting cautious investment consideration.  The company's high ROE and cash flow are positive, but the volatile market and inflationary pressures necessitate careful monitoring.",2.55
LIN,Linde plc,Materials,190361070293.0,5,4,8,8,0,323.36,329.79,4.3,159507.0,23770.98,58.2,1.55,17.08,51.95,35.09,SELL - ระวังตัว,Bear Market,406.735595703125,2.729466392887104,0.140702770335686,0.22928861532814243,-0.11769104683523857,LIN,7.0,3.0,6.0,"Linde plc demonstrates exceptionally strong financial health and consistent growth, bolstered by a robust free cash flow and a high ROE. However, the current macroeconomic environment – characterized by high inflation and a significant labor market downturn – presents considerable risk, warranting a cautious investment approach due to the bearish market regime.",2.7249999999999996
LYV,Live Nation Entertainment,Communication Services,29485847784.0,5,2,5,0,3,323.36,329.79,4.3,159507.0,23770.98,58.2,1.55,17.08,51.95,35.09,SELL - ระวังตัว,Bear Market,130.3350067138672,4.221755268210213,0.1797540558663573,0.3811846154292543,-0.05725130767546338,LYV,7.0,3.0,6.0,"Live Nation Entertainment (LYV) exhibits strong financial performance and a compelling growth trajectory, but is currently facing significant headwinds due to a rapidly accelerating inflation environment. The bearish macro environment and negative momentum suggest a heightened risk profile, warranting a cautious sell position.",2.7249999999999996
LKQ,LKQ Corporation,Consumer Discretionary,7461409075.0,0,0,10,7,0,323.36,329.79,4.3,159507.0,23770.98,58.2,1.55,17.08,51.95,35.09,SELL - ระวังตัว,Bear Market,28.868799209594727,0.01081231615639866,0.0010761539789125862,0.3353111975570568,-0.2652380112776779,LKQ,4.0,2.0,6.0,"LKQ Corporation เป็นหุ้นที่น่าสนใจในสถานการณ์ที่ท้าทายเนื่องจากสภาพเศรษฐกิจมหภาคที่ผันผวนอย่างรุนแรง, การเติบโตที่หยุดชะงักอย่างต่อเนื่อง, และการปรับตัวที่ยากลำบากในสภาพแวดล้อมที่เต็มไปด้วยเงินเฟ้อสูง การขาดแคลนผลกำไรและ ROE ที่แข็งแกร่งทำให้เกิดสัญญาณเตือนภัยที่ควรพิจารณาอย่างรอบคอบ",1.8
LMT,Lockheed Martin,Industrials,105306748159.0,6,5,9,9,8,323.36,329.79,4.3,159507.0,23770.98,58.2,1.55,17.08,51.95,35.09,SELL - ระวังตัว,Bear Market,442.239990234375,1.0525386450102254,0.07456677894413155,0.2318900055063541,-0.16465496936597845,LMT,7.0,2.0,6.0,"Lockheed Martin demonstrates exceptionally strong financial health and consistent growth, bolstered by a robust macroeconomic environment. However, the current market conditions suggest caution due to the significant inflationary pressures and potential for a bear market.  The company's performance is currently under pressure, warranting a SELL recommendation.",2.55
L,Loews Corporation,Financials,22153905582.0,6,3,8,0,0,323.36,329.79,4.3,159507.0,23770.98,58.2,1.55,17.08,51.95,35.09,SELL - ระวังตัว,Bear Market,106.5250015258789,1.8406667073567706,0.11006455594500353,0.2571971225068594,0.22823702758870934,L,7.0,3.0,6.0,"Loews Corporation, despite strong financial performance and a consistent growth trajectory, faces significant headwinds due to a rapidly accelerating inflation environment and a bearish macroeconomic outlook. The high volatility and lack of momentum suggest potential risks, warranting a cautious investment approach.",2.7249999999999996
LOW,Lowe's,Consumer Discretionary,128294305268.0,4,4,9,7,0,323.36,329.79,4.3,159507.0,23770.98,58.2,1.55,17.08,51.95,35.09,SELL - ระวังตัว,Bear Market,242.97999572753906,2.2345578653296134,0.12457512375342916,0.2892495722145332,-0.10810115530594533,LOW,7.0,3.0,6.0,"LOW's demonstrates exceptionally strong financial health – a consistent history of robust earnings, high free cash flow, and a superior ROE. However, the current macroeconomic environment of hyperinflation and a significant labor market downturn presents considerable risk, leading to a SELL recommendation with a cautious outlook.  The stock's valuation is also elevated, suggesting potential for further decline within the bear market.",2.7249999999999996
LULU,Lululemon Athletica,Consumer Discretionary,19252129473.0,6,6,10,6,0,323.36,329.79,4.3,159507.0,23770.98,58.2,1.55,17.08,51.95,35.09,SELL - ระวังตัว,Bear Market,182.56500244140625,2.716714299904019,0.1403120771035018,0.40158106338468663,-0.4306586404402921,LULU,7.0,3.0,6.0,"Lululemon exhibits strong financial health with consistent growth and profitability over a long period, but faces significant headwinds from a rapidly rising inflation environment. The bearish market regime and negative momentum suggest caution, while the high ROE and cash flow position offer potential for long-term value.  The 40.2% volatility warrants careful monitoring.",2.7249999999999996
LYB,LyondellBasell,Materials,14600157647.0,5,0,0,8,0,323.36,329.79,4.3,159507.0,23770.98,58.2,1.55,17.08,51.95,35.09,SELL - ระวังตัว,Bear Market,47.47999954223633,-0.5011032840627982,-0.0671819739314512,0.3543735481513332,-0.4302855576122758,LYB,4.0,1.0,4.0,"LyondellBasell exhibits concerning financial health and a challenging macroeconomic environment.  Despite strong financial performance (revenue, cash flow) for a prolonged period, the recent economic downturn and inflationary pressures significantly impact its valuation.  The volatile price action and negative momentum suggest heightened risk, warranting a cautious approach with a SELL recommendation.",1.475
MTB,M&T Bank,Financials,28829316700.0,5,5,10,5,0,323.36,329.79,4.3,159507.0,23770.98,58.2,1.55,17.08,51.95,35.09,SELL - ระวังตัว,Bear Market,191.05799865722656,0.5559735909495089,0.04520830260509512,0.33085401561939304,-0.13151509665668215,MTB,7.0,3.0,6.0,"M&T Bank demonstrates exceptionally strong financial health with a sustained history of robust growth, impressive profitability, and a favorable macroeconomic environment. However, the current market conditions – characterized by high inflation, a weakening labor market, and a bear market – necessitate caution due to the potential for significant downside risk.  The high volatility and negative momentum suggest a challenging outlook.",2.7249999999999996
MPC,Marathon Petroleum,Energy,57168579456.0,5,3,9,0,0,323.36,329.79,4.3,159507.0,23770.98,58.2,1.55,17.08,51.95,35.09,SELL - ระวังตัว,Bear Market,193.94000244140625,2.5624542125953824,0.13548782820562844,0.40920074698343367,0.24201095114978854,MPC,7.0,3.0,6.0,"Marathon Petroleum (MPC) demonstrates exceptionally strong financial health and consistent growth, bolstered by a robust free cash flow and high ROE. However, the current macroeconomic environment – characterized by hyperinflation and a significant labor market downturn – presents considerable risk, warranting a cautious investment approach due to the bearish market regime.",2.7249999999999996
MAR,Marriott International,Consumer Discretionary,79493852233.0,0,0,9,9,0,323.36,329.79,4.3,159507.0,23770.98,58.2,1.55,17.08,51.95,35.09,SELL - ระวังตัว,Bear Market,302.57000732421875,3.3990987597297524,0.15969872469428958,0.3288736033541414,0.04662911604375464,MAR,4.0,2.0,8.0,"Marriott International (MAR) exhibits concerning financial health under a volatile and inflationary economic environment. Despite strong historical performance, the company's recent financial metrics – particularly the lack of growth and profitability – warrant caution. The bearish macroeconomic outlook, coupled with a high inflation rate and a concerning labor market, presents significant risks to the stock.  The 32.9% volatility suggests potential for significant price swings, demanding careful risk management.",1.9500000000000002
MMC,Marsh McLennan,Financials,87982879970.0,0,0,10,7,0,323.36,329.79,4.3,159507.0,23770.98,58.2,1.55,17.08,51.95,35.09,SELL - ระวังตัว,Bear Market,183.42999267578125,2.314001765719,0.12730750358876364,0.20412040024500414,-0.2135231486688124,MMC,4.0,1.0,8.0,"MMC, a financial services firm, exhibits concerning financial characteristics under a volatile and inflationary macroeconomic environment.  Despite strong historical performance, the company's recent lack of growth and profitability, coupled with a significant decline in investor confidence, warrants careful scrutiny.  The bearish market conditions exacerbate existing concerns about the firm's long-term viability.",1.775
MLM,Martin Marietta Materials,Materials,36461095586.0,5,4,10,0,0,323.36,329.79,4.3,159507.0,23770.98,58.2,1.55,17.08,51.95,35.09,SELL - ระวังตัว,Bear Market,608.5800170898438,2.9610779712802255,0.14759731605811588,0.30956495142289986,0.01430002848307299,MLM,7.0,3.0,6.0,"Martin Marietta Materials demonstrates exceptionally strong financial health and consistent growth, bolstered by a robust free cash flow and a high ROE. However, the current macroeconomic environment – characterized by significant inflation and a recessionary outlook – presents considerable risk, necessitating a cautious investment approach due to the bearish market regime.",2.7249999999999996
MAS,Masco,Industrials,12823127641.0,0,0,9,7,7,323.36,329.79,4.3,159507.0,23770.98,58.2,1.55,17.08,51.95,35.09,SELL - ระวังตัว,Bear Market,64.05999755859375,1.1707894632917477,0.08060352316915464,0.28883825141596664,-0.2048162922050618,MAS,7.0,2.0,6.0,"MAS (Industrial) exhibits strong financial stability and consistent growth, but the volatile macroeconomic environment and bearish market sentiment warrant caution.  The company's robust performance over a long period, coupled with a favorable economic backdrop, is currently overshadowed by significant risks associated with the current macroeconomic conditions and potential for further market decline.",2.55
MA,Mastercard,Financials,482987066847.0,6,7,10,9,9,323.36,329.79,4.3,159507.0,23770.98,58.2,1.55,17.08,51.95,35.09,SELL - ระวังตัว,Bear Market,553.3900146484375,4.7668822418526045,0.19152875197259278,0.26872378884328596,0.03837207211571547,MA,7.0,2.0,4.0,"Mastercard demonstrates exceptionally strong financial health and consistent growth, bolstered by a robust free cash flow and a high ROE. However, the current macroeconomic environment – characterized by significant inflation and a recessionary outlook – presents considerable risk, warranting a cautious investment approach due to the volatile market and potential for further declines.",2.4
MTCH,Match Group,Communication Services,7684084652.0,7,5,9,8,0,323.36,329.79,4.3,159507.0,23770.98,58.2,1.55,17.08,51.95,35.09,SELL - ระวังตัว,Bear Market,33.54499816894531,1.570497906410862,0.0990244114480483,0.4678348768659614,0.02458755190009554,MTCH,7.0,2.0,4.0,"Match Group (MTCH) demonstrates exceptionally strong financial health and consistent growth, bolstered by a robust free cash flow and a high ROE. However, the current macroeconomic environment – characterized by significant inflation and a weakening labor market – presents considerable risk, warranting a cautious investment approach due to the bearish market regime.",2.4
MKC,McCormick & Company,Consumer Staples,17959699100.0,7,6,10,8,0,323.36,329.79,4.3,159507.0,23770.98,58.2,1.55,17.08,51.95,35.09,SELL - ระวังตัว,Bear Market,65.26499938964844,0.544002807732672,0.04440127029800478,0.23429663029551498,-0.16764447976697505,MKC,7.0,2.0,6.0,"McCormick & Company demonstrates exceptionally strong financial health and consistent growth, bolstered by a robust free cash flow and a high ROE. However, the current market environment – characterized by significant inflation and a weakening labor market – presents a significant risk, warranting a cautious approach with a SELL recommendation due to volatility.",2.55
MCD,McDonald's,Consumer Discretionary,217135861315.0,4,5,10,9,0,323.36,329.79,4.3,159507.0,23770.98,58.2,1.55,17.08,51.95,35.09,SELL - ระวังตัว,Bear Market,302.0899963378906,1.6641678980859833,0.10296564550699716,0.20380346409763075,0.02053980058674254,MCD,7.0,3.0,6.0,"McDonald's demonstrates exceptionally strong financial health, exhibiting consistent growth and profitability over a long period, despite a significant inflationary environment. However, the bearish macro environment and a concerning volatility suggest potential risks. The SELL signal warrants careful consideration, prioritizing risk management.",2.7249999999999996
MCK,McKesson Corporation,Health Care,107407105097.0,6,3,8,6,0,323.36,329.79,4.3,159507.0,23770.98,58.2,1.55,17.08,51.95,35.09,SELL - ระวังตัว,Bear Market,828.3300170898438,3.352758821893211,0.15847110477090887,0.28733386659092913,0.31794752122489056,MCK,7.0,2.0,6.0,"McKesson Corporation demonstrates strong financial health with consistent growth, high profitability, and a robust free cash flow. However, the current market environment – characterized by high inflation and a weakening labor market – presents significant risks, warranting a cautious investment approach due to the bearish macro regime.",2.55
MDT,Medtronic,Health Care,132373183022.0,0,0,9,9,0,323.36,329.79,4.3,159507.0,23770.98,58.2,1.55,17.08,51.95,35.09,SELL - ระวังตัว,Bear Market,102.29000091552734,0.3341594281785081,0.02925381922171244,0.23068394646200438,0.18199676257657726,MDT,4.0,1.0,8.0,"MDT faces significant headwinds due to a persistently bearish macro environment, coupled with a lack of growth and a concerning lack of price performance. The company's financial stability is questionable given its consistent, low-growth earnings and cash flow, while the extreme inflation and economic downturn pose a serious risk.  The SELL signal suggests a high probability of further decline.",1.775
MRK,Merck & Co.,Health Care,249195062614.0,6,4,8,8,0,323.36,329.79,4.3,159507.0,23770.98,58.2,1.55,17.08,51.95,35.09,SELL - ระวังตัว,Bear Market,100.95999908447266,1.0119049229911745,0.07241999342876548,0.22640205205307976,-0.006690282460244057,MRK,7.5,3.0,6.0,"Merck & Co. demonstrates exceptionally strong financial health with consistent and high growth, robust free cash flow, and a strong ROE. However, the current market environment – characterized by significant inflation and a bear market – presents a significant risk, warranting cautious consideration of the investment.",2.8499999999999996
META,Meta Platforms,Communication Services,1545209443341.0,2,0,3,2,0,323.36,329.79,4.3,159507.0,23770.98,58.2,1.55,17.08,51.95,35.09,SELL - ระวังตัว,Bear Market,644.7100830078125,5.176567349801316,0.199735595591088,0.3852784330709465,0.12256246480345356,META,7.0,2.0,6.0,"Meta Platforms (META) exhibits concerning financial health with robust growth, but faces significant headwinds due to a rapidly inflationary environment and a bearish macroeconomic outlook.  The high volatility and lack of consistent earnings growth, coupled with a concerning inflation rate, warrant careful consideration before investing.  The company's valuation is also significantly impacted by the bear market conditions.",2.55
MET,MetLife,Financials,49542063615.0,5,5,9,0,0,323.36,329.79,4.3,159507.0,23770.98,58.2,1.55,17.08,51.95,35.09,SELL - ระวังตัว,Bear Market,76.30000305175781,0.7101198998120299,0.055129696718171584,0.30767043166107066,-0.13521477786771796,MET,6.0,2.0,4.0,"MetLife demonstrates exceptionally strong financial health with a consistent 5+ year growth rate, robust free cash flow, and a high ROE. However, the current macroeconomic environment – characterized by high inflation, declining GDP, and a concerning labor market – presents significant risks, leading to a SELL recommendation due to potential volatility and a bearish market outlook.",2.15
MTD,Mettler Toledo,Health Care,30032674132.0,6,6,10,9,0,323.36,329.79,4.3,159507.0,23770.98,58.2,1.55,17.08,51.95,35.09,SELL - ระวังตัว,Bear Market,1462.699951171875,3.403467778677422,0.15981386591697322,0.2907812448849603,0.16903773038186976,MTD,7.0,3.0,6.0,"Mettler Toledo demonstrates robust financial performance and a strong track record, particularly in a challenging macroeconomic environment characterized by high inflation and economic uncertainty.  Despite a Bear Market, the company's consistent growth, profitability, and free cash flow demonstrate resilience. However, the SELL signal and volatility warrant careful consideration, suggesting potential risks outweighing the current rewards.",2.7249999999999996
MGM,MGM Resorts,Consumer Discretionary,8856138527.0,7,0,8,7,0,323.36,329.79,4.3,159507.0,23770.98,58.2,1.55,17.08,51.95,35.09,SELL - ระวังตัว,Bear Market,35.38999938964844,0.5806163624109024,0.04685219862703671,0.4555720412067136,-0.07694315991650647,MGM,6.0,2.0,6.0,"MGM faces significant headwinds due to a rapidly deteriorating macroeconomic environment characterized by hyperinflation and a significant labor market downturn. While the company demonstrates strong financial stability and consistent profitability over a long period, the current inflationary pressures and bearish market sentiment raise concerns about its long-term viability. The SELL signal suggests a high level of risk and requires careful consideration of potential downside.",2.3
MCHP,Microchip Technology,Information Technology,27697900243.0,5,0,9,8,0,323.36,329.79,4.3,159507.0,23770.98,58.2,1.55,17.08,51.95,35.09,SELL - ระวังตัว,Bear Market,55.25669860839844,1.380215302399587,0.09060323253343161,0.4077973619059891,-0.18942789947777205,MCHP,6.0,2.0,6.0,"Microchip Technology demonstrates exceptionally strong financial health with a long history of consistent profitability and robust cash flow generation. However, the current macroeconomic environment – characterized by significant inflation and a weakening labor market – presents considerable risk, leading to a SELL recommendation due to potential volatility and a bearish market outlook.",2.3
MU,Micron Technology,Information Technology,251353819218.0,6,4,8,7,0,323.36,329.79,4.3,159507.0,23770.98,58.2,1.55,17.08,51.95,35.09,SELL - ระวังตัว,Bear Market,238.50289916992188,14.278853582030747,0.3134855169826518,0.48031650215017707,1.4349454476854073,MU,7.0,3.0,6.0,"Micron Technology (MU) exhibits exceptionally strong financial health, demonstrating robust growth and consistent profitability over a long period. However, the current macroeconomic environment – characterized by significant inflation and a potential recession – warrants caution due to the bearish market regime.  The company's high growth rate, coupled with a relatively high volatility, suggests potential risks, while the 1427.9% CAGR indicates a strong, albeit potentially unsustainable, performance.",2.7249999999999996
MSFT,Microsoft,Information Technology,3522947008470.0,6,6,9,9,0,323.36,329.79,4.3,159507.0,23770.98,58.2,1.55,17.08,51.95,35.09,SELL - ระวังตัว,Bear Market,492.29998779296875,8.083025477180263,0.24691305652017537,0.26801802554990745,0.16256552620554565,MSFT,7.0,2.0,6.0,"MSFT demonstrates exceptionally strong financial health with a consistent history of robust growth, high profitability, and a favorable macroeconomic environment. However, the current market conditions – a significant inflationary environment and a bear market – warrant caution due to the potential for further price declines.  The company's high ROE and consistent EPS growth are positive indicators, but the volatility and potential for a bear market necessitate careful monitoring.",2.55
MAA,Mid-America Apartment Communities,Real Estate,15608167026.0,8,0,10,6,0,323.36,329.79,4.3,159507.0,23770.98,58.2,1.55,17.08,51.95,35.09,SELL - ระวังตัว,Bear Market,134.60499572753906,0.5507487441823671,0.0448567496256107,0.24246285588261557,-0.18003781234924554,MAA,6.0,1.0,4.0,"MAA exhibits concerning financial health with a history of strong growth, but is significantly impacted by a rapidly increasing inflation environment and a bearish macroeconomic outlook.  The negative momentum in price performance suggests potential vulnerability to market downturns.",1.975
MRNA,Moderna,Health Care,9434910215.0,4,0,0,0,0,323.36,329.79,4.3,159507.0,23770.98,58.2,1.55,17.08,51.95,35.09,SELL - ระวังตัว,Bear Market,24.05500030517578,0.29327955977574094,0.03749439195568072,0.7203766049996047,-0.441360902508088,MRNA,3.0,1.0,4.0,หุ้น MRNA มีคุณภาพทางการเงินค่อนข้างต่ำเนื่องจากขาดการเติบโตอย่างต่อเนื่องและประสิทธิภาพการดำเนินงานที่ต่ำ รวมถึงสภาพแวดล้อมทางเศรษฐกิจมหภาคที่อยู่ในภาวะถดถอย และราคาปัจจุบันต่ำกว่าค่าเฉลี่ยที่น่าสนใจ,1.225
MHK,Mohawk Industries,Consumer Discretionary,6771293780.0,0,0,9,5,0,323.36,329.79,4.3,159507.0,23770.98,58.2,1.55,17.08,51.95,35.09,SELL - ระวังตัว,Bear Market,114.80000305175781,-0.3765612934056989,-0.046157725134169936,0.4057862658900835,-0.17308937882561948,MHK,4.0,1.0,4.0,"Mohawk Industries exhibits concerning financial health with a prolonged period of profitability, but significantly hampered growth and is vulnerable to a bear market environment. The macroeconomic backdrop of high inflation and a struggling economy presents significant risks, coupled with a concerning lack of growth momentum.  The stock's valuation is also extremely low, suggesting a high probability of further decline.",1.475
MOH,Molina Healthcare,Health Care,7468420000.0,7,0,9,0,0,323.36,329.79,4.3,159507.0,23770.98,58.2,1.55,17.08,51.95,35.09,SELL - ระวังตัว,Bear Market,143.97000122070312,1.434393011608703,0.09306090000452771,0.39704740086910506,-0.5167170051345135,MOH,6.0,1.0,6.0,"Molina Healthcare exhibits concerning financial health with a history of exceptional profitability and consistent growth, but is significantly impacted by a rapidly increasing and volatile macroeconomic environment. The bearish market and significant inflation pressures pose substantial risks, warranting careful consideration of the SELL recommendation.",2.125
TAP,Molson Coors Beverage Company,Consumer Staples,8684809823.0,0,0,0,7,0,323.36,329.79,4.3,159507.0,23770.98,58.2,1.55,17.08,51.95,35.09,SELL - ระวังตัว,Bear Market,46.529998779296875,-0.49401914699286453,-0.06586561710575545,0.280996321370425,-0.25024173783982295,TAP,3.0,1.0,4.0,"The Molson Coors Beverage Company exhibits significant risk due to a prolonged lack of financial performance, a volatile market, and a concerning macroeconomic environment. The company's financial health is questionable given the extreme negative growth and volatility, suggesting a potential vulnerability to further deterioration.  The bearish market conditions amplify these concerns.",1.225
MDLZ,Mondelez International,Consumer Staples,72505243665.0,5,5,9,8,0,323.36,329.79,4.3,159507.0,23770.98,58.2,1.55,17.08,51.95,35.09,SELL - ระวังตัว,Bear Market,55.54999923706055,0.3036845445049201,0.026877950271881668,0.2136048993802494,-0.1447266844165116,MDLZ,7.0,3.0,6.0,"MDLZ, a consumer staples giant, exhibits exceptionally strong financial performance and a robust growth trajectory, but faces significant headwinds from a rapidly increasing inflation environment.  The bearish macro environment and negative momentum suggest a potential downturn, necessitating cautious investment consideration.",2.7249999999999996
MPWR,Monolithic Power Systems,Information Technology,42779513790.0,6,5,10,7,0,323.36,329.79,4.3,159507.0,23770.98,58.2,1.55,17.08,51.95,35.09,SELL - ระวังตัว,Bear Market,945.9545288085938,13.212057744981976,0.30401166839871574,0.4614120718782018,0.6664690726471456,MPWR,7.0,3.0,6.0,"Monolithic Power Systems exhibits exceptionally strong financial health, demonstrating consistent and robust growth over a long period, underpinned by a favorable macroeconomic environment. However, the current market conditions suggest heightened risk due to the inflationary pressures and bearish market sentiment.  The price action is concerning, warranting careful consideration before investing.",2.7249999999999996
MNST,Monster Beverage,Consumer Staples,71557033860.0,6,0,10,8,0,323.36,329.79,4.3,159507.0,23770.98,58.2,1.55,17.08,51.95,35.09,SELL - ระวังตัว,Bear Market,75.06999969482422,1.942575212921633,0.1139845680848608,0.26399689345830246,0.3616905176923968,MNST,6.0,2.0,6.0,"MNST, a consumer staples company, exhibits exceptionally strong financial performance over a long period, demonstrating robust profitability and consistent growth. However, the current macroeconomic environment – characterized by high inflation and a potential recession – presents significant risks, warranting cautious investment consideration due to the SELL signal and volatility.",2.3
MCO,Moody's Corporation,Financials,85409000000.0,5,4,9,8,5,323.36,329.79,4.3,159507.0,23770.98,58.2,1.55,17.08,51.95,35.09,SELL - ระวังตัว,Bear Market,490.1300048828125,3.835536719923393,0.17072216109653038,0.27660428239045065,-0.019700799806144587,MCO,7.0,2.0,6.0,"Moody's Corporation demonstrates exceptionally strong financial health, exhibiting robust growth and consistent profitability over a prolonged period. However, the current macroeconomic environment – characterized by significant inflation and a potential recession – presents heightened risk, necessitating cautious investment consideration.",2.55
MS,Morgan Stanley,Financials,258787235110.0,4,5,10,0,0,323.36,329.79,4.3,159507.0,23770.98,58.2,1.55,17.08,51.95,35.09,SELL - ระวังตัว,Bear Market,169.64999389648438,3.924528015656536,0.17285936652778866,0.3186320264238538,0.2890357352003601,MS,7.0,3.0,6.0,"Morgan Stanley demonstrates exceptionally strong financial health with a consistent track record of robust growth, high profitability, and a favorable macroeconomic environment. However, the current market conditions – characterized by significant inflation and a bear market – necessitate caution due to the potential for further volatility and a potential shift in investor sentiment.  The company's performance is currently under scrutiny due to the challenging macroeconomic backdrop.",2.7249999999999996
MOS,Mosaic Company (The),Materials,7490825897.0,5,3,7,0,0,323.36,329.79,4.3,159507.0,23770.98,58.2,1.55,17.08,51.95,35.09,SELL - ระวังตัว,Bear Market,24.195600509643555,-0.2202513704726825,-0.02457477439657252,0.45128752330456884,-0.08557818039222476,MOS,6.0,2.0,7.0,"Mosaic Company (The) demonstrates exceptionally strong financial performance, driven by consistent growth and profitability, but faces significant headwinds from a rapidly inflationary and uncertain macroeconomic environment. The bearish market sentiment and volatility suggest a high risk profile, warranting a cautious sell recommendation.",2.375
MSI,Motorola Solutions,Information Technology,61347202413.0,7,6,9,0,2,323.36,329.79,4.3,159507.0,23770.98,58.2,1.55,17.08,51.95,35.09,SELL - ระวังตัว,Bear Market,376.05999755859375,4.290658242418531,0.18130182938749195,0.2491993794975076,-0.24742848034434728,MSI,7.0,3.0,6.0,"MSI, a leading IT company, exhibits exceptionally strong financial performance and consistent growth, despite a challenging macroeconomic environment. However, the volatile market and SELL signal suggest potential risks, warranting cautious consideration.  The company's high ROE and cash flow position are positive, but the bear market conditions necessitate careful monitoring.",2.7249999999999996
MSCI,MSCI Inc.,Financials,41822667407.0,8,7,10,9,0,323.36,329.79,4.3,159507.0,23770.98,58.2,1.55,17.08,51.95,35.09,SELL - ระวังตัว,Bear Market,549.5,6.890580195520218,0.2294848347579479,0.3082062885019139,-0.09863360464741422,MSCI,7.0,2.0,6.0,หุ้น MSCI Inc. มีคุณภาพทางการเงินที่ดีอย่างมาก ด้วยผลตอบแทนที่สูงติดต่อกันและ ROE ที่โดดเด่น แต่สภาพแวดล้อมเศรษฐกิจมหภาคที่ผันผวนอย่างรุนแรงและอัตราเงินเฟ้อที่สูงส่งผลให้เกิดความเสี่ยงที่ต้องระวังเป็นพิเศษ,2.55
NDAQ,"Nasdaq, Inc.",Financials,50498836095.0,0,0,9,8,0,323.36,329.79,4.3,159507.0,23770.98,58.2,1.55,17.08,51.95,35.09,SELL - ระวังตัว,Bear Market,88.83000183105469,3.6769041543277314,0.16682310284104784,0.2400595256708219,0.07036997370299591,NDAQ,4.0,1.0,8.0,"NDAQ exhibits concerning financial characteristics under a volatile and inflationary economic environment.  Its consistent, high-growth performance, coupled with a low ROE and a significant lack of growth, suggests potential vulnerabilities. The bear market conditions and high inflation create significant risk, warranting careful consideration of investment strategy.",1.775
NTAP,NetApp,Information Technology,21750419339.0,0,0,9,8,6,323.36,329.79,4.3,159507.0,23770.98,58.2,1.55,17.08,51.95,35.09,SELL - ระวังตัว,Bear Market,115.33000183105469,2.7372002446548502,0.14093913152979143,0.34859294730467016,-0.05960532937845686,NTAP,7.0,2.0,6.0,"NetApp exhibits strong financial stability and consistent growth, particularly in a challenging macroeconomic environment characterized by high inflation and a recessionary outlook. While the company demonstrates impressive ROE and cash flow, the volatile market and potential for further decline warrant caution due to the bearish macro regime.  The negative momentum in the 12-month timeframe suggests potential headwinds.",2.55
NFLX,Netflix,Communication Services,453266477680.0,9,0,10,4,0,323.36,329.79,4.3,159507.0,23770.98,58.2,1.55,17.08,51.95,35.09,SELL - ระวังตัว,Bear Market,108.1500015258789,7.5285075000421156,0.23908200055690365,0.41996930456641934,0.21953971903359348,NFLX,7.0,2.0,6.0,"Netflix faces significant headwinds due to a rapidly accelerating inflation environment and a weakening macroeconomic outlook. While the company demonstrates strong financial stability and consistent growth over a long period, the current macroeconomic conditions pose considerable risks, warranting a cautious investment approach with a SELL signal.",2.55
NEM,Newmont,Materials,94426985746.0,6,0,7,9,0,323.36,329.79,4.3,159507.0,23770.98,58.2,1.55,17.08,51.95,35.09,SELL - ระวังตัว,Bear Market,89.16000366210938,3.760277941334313,0.16888694635423018,0.3577200638606692,1.1258942914063161,NEM,6.0,1.0,6.0,"The Newmont stock presents a mixed picture. While exhibiting strong financial stability with consistent growth and profitability, the rapidly accelerating inflation environment and bearish macroeconomic outlook raise significant concerns. The relatively low growth rate and volatile price suggest potential risks, warranting careful consideration before investing.",2.125
NWSA,News Corp (Class A),Communication Services,14166877722.0,5,0,6,0,0,323.36,329.79,4.3,159507.0,23770.98,58.2,1.55,17.08,51.95,35.09,SELL - ระวังตัว,Bear Market,25.420000076293945,0.8447025086271887,0.06315423784071239,0.2973778613625563,-0.13390120116172155,NWSA,4.0,2.0,8.0,"NWSA (News Corp) exhibits concerning financial health with a history of exceptional growth, but significantly hampered by a volatile and pessimistic macroeconomic environment.  The company's performance is negatively impacted by a rapidly increasing inflation rate and a weak labor market, suggesting a high risk of further decline.  The SELL signal highlights a potential downturn, demanding careful consideration of the investment.",1.9500000000000002
NWS,News Corp (Class B),Communication Services,16205156205.0,5,0,6,0,0,323.36,329.79,4.3,159507.0,23770.98,58.2,1.55,17.08,51.95,35.09,SELL - ระวังตัว,Bear Market,29.010000228881836,1.0662393381554565,0.07528200464507728,0.29920052053854085,-0.09598005325835657,NWS,4.0,1.0,8.0,"News Corp (NWS) exhibits concerning financial health with a history of exceptional growth, but significantly hampered by a volatile and pessimistic macroeconomic environment. The company's high volatility and negative momentum suggest a high risk profile, warranting a SELL recommendation due to potential for significant losses.",1.775
NEE,NextEra Energy,Utilities,175418213683.0,5,5,9,0,0,323.36,329.79,4.3,159507.0,23770.98,58.2,1.55,17.08,51.95,35.09,SELL - ระวังตัว,Bear Market,84.52999877929688,2.5067413559243175,0.13369918351559273,0.2522286931825912,0.07448837862900537,NEE,7.0,3.0,6.0,"NextEra Energy exhibits exceptionally strong financial performance, driven by consistent growth and robust free cash flow, despite a challenging macroeconomic environment characterized by high inflation and a significant labor market downturn.  The company's high ROE and consistent EPS growth, coupled with a strong free cash flow, suggests a potentially resilient business, but the bearish macro environment warrants caution due to the significant inflationary pressures and potential for reduced consumer demand.",2.7249999999999996
NKE,"Nike, Inc.",Consumer Discretionary,91545010411.0,6,4,9,9,0,323.36,329.79,4.3,159507.0,23770.98,58.2,1.55,17.08,51.95,35.09,SELL - ระวังตัว,Bear Market,64.87000274658203,0.00480181536108204,0.00047921271258810627,0.3147917166456855,-0.17646305051236655,NKE,7.0,3.0,6.0,"Nike demonstrates exceptionally strong financial health and consistent growth, bolstered by a robust free cash flow and a high ROE. However, the current macroeconomic environment – characterized by high inflation and a weakening labor market – presents significant risks, warranting a cautious investment approach due to the bearish market regime.",2.7249999999999996
NI,NiSource,Utilities,20715057914.0,0,0,8,0,0,323.36,329.79,4.3,159507.0,23770.98,58.2,1.55,17.08,51.95,35.09,SELL - ระวังตัว,Bear Market,42.52000045776367,1.2461700883405684,0.08429904583654113,0.23306198978900017,0.1163034992761689,NI,4.0,1.0,8.0,"NiSource exhibits concerning financial health with a history of negative growth and a volatile price, exacerbated by a severe macroeconomic environment characterized by high inflation and unemployment. The lack of consistent profitability and ROE, coupled with the bearish market regime, warrants careful consideration and a SELL recommendation due to significant risk.",1.775
NDSN,Nordson Corporation,Industrials,13093656051.0,6,5,10,8,0,323.36,329.79,4.3,159507.0,23770.98,58.2,1.55,17.08,51.95,35.09,SELL - ระวังตัว,Bear Market,236.41000366210938,2.3231656689683544,0.12761888294704993,0.2908108816685713,-0.09417980570899376,NDSN,7.0,3.0,6.0,"Nordson Corporation demonstrates exceptionally strong financial health with a consistent history of robust growth, high profitability, and a favorable macroeconomic environment. However, the current market conditions – characterized by significant inflation and a bear market – necessitate caution due to the SELL signal and volatility.  The company's performance is currently under pressure, requiring careful monitoring of its ability to maintain this momentum.",2.7249999999999996
NSC,Norfolk Southern,Industrials,63526095139.0,5,6,10,8,0,323.36,329.79,4.3,159507.0,23770.98,58.2,1.55,17.08,51.95,35.09,SELL - ระวังตัว,Bear Market,289.3599853515625,2.107721871493498,0.12008493616022009,0.2799518334040139,0.048975816382534676,NSC,7.0,3.0,6.0,"NSC demonstrates exceptionally strong financial health with a consistent history of robust growth, high profitability, and a favorable macroeconomic environment. However, the current market conditions – a significant inflationary environment and a bearish market – warrant caution due to the potential for further volatility and a potential shift in investor sentiment.  The high growth rate, while impressive, needs to be carefully evaluated in light of the current economic headwinds.",2.7249999999999996
NTRS,Northern Trust,Financials,24348861259.0,6,5,10,5,0,323.36,329.79,4.3,159507.0,23770.98,58.2,1.55,17.08,51.95,35.09,SELL - ระวังตัว,Bear Market,131.82000732421875,0.8114609510124071,0.061222453717007186,0.30610718887036,0.18585824920363558,NTRS,7.0,3.0,6.0,Northern Trust แสดงให้เห็นถึงความแข็งแกร่งทางการเงินอย่างมากในสภาพแวดล้อมเศรษฐกิจที่ผันผวนอย่างรุนแรง โดยมีผลตอบแทนที่สูงและ ROE ที่โดดเด่น แต่การเติบโตของ EPS และ Free Cash Flow นั้นค่อนข้างต่ำเมื่อเทียบกับสภาพแวดล้อมที่กำลังทวีความรุนแรงขึ้น ซึ่งบ่งชี้ถึงความเสี่ยงที่อาจเกิดขึ้นหากการเติบโตไม่สามารถรักษาไว้ได้,2.7249999999999996
NOC,Northrop Grumman,Industrials,80978567300.0,7,0,9,7,0,323.36,329.79,4.3,159507.0,23770.98,58.2,1.55,17.08,51.95,35.09,SELL - ระวังตัว,Bear Market,548.364990234375,1.9955478943937743,0.11597418952727057,0.24850636705195306,0.11991217618661598,NOC,6.0,2.0,8.0,"Northrop Grumman exhibits exceptionally strong financial health, driven by consistent and robust growth over a long period, but faces significant headwinds from a rapidly accelerating inflation environment and a bearish macroeconomic outlook.  The high volatility and negative momentum suggest a potential for significant downside risk, warranting careful consideration before investing.",2.45
NCLH,Norwegian Cruise Line Holdings,Consumer Discretionary,8080820430.0,6,4,6,0,1,323.36,329.79,4.3,159507.0,23770.98,58.2,1.55,17.08,51.95,35.09,SELL - ระวังตัว,Bear Market,18.66029930114746,-0.6742834874682303,-0.1061239363289046,0.6120788627091873,-0.3060505866604474,NCLH,6.0,2.0,4.0,NCLH มีคุณภาพทางการเงินที่ดีอย่างมาก (6) ด้วยผลตอบแทนที่สูงและอัตราการเติบโตที่โดดเด่น (7) แม้ว่าสภาพแวดล้อมเศรษฐกิจมหภาคจะอยู่ในภาวะถดถอย (4) แต่หุ้นยังคงมีศักยภาพในการเติบโตในระยะยาว แม้ว่าราคาปัจจุบัน (2) อาจไม่สอดคล้องกับศักยภาพที่สูงขึ้น,2.15
NRG,NRG Energy,Utilities,31975035225.0,5,0,6,6,0,323.36,329.79,4.3,159507.0,23770.98,58.2,1.55,17.08,51.95,35.09,SELL - ระวังตัว,Bear Market,163.9949951171875,13.949406665931198,0.31062508970800495,0.40447175185755274,0.6139651031601356,NRG,6.0,1.0,4.0,"NRG Energy exhibits concerning financial health with a history of exceptional growth, but is significantly impacted by a rapidly increasing inflationary environment and a bearish macroeconomic outlook.  The company's performance is increasingly at risk due to the severe economic pressures and potential for significant volatility.",1.975
NUE,Nucor,Materials,35164132955.0,5,4,9,0,0,323.36,329.79,4.3,159507.0,23770.98,58.2,1.55,17.08,51.95,35.09,SELL - ระวังตัว,Bear Market,161.44000244140625,2.9491193303153556,0.14725033309357194,0.35973006482768327,0.0436356577249184,NUE,7.0,3.0,6.0,"Nucor demonstrates exceptionally strong financial performance and consistent growth, particularly in a challenging macroeconomic environment characterized by high inflation and a significant labor market downturn.  Despite this, the stock's price has experienced a significant decline, suggesting potential risks and warrants careful consideration based on the bearish market regime.",2.7249999999999996
NVDA,Nvidia,Information Technology,4435965000000.0,7,6,9,8,2,323.36,329.79,4.3,159507.0,23770.98,58.2,1.55,17.08,51.95,35.09,SELL - ระวังตัว,Bear Market,181.9051971435547,223.36656852516018,0.7184147897949651,0.4987570443749946,0.3157699612553684,NVDA,7.0,3.0,6.0,"Nvidia demonstrates exceptionally strong financial health with a sustained history of robust growth, impressive profitability, and a favorable macroeconomic environment. However, the current market conditions suggest caution due to the elevated inflation rate and bear market sentiment.  The company's high ROE and cash flow position are noteworthy, but the volatile market and potential for further downturns warrant careful monitoring.",2.7249999999999996
NVR,"NVR, Inc.",Consumer Discretionary,20624271121.0,6,6,10,9,0,323.36,329.79,4.3,159507.0,23770.98,58.2,1.55,17.08,51.95,35.09,SELL - ระวังตัว,Bear Market,7566.26513671875,3.5499873335867838,0.1636169200739912,0.3167086487273196,-0.1807482504926916,NVR,7.0,3.0,6.0,"NVR, Inc. exhibits exceptionally strong financial health with a long track record of consistent growth, profitability, and robust cash flow. However, the current macroeconomic environment – characterized by high inflation and a significant labor market downturn – presents considerable risk, warranting a cautious investment approach due to the bearish market regime.",2.7249999999999996
NXPI,NXP Semiconductors,Information Technology,48210761665.0,4,3,5,0,0,323.36,329.79,4.3,159507.0,23770.98,58.2,1.55,17.08,51.95,35.09,SELL - ระวังตัว,Bear Market,211.1699981689453,1.3484208459634375,0.08913739357313522,0.3980163901883564,-0.07934776708236668,NXPI,7.0,3.0,6.0,"NXPI exhibits exceptionally strong financial performance over a prolonged period, demonstrating robust growth and profitability. However, the current macroeconomic environment – characterized by high inflation and a potential recession – warrants caution due to the bearish market regime. The company's valuation is currently low, suggesting a potential risk, and the negative momentum suggests further downward pressure.",2.7249999999999996
ORLY,O’Reilly Automotive,Consumer Discretionary,83566305108.0,7,5,10,9,0,323.36,329.79,4.3,159507.0,23770.98,58.2,1.55,17.08,51.95,35.09,SELL - ระวังตัว,Bear Market,99.38999938964844,4.884082777142484,0.19392876357768163,0.26453335083337154,0.19918438223241264,ORLY,7.0,2.0,6.0,"ORLY demonstrates exceptionally strong financial health, exhibiting robust growth and consistent profitability over a long period, despite a challenging macroeconomic environment characterized by high inflation and a significant labor market downturn.  The company's high ROE and cash flow generation are particularly noteworthy, but the bearish macro environment and a SELL signal suggest potential risks outweigh the rewards at this time.",2.55
OXY,Occidental Petroleum,Energy,40817268281.0,6,3,7,8,0,323.36,329.79,4.3,159507.0,23770.98,58.2,1.55,17.08,51.95,35.09,SELL - ระวังตัว,Bear Market,41.85499954223633,-0.42114767479624704,-0.053210293786173146,0.4871191721896502,-0.17249905047376757,OXY,6.0,2.0,4.0,"Occidental Petroleum (OXY) demonstrates exceptionally strong financial health and consistent growth, bolstered by a robust free cash flow and a high ROE. However, the current macroeconomic environment – characterized by hyperinflation and a significant labor market downturn – presents considerable risk, leading to a SELL recommendation due to potential volatility and a bearish market outlook.",2.15
ODFL,Old Dominion,Industrials,27669996433.0,0,5,10,9,0,323.36,329.79,4.3,159507.0,23770.98,58.2,1.55,17.08,51.95,35.09,SELL - ระวังตัว,Bear Market,140.36000061035156,5.724369355053594,0.2099752516216149,0.3242802330508512,-0.37656568805691715,ODFL,6.0,2.0,6.0,"The Old Dominion (ODL) exhibits concerning financial health with a strong, consistent growth trajectory, but is significantly impacted by a rapidly increasing inflation environment.  The bearish market conditions and negative momentum suggest a high risk of further decline, necessitating a cautious approach to investment.",2.3
OMC,Omnicom Group,Communication Services,14496283784.0,5,5,9,5,0,323.36,329.79,4.3,159507.0,23770.98,58.2,1.55,17.08,51.95,35.09,SELL - ระวังตัว,Bear Market,72.1500015258789,-0.026315748831266306,-0.0026636318725278274,0.27782336724441675,-0.31167714428602966,OMC,7.0,2.0,6.0,"Omnicom Group (OMC) exhibits strong financial health with consistent growth and profitability over a long period, but faces significant headwinds due to a rapidly accelerating inflation environment and a bearish macroeconomic outlook.  The negative momentum in the price action suggests caution, highlighting potential vulnerabilities in the company's valuation.",2.55
ON,ON Semiconductor,Information Technology,19068712945.0,6,4,8,8,0,323.36,329.79,4.3,159507.0,23770.98,58.2,1.55,17.08,51.95,35.09,SELL - ระวังตัว,Bear Market,50.459999084472656,3.554151573278596,0.16372338736917147,0.5008108696358775,-0.2904949784060895,ON,7.0,2.0,6.0,"ON Semiconductor demonstrates exceptionally strong financial health and consistent growth, driven by a robust free cash flow and ROE. However, the current market environment – characterized by high inflation and a bear market – presents significant risks, warranting a cautious investment approach due to the volatile market and potential for significant price declines.",2.55
OKE,Oneok,Energy,44190932248.0,0,5,9,7,0,323.36,329.79,4.3,159507.0,23770.98,58.2,1.55,17.08,51.95,35.09,SELL - ระวังตัว,Bear Market,73.59290313720703,1.7470287652940306,0.10634946262516243,0.4150184980655038,-0.35217513973847425,OKE,6.0,1.0,6.0,"The Oneok Energy stock presents a concerning picture given the extreme macroeconomic environment.  The company demonstrates exceptionally strong financial performance (high ROE, consistent EPS growth, and strong cash flow) but is facing significant inflationary pressures and a weakening consumer confidence.  The volatile market and negative momentum suggest a high risk of further decline, making a SELL recommendation warranted.",2.125
ORCL,Oracle Corporation,Information Technology,569138479920.0,0,0,9,0,0,323.36,329.79,4.3,159507.0,23770.98,58.2,1.55,17.08,51.95,35.09,SELL - ระวังตัว,Bear Market,203.98989868164062,4.395130686922934,0.18361434179398506,0.3267877259547299,0.10360258993266624,ORCL,4.0,1.0,8.0,"The Oracle Corporation exhibits concerning financial health with a prolonged period of profitability and a highly volatile stock price, amidst a significant inflationary environment and a bearish market outlook.  The lack of growth and earnings, coupled with the extreme volatility, raises significant concerns about the company's long-term viability.",1.775
OTIS,Otis Worldwide,Industrials,33889690403.0,2,0,5,5,0,323.36,329.79,4.3,159507.0,23770.98,58.2,1.55,17.08,51.95,35.09,SELL - ระวังตัว,Bear Market,87.19999694824219,0.9270717557622583,0.12184361132288313,0.25572690379968277,-0.15323369483682336,OTIS,6.0,2.0,6.0,"หุ้น OTIS มีคุณภาพทางการเงินที่ดีอย่างมาก (Financial Quality Score) เนื่องจากมีผลตอบแทนที่สูงและอัตราส่วนที่แข็งแกร่ง (Growth Trend & Macro Environment Score) อย่างไรก็ตาม, การเติบโตทางเศรษฐกิจในปัจจุบัน (Macro Environment Score) เป็นสิ่งที่น่ากังวล (Price Performance Score) เนื่องจากสภาพแวดล้อมเศรษฐกิจที่ผันผวนอย่างมาก (Macro Environment Score) และการเปลี่ยนแปลงของอัตราว่างงาน (Labor Heat Score) ทำให้เกิดความเสี่ยงที่ต้องพิจารณาอย่างรอบคอบ",2.3
PCAR,Paccar,Industrials,53812438623.0,0,0,9,8,0,323.36,329.79,4.3,159507.0,23770.98,58.2,1.55,17.08,51.95,35.09,SELL - ระวังตัว,Bear Market,104.80000305175781,2.221971622922944,0.1241367033499503,0.26345613256912803,-0.10427347819010413,PCAR,4.0,2.0,8.0,"PCAR demonstrates concerning financial stability with a history of consistent profitability and strong cash flow, but is significantly impacted by a rapidly rising inflation environment and a bearish macroeconomic outlook.  The lack of growth and volatile price action suggests potential risks, necessitating a cautious approach.",1.9500000000000002
PKG,Packaging Corporation of America,Materials,17754274860.0,6,0,10,0,0,323.36,329.79,4.3,159507.0,23770.98,58.2,1.55,17.08,51.95,35.09,SELL - ระวังตัว,Bear Market,196.01499938964844,1.9356748426615837,0.1137230256415338,0.2763912513114165,-0.21231667839256185,PKG,6.0,1.0,4.0,"Packaging Corporation of America (PKG) exhibits concerning financial health with a history of exceptional growth, but significantly diminished growth over the past decade, coupled with a volatile market and a bearish macroeconomic environment.  The company's performance is negatively impacted by a rapidly increasing inflation rate and a concerning labor market.  The current price is low relative to its historical valuation, suggesting a potential risk.",1.975
PLTR,Palantir Technologies,Information Technology,386712545841.0,5,2,3,2,0,323.36,329.79,4.3,159507.0,23770.98,58.2,1.55,17.08,51.95,35.09,SELL - ระวังตัว,Bear Market,172.0,17.105263157894736,0.7506706729018107,0.7119327159205959,1.5641024941113315,PLTR,7.0,3.0,6.0,"Palantir Technologies demonstrates exceptionally strong financial performance, driven by consistent growth and robust free cash flow, despite a challenging macroeconomic environment characterized by high inflation and a significant labor market downturn.  The company's high ROE and significant growth rates suggest potential for continued success, but the bearish macro regime and SELL signal warrant cautious consideration of investment.",2.7249999999999996
PANW,Palo Alto Networks,Information Technology,128171330000.0,0,1,3,7,0,323.36,329.79,4.3,159507.0,23770.98,58.2,1.55,17.08,51.95,35.09,SELL - ระวังตัว,Bear Market,191.2700958251953,5.116728270712482,0.1985680238095291,0.3884619246088888,-0.013614087912215855,PANW,7.0,2.0,6.0,Palo Alto Networks มีคุณภาพทางการเงินที่ดีอย่างมาก (7) โดยมีผลตอบแทนที่สูงและอัตราส่วนที่แข็งแกร่ง (4) แต่สภาพเศรษฐกิจมหภาคที่ผันผวนอย่างรุนแรง (35.09) และความเชื่อมั่นผู้บริโภคที่ลดลง (58.2) ส่งผลให้ราคาหุ้นมีแนวโน้มลดลงอย่างรวดเร็ว (2) แม้จะมีประสิทธิภาพทางการเงินที่โดดเด่น แต่ความเสี่ยงที่เพิ่มขึ้นจากสภาพแวดล้อมทางเศรษฐกิจมหภาคทำให้การลงทุนมีความเสี่ยงสูง,2.55
PSKY,Paramount Skydance Corporation,Communication Services,16613694674.0,0,0,0,0,0,323.36,329.79,4.3,159507.0,23770.98,58.2,1.55,17.08,51.95,35.09,SELL - ระวังตัว,Bear Market,15.774999618530273,-0.6802148989866964,-0.10776543537952765,0.4870365874100781,0.45391696441520435,PSKY,2.0,1.0,4.0,"The Paramount Skydance Corporation exhibits significant negative signals across multiple key metrics.  The company's financial health is severely compromised, with a lack of growth and profitability, exacerbated by a rapidly deteriorating macroeconomic environment.  The extreme volatility and bearish market conditions suggest a high risk of further losses.  A SELL recommendation is warranted due to the substantial downside risk.",0.9750000000000001
PH,Parker Hannifin,Industrials,105999350894.0,0,0,10,0,0,323.36,329.79,4.3,159507.0,23770.98,58.2,1.55,17.08,51.95,35.09,SELL - ระวังตัว,Bear Market,855.8099975585938,7.447438734401574,0.23789894549143442,0.31569583348493035,0.21754156755364606,PH,3.0,1.0,4.0,"Parker Hannifin exhibits concerning financial health with a prolonged period of negative growth and a volatile price action, amidst a significant inflationary environment and a weakening macroeconomic outlook. The extreme volatility and lack of consistent positive performance suggest a high risk profile, warranting careful consideration of investment.",1.225
PAYX,Paychex,Industrials,39555965257.0,6,4,10,0,0,323.36,329.79,4.3,159507.0,23770.98,58.2,1.55,17.08,51.95,35.09,SELL - ระวังตัว,Bear Market,110.72000122070312,1.102943931849294,0.07717729148134445,0.24779717652911146,-0.24304370009819576,PAYX,7.0,3.0,6.0,"Paychex exhibits strong financial fundamentals – consistent growth, high profitability, and a robust cash flow – amidst a challenging macroeconomic environment characterized by high inflation and a significant labor market downturn.  However, the volatile price action and negative momentum suggest potential risks, warranting cautious consideration of a SELL signal.",2.7249999999999996
PAYC,Paycom,Industrials,8958588286.0,7,5,10,6,0,323.36,329.79,4.3,159507.0,23770.98,58.2,1.55,17.08,51.95,35.09,SELL - ระวังตัว,Bear Market,162.15499877929688,3.042757325150676,0.14994236306564046,0.44748049613130825,-0.3008149359281521,PAYC,7.0,2.0,6.0,"Paycom demonstrates exceptionally strong financial health with a consistent track record of growth, profitability, and robust cash flow. However, the current macroeconomic environment – characterized by significant inflation and a potential recession – warrants caution due to the bearish market regime. The company's high ROE and consistent EPS growth are positive indicators, but the volatility and potential for a bear market necessitate careful monitoring.",2.55
PYPL,PayPal,Financials,56663082274.0,6,4,9,5,0,323.36,329.79,4.3,159507.0,23770.98,58.2,1.55,17.08,51.95,35.09,SELL - ระวังตัว,Bear Market,63.71500015258789,0.8613789367414417,0.06411159105121023,0.3823592372330411,-0.2657024015491971,PYPL,7.0,3.0,6.0,"PayPal demonstrates exceptionally strong financial health with a consistent history of robust growth, high profitability, and a favorable macroeconomic environment. However, the current market conditions – characterized by significant inflation and a bear market – pose a considerable risk, warranting a cautious investment approach due to the potential for significant volatility.",2.7249999999999996
PNR,Pentair,Industrials,17066882958.0,0,4,9,0,0,323.36,329.79,4.3,159507.0,23770.98,58.2,1.55,17.08,51.95,35.09,SELL - ระวังตัว,Bear Market,105.28500366210938,1.8079771453686408,0.10878028665356143,0.29214938629091824,-0.03399389186419799,PNR,4.0,1.0,8.0,"Pentair exhibits concerning financial health with a history of exceptional profitability and consistent growth, but is significantly impacted by a rapidly increasing inflation environment and a bearish market outlook. The negative momentum in the 12-month timeframe suggests potential instability, necessitating careful risk assessment.",1.775
PEP,PepsiCo,Consumer Staples,198947987751.0,7,5,9,7,0,323.36,329.79,4.3,159507.0,23770.98,58.2,1.55,17.08,51.95,35.09,SELL - ระวังตัว,Bear Market,146.97000122070312,0.4831971606855723,0.040212893189352616,0.19417336341870306,-0.10082591639789129,PEP,7.0,2.0,6.0,"PepsiCo demonstrates exceptionally strong financial health and consistent growth, bolstered by a robust free cash flow and a favorable macroeconomic environment. However, the current market conditions – a significant inflationary environment and a concerning labor market – warrant caution due to the SELL signal and volatility.  The company's performance is currently under pressure, suggesting a potential shift in investor sentiment.",2.55
PFE,Pfizer,Health Care,143393544461.0,5,4,8,8,0,323.36,329.79,4.3,159507.0,23770.98,58.2,1.55,17.08,51.95,35.09,SELL - ระวังตัว,Bear Market,25.104999542236328,-0.18306054019638818,-0.020018707671721425,0.23935163548307892,-0.042159465121498374,PFE,7.0,2.0,6.0,"Pfizer demonstrates exceptionally strong financial health and consistent growth, bolstered by a favorable macroeconomic environment. However, the current price performance is concerning, suggesting potential risks due to the aggressive growth rate and the current macroeconomic climate.  The volatility and negative momentum warrant careful monitoring.",2.55
PCG,PG&E Corporation,Utilities,42676681539.0,4,4,8,0,0,323.36,329.79,4.3,159507.0,23770.98,58.2,1.55,17.08,51.95,35.09,SELL - ระวังตัว,Bear Market,15.590200424194336,-0.6990889787501267,-0.11317757062233214,0.5938472377150548,-0.2792324998110728,PCG,6.0,2.0,6.0,"PG&E Corporation (PCG) exhibits concerning financial health and a challenging macroeconomic environment. Despite strong historical performance, the current economic backdrop of high inflation and a weak labor market presents significant risks. The company's high volatility and negative momentum suggest a potential for further decline, warranting a cautious investment approach.",2.3
PM,Philip Morris International,Consumer Staples,235145849424.0,5,5,10,9,0,323.36,329.79,4.3,159507.0,23770.98,58.2,1.55,17.08,51.95,35.09,SELL - ระวังตัว,Bear Market,154.46499633789062,0.7685482346520232,0.058680907697999274,0.24066676695670894,0.16086727169727366,PM,7.0,2.0,6.0,"Philip Morris International (PM) exhibits exceptionally strong financial performance over a prolonged period, demonstrating robust growth and profitability. However, the current macroeconomic environment – characterized by high inflation and a significant labor market downturn – presents considerable risks, warranting caution due to the SELL signal and bearish market outlook.",2.55
PSX,Phillips 66,Energy,53669095182.0,5,5,8,0,0,323.36,329.79,4.3,159507.0,23770.98,58.2,1.55,17.08,51.95,35.09,SELL - ระวังตัว,Bear Market,138.66000366210938,0.5655414264409473,0.045849327764535985,0.3517783802420259,0.034930646990671166,PSX,7.0,2.0,6.0,Phillips 66 มีคุณภาพทางการเงินที่ดีอย่างมาก (7) ด้วยผลตอบแทนที่สูงและอัตราการเติบโตที่โดดเด่น (8) แต่สภาพแวดล้อมเศรษฐกิจมหภาคที่ผันผวนอย่างรุนแรง (6) และราคาหุ้นที่ลดลงอย่างรวดเร็ว (2) ทำให้เกิดความเสี่ยงที่ต้องระวังเป็นพิเศษ,2.55
PNW,Pinnacle West Capital,Utilities,10705109287.0,5,4,9,3,0,323.36,329.79,4.3,159507.0,23770.98,58.2,1.55,17.08,51.95,35.09,SELL - ระวังตัว,Bear Market,88.91500091552734,0.4549991822527626,0.038217881794067265,0.22699183617194046,-0.051067195182065706,PNW,7.0,2.0,6.0,"Pinnacle West Capital demonstrates exceptionally strong financial health with a robust track record of consistent growth, profitability, and cash flow. However, the current macroeconomic environment – characterized by significant inflation and a recessionary outlook – presents considerable risk, necessitating a cautious investment approach. The negative momentum in the price suggests potential instability.",2.55
PNC,PNC Financial Services,Financials,73929711183.0,6,6,10,4,0,323.36,329.79,4.3,159507.0,23770.98,58.2,1.55,17.08,51.95,35.09,SELL - ระวังตัว,Bear Market,192.8800048828125,1.0551945446861004,0.07470576154820363,0.2979863870567311,-0.10171384227705016,PNC,7.0,2.0,6.0,PNC Financial Services מציאתมีความน่าสนใจในสภาพแวดล้อมที่ท้าทายอย่างมาก โดยมีประสิทธิภาพทางการเงินที่แข็งแกร่งและผลตอบแทนที่โดดเด่น แต่สภาพแวดล้อมเศรษฐกิจมหภาคที่รุนแรงทำให้เกิดความกังวลด้านความเสี่ยงที่ต้องระวัง,2.55
POOL,Pool Corporation,Consumer Discretionary,8817325358.0,0,0,10,7,0,323.36,329.79,4.3,159507.0,23770.98,58.2,1.55,17.08,51.95,35.09,SELL - ระวังตัว,Bear Market,244.47999572753906,1.9957112351317488,0.11598027537659306,0.30869764377853887,-0.3516667158985747,POOL,4.0,2.0,8.0,"Pool Corporation demonstrates exceptionally strong financial health, exhibiting consistent profitability and robust cash flow generation over a long period. However, the current economic environment – characterized by hyperinflation and a significant labor market downturn – presents considerable risk, necessitating a cautious investment approach.  The company's performance is significantly impacted by the macroeconomic headwinds, suggesting a potential for substantial volatility.",1.9500000000000002
PPG,PPG Industries,Materials,21802704000.0,0,4,9,7,0,323.36,329.79,4.3,159507.0,23770.98,58.2,1.55,17.08,51.95,35.09,SELL - ระวังตัว,Bear Market,99.2699966430664,-0.04822633040763491,-0.004931279295034341,0.26954755381082796,-0.20181720309727524,PPG,6.0,2.0,6.0,"PPG Industries נמצאอยู่ในสภาพแวดล้อมเศรษฐกิจมหภาคที่ท้าทาย, โดยเฉพาะอย่างยิ่งภาวะเงินเฟ้อที่สูงอย่างต่อเนื่องและอัตราว่างงานที่ต่ำ ซึ่งส่งผลกระทบต่อผลการดำเนินงานและราคาหุ้นอย่างมีนัยสำคัญ การเติบโตติดต่อกันของรายได้และกำไรในระยะยาว, แม้จะยังไม่แข็งแกร่ง, และการขาดความมั่นใจของผู้บริโภคที่ลดลง ทำให้เกิดความเสี่ยงที่ต้องพิจารณาอย่างรอบคอบ การราคาหุ้นปัจจุบัน (Sell) เป็นสัญญาณเตือนให้ระวังตัวและประเมินความเสี่ยงที่อาจเกิดขึ้น",2.3
PPL,PPL Corporation,Utilities,26985685177.0,6,3,9,0,0,323.36,329.79,4.3,159507.0,23770.98,58.2,1.55,17.08,51.95,35.09,SELL - ระวังตัว,Bear Market,35.38999938964844,0.0720993998525199,0.006987128238240992,0.22893227304128788,0.013169169208524067,PPL,7.0,3.0,6.0,"PPL Corporation demonstrates exceptionally strong financial health with a consistent history of robust growth, high profitability, and a favorable macroeconomic environment. However, the current market conditions – characterized by high inflation and a bear market – necessitate caution due to the potential for significant downside risk. The company's performance is currently under scrutiny, suggesting a need for careful monitoring.",2.7249999999999996
PFG,Principal Financial Group,Financials,18577311364.0,0,4,9,5,0,323.36,329.79,4.3,159507.0,23770.98,58.2,1.55,17.08,51.95,35.09,SELL - ระวังตัว,Bear Market,84.54000091552734,0.7539418999455574,0.05780316265198282,0.3246073695429141,-0.02928000378447415,PFG,6.0,2.0,6.0,"Principal Financial Group (PFG) exhibits concerning financial health with a history of robust profitability and strong cash flow, but faces significant headwinds from a rapidly accelerating inflation environment and a bearish macroeconomic outlook.  The company's growth is slowing considerably, and its valuation is significantly impacted by a potential market downturn, warranting cautious investment consideration.",2.3
PG,Procter & Gamble,Consumer Staples,343453097032.0,7,4,9,10,0,323.36,329.79,4.3,159507.0,23770.98,58.2,1.55,17.08,51.95,35.09,SELL - ระวังตัว,Bear Market,143.8000030517578,0.8986005691524452,0.06622085447195114,0.1884823881727171,-0.1978131905706707,PG,7.0,2.0,6.0,"PG demonstrates exceptionally strong financial health and consistent growth, bolstered by a robust free cash flow and a favorable macroeconomic environment. However, the current market conditions and volatility warrant caution, suggesting a potential bear market trend.  The company's performance is currently being evaluated as a potential risk due to the current macroeconomic environment.",2.55
PGR,Progressive Corporation,Financials,131986289879.0,8,4,9,0,0,323.36,329.79,4.3,159507.0,23770.98,58.2,1.55,17.08,51.95,35.09,SELL - ระวังตัว,Bear Market,228.47000122070312,6.517933721924505,0.223550345628452,0.24343289609674645,-0.15029010312507807,PGR,7.0,2.0,6.0,"PGR exhibits exceptionally strong financial performance over a long period, demonstrating robust growth and consistent profitability. However, the current macroeconomic environment – characterized by high inflation and a significant labor market downturn – presents considerable risk, warranting a cautious approach to investment due to the bearish market regime.",2.55
PLD,Prologis,Real Estate,117455232150.0,6,5,10,7,0,323.36,329.79,4.3,159507.0,23770.98,58.2,1.55,17.08,51.95,35.09,SELL - ระวังตัว,Bear Market,128.97999572753906,2.109450268826722,0.12014722398858946,0.270809992420539,0.10446991844296072,PLD,7.0,3.0,6.0,Prologisแสดงให้เห็นถึงความแข็งแกร่งทางการเงินอย่างมากในสภาพแวดล้อมเศรษฐกิจที่ผันผวน โดยมีผลตอบแทนที่สูงและ ROE ที่โดดเด่น แต่สภาพตลาดที่รุนแรงและอัตราเงินเฟ้อที่สูงขึ้นทำให้เกิดความกังวลด้านความเสี่ยงที่ต้องระวัง,2.7249999999999996
PRU,Prudential Financial,Financials,41773642069.0,5,3,8,0,0,323.36,329.79,4.3,159507.0,23770.98,58.2,1.55,17.08,51.95,35.09,SELL - ระวังตัว,Bear Market,107.97000122070312,0.2772980335964135,0.024780091217061484,0.32246378583023777,-0.16567500065440288,PRU,7.0,3.0,6.0,"Prudential Financial demonstrates exceptionally strong financial health, exhibiting robust growth and consistent profitability over a long period. However, the current macroeconomic environment – characterized by significant inflation and a recessionary outlook – presents considerable risk, warranting a cautious approach to the stock.  The negative momentum in the price suggests potential instability.",2.7249999999999996
PEG,Public Service Enterprise Group,Utilities,41000507589.0,5,4,9,3,0,323.36,329.79,4.3,159507.0,23770.98,58.2,1.55,17.08,51.95,35.09,SELL - ระวังตัว,Bear Market,80.4000015258789,1.1069182874048513,0.07738072223638759,0.21967058535484743,-0.14740192021255505,PEG,7.0,2.0,6.0,"The PEG Utility Group (PEG) exhibits exceptionally strong financial health, demonstrating robust growth, consistent profitability, and a favorable cash flow position. However, the current market environment – characterized by high inflation and a weakening economy – warrants caution due to the significant negative impact on its valuation.  The bearish market regime and SELL signal suggest a high risk of further decline.",2.55
PTC,PTC Inc.,Information Technology,20325316092.0,6,3,8,7,0,323.36,329.79,4.3,159507.0,23770.98,58.2,1.55,17.08,51.95,35.09,SELL - ระวังตัว,Bear Market,176.9499969482422,4.087694167878274,0.1766892145932475,0.32827321080667626,-0.11551534985690026,PTC,7.0,3.0,6.0,"PTC Inc. demonstrates exceptionally strong financial health, exhibiting robust growth and consistent profitability over a long period. However, the current macroeconomic environment – characterized by high inflation and a weakening labor market – presents significant risks, warranting cautious investment consideration.  The stock's valuation is currently low, suggesting potential for a significant correction.",2.7249999999999996
PSA,Public Storage,Real Estate,47229379478.0,6,0,10,9,0,323.36,329.79,4.3,159507.0,23770.98,58.2,1.55,17.08,51.95,35.09,SELL - ระวังตัว,Bear Market,271.2650146484375,0.1453997067565258,0.013669814197402763,0.2341254534334944,-0.2206147847653579,PSA,6.0,1.0,4.0,"PSA faces significant headwinds due to a hyperinflationary environment and a deteriorating macroeconomic outlook. While the company demonstrates strong financial stability and consistent growth over a long period, the current market conditions and volatility suggest a high risk of further decline, necessitating a cautious investment approach.",1.975
PHM,PulteGroup,Consumer Discretionary,23533654627.0,6,0,10,8,0,323.36,329.79,4.3,159507.0,23770.98,58.2,1.55,17.08,51.95,35.09,SELL - ระวังตัว,Bear Market,126.02999877929688,5.671784163654355,0.2090255634652567,0.36415580292664934,-0.06830786723827431,PHM,6.0,1.0,6.0,"PulteGroup (PHM) exhibits concerning financial health with a strong historical track record, but is significantly impacted by a rapidly increasing inflationary environment and a bearish macroeconomic outlook.  The company's high growth rate, coupled with a significant risk signal, warrants careful consideration before investing.",2.125
PWR,Quanta Services,Industrials,66004656222.0,6,5,9,0,0,323.36,329.79,4.3,159507.0,23770.98,58.2,1.55,17.08,51.95,35.09,SELL - ระวังตัว,Bear Market,454.04998779296875,18.792937106469047,0.3479344567194098,0.330203773581605,0.31792059175686993,PWR,7.0,2.0,6.0,PWR (Quanta Services) เป็นหุ้นที่น่าสนใจในบริบทของสภาพเศรษฐกิจที่ผันผวนอย่างรุนแรง โดยมีประสิทธิภาพทางการเงินที่แข็งแกร่งและผลตอบแทนที่สูงมาก แต่สภาพแวดล้อมทางเศรษฐกิจมหภาคที่ท้าทายทำให้เกิดความกังวลเรื่องการเติบโตในระยะยาว แม้จะมี ROE และ EPS ที่สูง แต่ความผันผวนของราคาหุ้นและสภาพคล่องที่ลดลงบ่งบอกถึงความเสี่ยงที่ต้องพิจารณา,2.55
QCOM,Qualcomm,Information Technology,176779260000.0,5,0,0,8,0,323.36,329.79,4.3,159507.0,23770.98,58.2,1.55,17.08,51.95,35.09,SELL - ระวังตัว,Bear Market,169.75999450683594,2.302723530491824,0.12692321606963075,0.3754668218189193,0.0708383007254878,QCOM,4.0,1.0,4.0,"QCOM, a leading chip manufacturer, faces significant headwinds due to a hyper-inflationary environment and a weak macroeconomic outlook.  The company's financial performance is severely hampered by a lack of growth and profitability, while its valuation is significantly depressed, suggesting a high risk of further decline.  The bearish market conditions amplify these concerns.",1.475
DGX,Quest Diagnostics,Health Care,21311311386.0,5,0,10,7,0,323.36,329.79,4.3,159507.0,23770.98,58.2,1.55,17.08,51.95,35.09,SELL - ระวังตัว,Bear Market,183.16000366210938,1.7663495875967086,0.10712525157691677,0.2357697042714727,0.1260297524804208,DGX,7.0,2.0,6.0,Quest Diagnostics มีคุณภาพทางการเงินที่ดีอย่างมาก ด้วยผลตอบแทนที่สูงและอัตรากำไรที่แข็งแกร่งในระยะยาว แต่สภาพเศรษฐกิจมหภาคที่ผันผวนและอัตราเงินเฟ้อที่สูงส่งผลกระทบต่อผลการดำเนินงาน ทำให้มีความเสี่ยงที่ต้องระวังเป็นพิเศษ,2.55
Q,Qnity Electronics,Information Technology,15403923287.0,3,3,6,0,0,323.36,329.79,4.3,159507.0,23770.98,58.2,1.55,17.08,51.95,35.09,SELL - ระวังตัว,Bear Market,79.31500244140625,-0.16773347427565188,-0.8405500916655966,0.5436721034007811,0.0,Q,6.0,1.0,4.0,"Qnity Electronics exhibits exceptionally strong financial performance, driven by consistent growth and profitability, but is currently facing a challenging macroeconomic environment characterized by high inflation and a significant economic downturn. The negative price performance and SELL signal suggest a high level of risk and potential for further decline, warranting careful consideration before investing.",1.975
RL,Ralph Lauren Corporation,Consumer Discretionary,21223017487.0,4,0,8,0,0,323.36,329.79,4.3,159507.0,23770.98,58.2,1.55,17.08,51.95,35.09,SELL - ระวังตัว,Bear Market,360.75,1.9528526267237019,0.11437308801646129,0.38798090888062065,0.5589888051655685,RL,6.0,2.0,8.0,"RL Corporation demonstrates strong financial stability with a consistent history of profitability and growth, but faces significant headwinds due to a rapidly accelerating inflation environment and a bearish macroeconomic outlook.  The lack of growth and the volatile market suggest a high risk profile, warranting a SELL recommendation with caution.",2.45
RJF,Raymond James Financial,Financials,30535655924.0,0,0,10,0,0,323.36,329.79,4.3,159507.0,23770.98,58.2,1.55,17.08,51.95,35.09,SELL - ระวังตัว,Bear Market,156.5050048828125,3.0419679738835113,0.14991990531125765,0.3134720861769138,-0.0754666469081211,RJF,3.0,1.0,4.0,"RJF, a financial services firm, exhibits concerning negative trends across multiple key metrics. The exceptionally low growth, combined with a volatile market and a bear market environment, warrants significant caution.  The firm's financial quality appears fragile, and its performance is severely hampered by macroeconomic headwinds.",1.225
RTX,RTX Corporation,Industrials,231848829855.0,3,3,4,4,0,323.36,329.79,4.3,159507.0,23770.98,58.2,1.55,17.08,51.95,35.09,SELL - ระวังตัว,Bear Market,169.0800018310547,1.837044504158181,0.1099229082385349,0.27477124140359677,0.3878355026664366,RTX,7.0,3.0,6.0,RTX Corporation มีคุณภาพทางการเงินที่ดีอย่างโดดเด่นด้วยผลตอบแทนที่สูงและอัตราการเติบโตที่แข็งแกร่งในระยะยาว โดยสภาพแวดล้อมเศรษฐกิจมหภาคที่กำลังทวีความรุนแรงและอัตราว่างงานที่ต่ำ ช่วยสนับสนุนการเติบโตของบริษัท แต่ความผันผวนของราคาหุ้นที่สูงขึ้นและแนวโน้มการเติบโตที่ชะลอตัวอาจเป็นสัญญาณเตือนให้ระวังตัว,2.7249999999999996
O,Realty Income,Real Estate,51965476665.0,9,2,10,0,0,323.36,329.79,4.3,159507.0,23770.98,58.2,1.55,17.08,51.95,35.09,SELL - ระวังตัว,Bear Market,57.23500061035156,0.21087580894199887,0.019321296665862686,0.2584727601303538,-0.011314541133230605,O,7.0,3.0,6.0,"Realty Income exhibits exceptionally strong financial performance, driven by consistent growth and robust free cash flow, but is currently facing a challenging macroeconomic environment characterized by high inflation and a potential recessionary outlook. The SELL signal suggests caution due to the bearish macro regime and the negative momentum, warranting careful consideration of the investment's risk profile.",2.7249999999999996
REG,Regency Centers,Real Estate,13017062604.0,5,0,9,5,0,323.36,329.79,4.3,159507.0,23770.98,58.2,1.55,17.08,51.95,35.09,SELL - ระวังตัว,Bear Market,69.91999816894531,0.07635466678536695,0.007386153789233463,0.2992454395880683,-0.07500990135784857,REG,6.0,1.0,4.0,"Regency Centers demonstrates strong financial stability and consistent performance, but faces significant headwinds due to a rapidly accelerating inflation environment and a bearish macroeconomic outlook. The negative momentum in the price suggests potential vulnerability to market corrections.",1.975
REGN,Regeneron Pharmaceuticals,Health Care,80027986863.0,7,5,10,7,0,323.36,329.79,4.3,159507.0,23770.98,58.2,1.55,17.08,51.95,35.09,SELL - ระวังตัว,Bear Market,739.5349731445312,0.38042484106910934,0.03276900005844707,0.328458252807128,-0.014242486171861746,REGN,7.0,3.0,6.0,"Regeneron demonstrates exceptionally strong financial health and consistent growth, bolstered by a robust free cash flow and a favorable macroeconomic environment. However, the bearish market conditions and increasing inflation pose significant risks, warranting cautious investment consideration.",2.7249999999999996
RF,Regions Financial Corporation,Financials,21790380926.0,5,4,9,4,0,323.36,329.79,4.3,159507.0,23770.98,58.2,1.55,17.08,51.95,35.09,SELL - ระวังตัว,Bear Market,25.614999771118164,1.5692075310998734,0.09896922102666417,0.3641977089058615,-0.060344843872040865,RF,7.0,3.0,6.0,"RF Corporation demonstrates exceptionally strong financial health and consistent growth, bolstered by a robust free cash flow and ROE. However, the current macroeconomic environment – characterized by high inflation and a significant labor market downturn – presents considerable risk, warranting cautious investment consideration due to the SELL signal and volatility.",2.7249999999999996
RSG,Republic Services,Industrials,66605703961.0,0,0,10,8,0,323.36,329.79,4.3,159507.0,23770.98,58.2,1.55,17.08,51.95,35.09,SELL - ระวังตัว,Bear Market,213.5449981689453,3.9011934740571688,0.1723023502538077,0.18928308399977195,-0.021781973505905605,RSG,4.0,1.0,8.0,"Republic Services faces significant headwinds due to a hyperinflationary environment and a deteriorating macroeconomic outlook. The company demonstrates strong financial stability (high ROE, cash flow) but growth is severely hampered by a lack of profitability and a volatile market.  The SELL signal suggests a high risk of further decline, exacerbated by the bearish macro environment.",1.775
RMD,ResMed,Health Care,36567475973.0,0,0,9,8,0,323.36,329.79,4.3,159507.0,23770.98,58.2,1.55,17.08,51.95,35.09,SELL - ระวังตัว,Bear Market,251.47000122070312,3.3118999063201393,0.15737888900368113,0.31355180995536125,0.009838554759486584,RMD,4.0,1.0,8.0,"RMD faces significant headwinds due to a severe macroeconomic environment characterized by hyperinflation and a significant labor market downturn. The company's strong financial performance over a long period, coupled with a relatively low volatility, is currently undermined by a concerning lack of growth and a downward trend in price, suggesting a potential risk.",1.775
RVTY,Revvity,Health Care,11403319960.0,0,0,2,1,0,323.36,329.79,4.3,159507.0,23770.98,58.2,1.55,17.08,51.95,35.09,SELL - ระวังตัว,Bear Market,103.5199966430664,1.034191351633686,0.07360222426987484,0.3006754956054406,-0.1086619839237476,RVTY,4.0,1.0,4.0,"The RVTY stock presents a concerning profile given the extreme macroeconomic environment.  The company's financial performance is exceptionally strong, but the rapidly accelerating inflation and bearish market conditions significantly raise red flags.  The lack of growth and profitability, coupled with the volatile market, warrants caution and suggests a potential downturn.",1.475
HOOD,Robinhood Markets,Financials,103379744269.0,2,1,2,0,0,323.36,329.79,4.3,159507.0,23770.98,58.2,1.55,17.08,51.95,35.09,SELL - ระวังตัว,Bear Market,127.88999938964844,2.672889158831857,0.3490785729194019,0.7433709274419098,2.4067660167997067,HOOD,7.0,3.0,6.0,"Robinhood Markets (HOOD) demonstrates exceptionally strong financial performance, driven by consistent growth and profitability, but faces a challenging macroeconomic environment characterized by high inflation and a significant labor market downturn.  The SELL signal suggests a potential risk, warranting careful consideration of the investment's long-term prospects in light of the current market conditions.",2.7249999999999996
ROK,Rockwell Automation,Industrials,43154590948.0,6,0,9,8,0,323.36,329.79,4.3,159507.0,23770.98,58.2,1.55,17.08,51.95,35.09,SELL - ระวังตัว,Bear Market,392.0,2.766333523286293,0.14182556528363444,0.31001994303966307,0.32818316915427204,ROK,6.0,1.0,6.0,"Rockwell Automation exhibits exceptionally strong financial health, driven by consistent growth and robust profitability, but faces a challenging macroeconomic environment characterized by high inflation and a significant labor market downturn.  The stock's high volatility and lack of recent growth suggest potential risks, warranting careful consideration before investing.",2.125
ROL,"Rollins, Inc.",Industrials,29135884298.0,5,4,10,8,0,323.36,329.79,4.3,159507.0,23770.98,58.2,1.55,17.08,51.95,35.09,SELL - ระวังตัว,Bear Market,60.904998779296875,4.09239118603993,0.17679781766674063,0.24948234825503598,0.21011318425419145,ROL,7.0,3.0,6.0,"Rolls, Inc. exhibits exceptionally strong financial health with a consistent history of robust growth, impressive profitability, and a favorable macroeconomic environment. However, the current volatility and SELL signal warrant caution, suggesting potential headwinds requiring careful monitoring.  The high growth rate, coupled with a strong ROE and cash flow, is attractive, but the bear market conditions and elevated volatility raise concerns about long-term sustainability.",2.7249999999999996
ROP,Roper Technologies,Information Technology,47321719725.0,8,6,10,0,0,323.36,329.79,4.3,159507.0,23770.98,58.2,1.55,17.08,51.95,35.09,SELL - ระวังตัว,Bear Market,444.5000915527344,1.369150960030137,0.09009513653409296,0.22909984667778707,-0.21527418678606758,ROP,6.0,2.0,6.0,"ROP is exhibiting exceptionally strong financial performance, driven by consistent growth and profitability, but the current market environment – characterized by high inflation and a bear market – presents significant risks. The high growth rate, combined with a potentially unsustainable valuation, warrants careful consideration, suggesting a SELL recommendation due to increased volatility.",2.3
ROST,Ross Stores,Consumer Discretionary,56631649699.0,5,4,9,9,0,323.36,329.79,4.3,159507.0,23770.98,58.2,1.55,17.08,51.95,35.09,SELL - ระวังตัว,Bear Market,177.66000366210938,2.383355729212714,0.12964507594782892,0.31589858946248195,0.1471557387709419,ROST,7.0,3.0,6.0,"Ross Stores demonstrates exceptionally strong financial health and consistent growth, bolstered by a favorable macroeconomic environment. However, the bearish market conditions and elevated inflation rate warrant caution regarding the stock's potential for further decline.  The high growth rate and strong fundamentals suggest potential upside, but the volatility and risk profile necessitate careful consideration before investing.",2.7249999999999996
RCL,Royal Caribbean Group,Consumer Discretionary,69697254254.0,6,4,7,0,0,323.36,329.79,4.3,159507.0,23770.98,58.2,1.55,17.08,51.95,35.09,SELL - ระวังตัว,Bear Market,265.6766052246094,1.90356945600666,0.11249882250417542,0.5284086330140686,0.08857087553164433,RCL,7.0,2.0,6.0,"RCL is exhibiting exceptionally strong financial performance, driven by consistent growth and profitability, but the current macroeconomic environment – characterized by high inflation and a potential recession – warrants caution. The high volatility and sell signal suggest a significant risk, while the strong fundamentals and consistent growth rate are encouraging, but the bear market conditions necessitate careful monitoring.",2.55
SPGI,S&P Global,Financials,148141872000.0,6,4,9,9,0,323.36,329.79,4.3,159507.0,23770.98,58.2,1.55,17.08,51.95,35.09,SELL - ระวังตัว,Bear Market,493.4700012207031,4.153733694210999,0.17820794539220786,0.25696546215236526,-0.05557789899173027,SPGI,7.0,3.0,6.0,"SPGI demonstrates exceptionally strong financial health and consistent growth, but the current macroeconomic environment – characterized by high inflation and a weakening labor market – presents significant risks. The 1.55 Growth Score, 17.8% CAGR, and 4.3% EPS growth are encouraging, but the 25.7% volatility and SELL signal warrant caution. The Bear Market macro regime adds to the uncertainty.",2.7249999999999996
CRM,Salesforce,Information Technology,215932640000.0,9,4,7,6,0,323.36,329.79,4.3,159507.0,23770.98,58.2,1.55,17.08,51.95,35.09,SELL - ระวังตัว,Bear Market,235.72000122070312,1.949080449402167,0.11423062892051483,0.3493555578546661,-0.2856752986559281,CRM,7.0,2.0,6.0,"CRM demonstrates exceptionally strong financial health and consistent growth, bolstered by a robust free cash flow and a high ROE. However, the current macroeconomic environment – characterized by high inflation and a significant labor market downturn – presents considerable risk, necessitating a cautious investment approach due to the bearish market regime.",2.55
SBAC,SBA Communications,Real Estate,20573134549.0,8,5,9,8,0,323.36,329.79,4.3,159507.0,23770.98,58.2,1.55,17.08,51.95,35.09,SELL - ระวังตัว,Bear Market,187.6750030517578,0.7556127256586098,0.05790390084764896,0.2757989346402944,-0.1704972240806285,SBAC,7.0,2.0,6.0,SBAC มีคุณภาพทางการเงินที่ดีอย่างมาก (7) ด้วยผลตอบแทนที่สูงและอัตราส่วนที่แข็งแกร่ง (7) แต่สภาพแวดล้อมเศรษฐกิจมหภาคที่ผันผวนอย่างรุนแรง (6) และราคาปัจจุบันที่ต่ำกว่าค่าเฉลี่ย (2) ทำให้มีความเสี่ยงสูงและควรระมัดระวังการลงทุน,2.55
SLB,Schlumberger,Energy,48253095469.0,6,0,7,8,0,323.36,329.79,4.3,159507.0,23770.98,58.2,1.55,17.08,51.95,35.09,SELL - ระวังตัว,Bear Market,36.25,-0.5154390966045981,-0.06989810524475193,0.40148249466207814,-0.17501135336937879,SLB,6.0,1.0,6.0,"SLB, a leading energy services company, exhibits concerning financial stability and growth, significantly hampered by a deteriorating macroeconomic environment and a volatile market.  Despite strong historical performance, the current situation presents significant risks due to the extreme inflation and bearish market conditions, warranting a cautious sell recommendation.",2.125
STX,Seagate Technology,Information Technology,54111354672.0,5,5,8,9,0,323.36,329.79,4.3,159507.0,23770.98,58.2,1.55,17.08,51.95,35.09,SELL - ระวังตัว,Bear Market,266.67999267578125,6.896949631650713,0.22958405881450572,0.4132583488495036,1.6317969787507853,STX,7.0,3.0,6.0,"Seagate Technology demonstrates exceptionally strong financial health with a consistent history of robust growth, high profitability, and a favorable macroeconomic environment. However, the current market conditions – a significant inflationary environment and a bearish market – warrant caution due to the potential for further volatility and a potential shift towards a bear market.",2.7249999999999996
SRE,Sempra,Utilities,61293321637.0,5,0,9,0,0,323.36,329.79,4.3,159507.0,23770.98,58.2,1.55,17.08,51.95,35.09,SELL - ระวังตัว,Bear Market,90.7699966430664,0.8723184302835347,0.06473541671908145,0.24921265845270818,-0.03095976921712329,SRE,6.0,1.0,4.0,"Sempra exhibits concerning financial health with a history of exceptional growth and profitability, but is significantly impacted by a rapidly increasing inflation environment and a bearish macroeconomic outlook.  The negative momentum in price suggests potential vulnerability, requiring careful monitoring.",1.975
NOW,ServiceNow,Information Technology,169694720000.0,9,3,7,7,0,323.36,329.79,4.3,159507.0,23770.98,58.2,1.55,17.08,51.95,35.09,SELL - ระวังตัว,Bear Market,832.6300048828125,8.452038137100805,0.251889228145606,0.3971004370524189,-0.20659584981386558,NOW,7.0,2.0,4.0,"ServiceNow, a leading IT services company, exhibits exceptionally strong financial health with a remarkable track record of consistent growth, high profitability, and robust free cash flow. However, the current macroeconomic environment – characterized by hyperinflation and a significant labor market downturn – presents considerable risk, necessitating a cautious investment approach due to the bearish market regime.",2.4
SHW,Sherwin-Williams,Materials,83788007394.0,5,5,10,0,4,323.36,329.79,4.3,159507.0,23770.98,58.2,1.55,17.08,51.95,35.09,SELL - ระวังตัว,Bear Market,337.6400146484375,2.807827017263753,0.1430774866021518,0.2641198919832219,-0.15037740353768925,SHW,7.0,3.0,6.0,"Sherwin-Williams demonstrates exceptionally strong financial health and consistent growth, bolstered by a robust free cash flow and a high ROE. However, the current macroeconomic environment – characterized by significant inflation and a weakening labor market – presents a significant risk, warranting cautious investment consideration due to the bearish market regime.",2.7249999999999996
SPG,Simon Property Group,Real Estate,59633021160.0,6,2,10,9,6,323.36,329.79,4.3,159507.0,23770.98,58.2,1.55,17.08,51.95,35.09,SELL - ระวังตัว,Bear Market,182.23500061035156,0.002999604610171458,0.0002995973540771413,0.3719514575285251,-0.007434670194915283,SPG,7.0,3.0,6.0,"Simon Property Group exhibits strong financial health with a consistent history of robust growth, impressive profitability, and a favorable macroeconomic environment. However, the current market conditions – characterized by high inflation and a bear market – warrant caution due to the SELL signal and volatility.  The 10-year ROE and 9-year EPS growth are particularly noteworthy, suggesting a potentially resilient business.",2.7249999999999996
SWKS,Skyworks Solutions,Information Technology,9374259309.0,4,5,10,9,0,323.36,329.79,4.3,159507.0,23770.98,58.2,1.55,17.08,51.95,35.09,SELL - ระวังตัว,Bear Market,67.22000122070312,-0.1943911882324456,-0.021386651076468643,0.3971566588715032,-0.23256074858831366,SWKS,7.0,2.0,6.0,"Skyworks Solutions (SWKS) exhibits exceptionally strong financial health, demonstrating robust growth and consistent profitability over a long period. However, the current macroeconomic environment – characterized by high inflation and a significant labor market downturn – presents considerable risk, warranting caution with a SELL signal and a bearish outlook.",2.55
SJM,J.M. Smucker Company (The),Consumer Staples,11124061633.0,0,0,0,0,0,323.36,329.79,4.3,159507.0,23770.98,58.2,1.55,17.08,51.95,35.09,SELL - ระวังตัว,Bear Market,101.29000091552734,-0.1580216263839297,-0.01705533250858693,0.24020376490745268,-0.1400798019505316,SJM,3.0,1.0,8.0,"SJM, a consumer staples company, faces significant headwinds due to a severe inflationary environment and a bearish macroeconomic outlook.  The company's poor financial performance, coupled with a declining market capitalization and a lack of growth, warrants careful consideration.  The extreme volatility and negative momentum suggest a high risk of further decline.",1.525
SW,Smurfit Westrock,Materials,17602901083.0,0,0,0,0,0,323.36,329.79,4.3,159507.0,23770.98,58.2,1.55,17.08,51.95,35.09,SELL - ระวังตัว,Bear Market,34.560699462890625,0.3272157545233607,0.02871680869140425,0.4238545692208219,-0.3718520687868535,SW,3.0,1.0,4.0,"SW is exhibiting significant negative trends across multiple financial metrics, reflecting a challenging macroeconomic environment.  The company's poor financial performance, coupled with a volatile market, warrants caution and suggests a potential downturn.  The bearish market conditions exacerbate existing concerns about the company's long-term prospects.",1.225
SNA,Snap-on,Industrials,17319556632.0,5,6,10,8,0,323.36,329.79,4.3,159507.0,23770.98,58.2,1.55,17.08,51.95,35.09,SELL - ระวังตัว,Bear Market,340.3699951171875,0.996304956699047,0.07158542738297902,0.273127702578054,-0.07930971119205688,SNA,7.0,3.0,6.0,Snap-on มีคุณภาพทางการเงินที่ดีอย่างมาก โดยมีผลประกอบการที่แข็งแกร่งและอัตราการเติบโตที่สูงมากในระยะยาว แม้ว่าสภาพเศรษฐกิจมหภาคจะอยู่ในช่วงที่ท้าทาย แต่หุ้นยังคงมีศักยภาพในการเติบโตอย่างต่อเนื่อง โดยมีผลตอบแทนที่สูงและราคาที่ปรับตัวตามสภาพตลาดที่ผันผวน,2.7249999999999996
SOLV,Solventum,Health Care,14462057303.0,0,0,1,1,0,323.36,329.79,4.3,159507.0,23770.98,58.2,1.55,17.08,51.95,35.09,SELL - ระวังตัว,Bear Market,86.56999969482422,0.08212499618530278,0.04791100403945503,0.32771721656456976,0.21059987566359784,SOLV,4.0,1.0,4.0,"Solv เป็นหุ้นที่มีความน่าสนใจน้อยมาก เนื่องจากมีแนวโน้มการเติบโตที่ต่ำมาก, สภาพเศรษฐกิจมหภาคที่อยู่ในภาวะถดถอย (CPI, GDP ต่ำ), และราคาปัจจุบันต่ำกว่าค่าเฉลี่ยที่น่าสนใจอย่างมาก ทำให้มีความเสี่ยงสูงและควรระวังการลงทุน",1.475
SO,Southern Company,Utilities,98152485705.0,4,4,9,0,0,323.36,329.79,4.3,159507.0,23770.98,58.2,1.55,17.08,51.95,35.09,SELL - ระวังตัว,Bear Market,88.51000213623047,1.0033952359629414,0.07196546764404754,0.21897079193464633,-0.0069560769246374,SO,6.0,2.0,6.0,"Southern Company demonstrates exceptionally strong financial health and consistent growth, but faces a challenging macroeconomic environment characterized by significant inflation and a potential recession. The high volatility and negative momentum suggest a significant risk, warranting cautious investment consideration.",2.3
LUV,Southwest Airlines,Industrials,17210921062.0,4,0,7,0,0,323.36,329.79,4.3,159507.0,23770.98,58.2,1.55,17.08,51.95,35.09,SELL - ระวังตัว,Bear Market,35.349998474121094,-0.2524847158014293,-0.028684593345901344,0.3661812320578031,0.09239795449240717,LUV,4.0,1.0,8.0,"SW southwest Airlines exhibits concerning financial health with a history of exceptional growth, but significantly hampered by a volatile and pessimistic macroeconomic environment.  The company's performance is severely impacted by a rapidly increasing inflation rate and a declining consumer confidence, creating a high risk of further losses.",1.775
SWK,Stanley Black & Decker,Industrials,10406720731.0,0,0,8,6,0,323.36,329.79,4.3,159507.0,23770.98,58.2,1.55,17.08,51.95,35.09,SELL - ระวังตัว,Bear Market,70.69000244140625,-0.3472157923745086,-0.041759708365686876,0.3594150665958886,-0.20972604971346054,SWK,4.0,1.0,4.0,"Stanley Black & Decker exhibits concerning financial health with a prolonged period of profitability, but significantly diminished growth and a volatile market. The macroeconomic environment is characterized by high inflation and a recessionary outlook, negatively impacting investor confidence.  The stock's performance is currently underperforming, suggesting a potential risk.",1.475
SBUX,Starbucks,Consumer Discretionary,94765914000.0,6,0,9,8,0,323.36,329.79,4.3,159507.0,23770.98,58.2,1.55,17.08,51.95,35.09,SELL - ระวังตัว,Bear Market,84.9800033569336,0.42703617876869515,0.0362048310682479,0.2921566257015983,-0.17060312203524186,SBUX,6.0,1.0,6.0,"Starbucks faces significant headwinds due to a rapidly accelerating inflation environment, coupled with a concerning economic downturn. While the company demonstrates robust financial performance over a long period, the current macroeconomic conditions and a declining growth rate raise concerns about its long-term viability.  The SELL signal suggests a potential risk, warranting careful monitoring.",2.125
STT,State Street Corporation,Financials,32148861384.0,6,4,10,5,0,323.36,329.79,4.3,159507.0,23770.98,58.2,1.55,17.08,51.95,35.09,SELL - ระวังตัว,Bear Market,119.9000015258789,0.6806841558834891,0.053299062776759554,0.33259197537537283,0.21713530530704883,STT,7.0,3.0,6.0,"State Street Corporation demonstrates exceptionally strong financial health and consistent growth, bolstered by a robust free cash flow and a high ROE. However, the current macroeconomic environment – characterized by high inflation and a significant labor market downturn – presents a significant risk, warranting a cautious approach with a SELL recommendation due to volatility.",2.7249999999999996
STLD,Steel Dynamics,Materials,23539358922.0,6,5,9,8,0,323.36,329.79,4.3,159507.0,23770.98,58.2,1.55,17.08,51.95,35.09,SELL - ระวังตัว,Bear Market,169.02000427246094,8.98346138368283,0.2587567009700751,0.39323888688593533,0.16348867144972146,STLD,7.0,3.0,6.0,"Steel Dynamics (STLD) exhibits exceptionally strong financial health, demonstrating robust growth and consistent profitability over a long period. However, the current macroeconomic environment – characterized by high inflation and a potential recession – presents significant risks, warranting cautious investment consideration.  The company's high ROE and cash flow generation are reassuring, but the volatile market and inflationary pressures necessitate careful monitoring.",2.7249999999999996
STE,Steris,Health Care,25820515128.0,7,4,9,8,0,323.36,329.79,4.3,159507.0,23770.98,58.2,1.55,17.08,51.95,35.09,SELL - ระวังตัว,Bear Market,259.8949890136719,2.5345436329158213,0.1345949390521186,0.2506087293420345,0.1864100790202723,STE,7.0,2.0,6.0,"Steris demonstrates exceptionally strong financial health and consistent growth, bolstered by a robust free cash flow and a high ROE. However, the current macroeconomic environment – characterized by significant inflation and a recessionary outlook – presents considerable risk, necessitating a cautious investment approach due to the bearish market regime.",2.55
SYK,Stryker Corporation,Health Care,141580882963.0,5,0,9,7,0,323.36,329.79,4.3,159507.0,23770.98,58.2,1.55,17.08,51.95,35.09,SELL - ระวังตัว,Bear Market,369.09991455078125,2.9868212059915056,0.14834107458264167,0.25945696166644727,-0.05877873187418092,SYK,6.0,2.0,6.0,"Stryker Corporation demonstrates strong financial stability and consistent growth over a long period, but faces significant headwinds from a rapidly increasing inflation environment and a concerning macroeconomic downturn.  The negative momentum in price performance suggests potential vulnerability to broader market concerns.",2.3
SMCI,Supermicro,Information Technology,19891078152.0,0,0,10,0,0,323.36,329.79,4.3,159507.0,23770.98,58.2,1.55,17.08,51.95,35.09,SELL - ระวังตัว,Bear Market,33.540000915527344,11.704545296502841,0.28946936008795077,0.6883658892477568,0.027573576676117595,SMCI,4.0,1.0,2.0,"Supermicro faces significant headwinds due to a severe macroeconomic environment characterized by hyperinflation and a significant labor market downturn. The company's financial performance is exceptionally poor, with a near-zero growth rate and a volatile stock price, suggesting a high risk of further decline.  The bearish market conditions exacerbate these concerns.",1.325
SYF,Synchrony Financial,Financials,27725728477.0,5,5,10,4,0,323.36,329.79,4.3,159507.0,23770.98,58.2,1.55,17.08,51.95,35.09,SELL - ระวังตัว,Bear Market,78.54000091552734,1.526214233839101,0.09711594779064892,0.39421636662472853,0.16321097186536337,SYF,7.0,2.0,6.0,"Synchrony Financial exhibits exceptionally strong financial health, demonstrating robust growth and consistent profitability over a long period. However, the current macroeconomic environment – characterized by significant inflation and a potential recession – warrants caution due to the bearish market regime.  The company's performance is currently under pressure, suggesting a potential shift in investor sentiment.",2.55
SNPS,Synopsys,Information Technology,75159485556.0,8,0,9,0,0,323.36,329.79,4.3,159507.0,23770.98,58.2,1.55,17.08,51.95,35.09,SELL - ระวังตัว,Bear Market,446.7200927734375,8.592443540923748,0.25373678648547116,0.3394634383234795,-0.20012873894844974,SNPS,4.0,2.0,8.0,"Synopsys, despite a strong historical track record, faces significant headwinds due to a rapidly deteriorating macroeconomic environment and a concerning lack of growth. The extreme inflation, coupled with a weak labor market and a bearish market outlook, presents substantial risks to the company's long-term viability.  The negative momentum in the price suggests a potential downturn, requiring careful monitoring.",1.9500000000000002
SYY,Sysco,Consumer Staples,35770920883.0,5,0,9,0,5,323.36,329.79,4.3,159507.0,23770.98,58.2,1.55,17.08,51.95,35.09,SELL - ระวังตัว,Bear Market,74.44999694824219,0.8378178235733988,0.06275673159756079,0.2979643902893925,-0.03449622151542664,SYY,7.0,2.0,6.0,"Sysco demonstrates exceptionally strong financial health with a sustained history of robust earnings, high free cash flow, and impressive ROE. However, the current macroeconomic environment – characterized by significant inflation and a weakening labor market – presents considerable risk, necessitating a cautious approach to the stock.  The negative momentum in the price suggests potential instability.",2.55
TMUS,T-Mobile US,Communication Services,231911163835.0,6,0,9,0,0,323.36,329.79,4.3,159507.0,23770.98,58.2,1.55,17.08,51.95,35.09,SELL - ระวังตัว,Bear Market,208.8000030517578,5.041666514895587,0.1970888064213414,0.2626792318683322,-0.15445046980064836,TMUS,6.0,1.0,4.0,"TMUS exhibits exceptionally strong financial performance over a long period, but its growth trajectory has been severely hampered by a rapidly increasing inflation environment. The bearish macro regime and significant volatility suggest a high risk of further decline.  The negative momentum suggests a concerning trend, warranting careful consideration before investing.",1.975
TROW,T. Rowe Price,Financials,21921906650.0,7,5,10,8,0,323.36,329.79,4.3,159507.0,23770.98,58.2,1.55,17.08,51.95,35.09,SELL - ระวังตัว,Bear Market,102.77010345458984,0.36716916267063127,0.03177282451355112,0.29951035580669644,-0.17013802895966446,TROW,7.0,3.0,6.0,"T. Rowe Price exhibits exceptionally strong financial health and consistent performance, particularly in a challenging macroeconomic environment.  Despite a significant economic downturn, the company demonstrates robust profitability and a resilient business model. However, the bearish macro environment and a SELL signal suggest heightened risk, warranting careful monitoring.",2.7249999999999996
TTWO,Take-Two Interactive,Communication Services,44175075366.0,6,3,0,0,0,323.36,329.79,4.3,159507.0,23770.98,58.2,1.55,17.08,51.95,35.09,SELL - ระวังตัว,Bear Market,248.6199951171875,5.948574723290508,0.21395083932634407,0.3386959040401348,0.3197791096345344,TTWO,4.0,1.0,4.0,"The Take-Two Interactive (TTWO) stock presents a concerning picture given the extreme macro environment.  The company exhibits significant financial distress, with a near-zero growth rate and a volatile price.  The current market conditions – a hyper-inflationary CPI and a recessionary outlook – exacerbate these issues, suggesting a high risk of further decline.  The Sell signal highlights a significant concern regarding the company's long-term viability.",1.475
TPR,"Tapestry, Inc.",Consumer Discretionary,21629432289.0,0,0,7,5,0,323.36,329.79,4.3,159507.0,23770.98,58.2,1.55,17.08,51.95,35.09,SELL - ระวังตัว,Bear Market,109.80000305175781,2.675929024666736,0.139054363923083,0.439476070339187,0.763005863902771,TPR,6.0,1.0,4.0,"Tapestry, Inc. exhibits concerning financial health with a history of consistent profitability and strong cash flow, but the negative macroeconomic environment and a significant decline in growth suggest a high risk of further deterioration. The bearish market conditions and inflationary pressures are particularly worrisome, demanding careful consideration of the company's long-term prospects.",1.975
TRGP,Targa Resources,Energy,36461903681.0,0,0,6,0,0,323.36,329.79,4.3,159507.0,23770.98,58.2,1.55,17.08,51.95,35.09,SELL - ระวังตัว,Bear Market,173.7949981689453,3.8249582443157886,0.1704657601565911,0.520153974086035,-0.1493147549052375,TRGP,4.0,1.0,4.0,"The TRGP stock exhibits concerning negative signals across multiple dimensions.  The exceptionally low financial quality, coupled with a severely negative macroeconomic outlook and a volatile market, warrants extreme caution.  The lack of growth and profitability, combined with the severe inflation and economic downturn, suggests a significant risk.",1.475
TGT,Target Corporation,Consumer Staples,38414903972.0,6,0,9,7,0,323.36,329.79,4.3,159507.0,23770.98,58.2,1.55,17.08,51.95,35.09,SELL - ระวังตัว,Bear Market,89.7699966430664,0.226533592684788,0.020631948659349586,0.33076341172827933,-0.32151766080026123,TGT,6.0,1.0,4.0,"Target Corporation exhibits exceptionally strong financial stability and consistent performance, but faces significant headwinds driven by a rapidly accelerating inflation environment and a concerning macroeconomic outlook.  The company's high growth rate is significantly diminished by the current economic climate, suggesting a potential vulnerability to market downturns.  The SELL signal highlights a high level of risk associated with this investment.",1.975
TEL,TE Connectivity,Information Technology,64789297647.0,6,5,9,9,0,323.36,329.79,4.3,159507.0,23770.98,58.2,1.55,17.08,51.95,35.09,SELL - ระวังตัว,Bear Market,228.8800048828125,2.4673533930578175,0.1324191472105518,0.2745733733998198,0.5145580484258567,TEL,7.0,3.0,6.0,"TE Connectivity มีคุณภาพทางการเงินที่ดีอย่างมาก, มีการเติบโตที่แข็งแกร่งและผลตอบแทนที่สูงมากในระยะยาว, แต่สภาพเศรษฐกิจมหภาคที่ผันผวนและอัตราเงินเฟ้อสูงทำให้เกิดความเสี่ยงที่ต้องระวังเป็นพิเศษ และราคาหุ้นปัจจุบันอยู่ในระดับที่น่าสนใจเมื่อเทียบกับความเสี่ยงที่ยอมรับได้",2.7249999999999996
TDY,Teledyne Technologies,Information Technology,23116318449.0,6,5,9,6,0,323.36,329.79,4.3,159507.0,23770.98,58.2,1.55,17.08,51.95,35.09,SELL - ระวังตัว,Bear Market,496.67999267578125,4.466431755880873,0.18516957247286125,0.27478389835460926,0.023533740016351112,TDY,7.0,3.0,6.0,"TDY exhibits exceptionally strong financial performance, driven by consistent growth and robust free cash flow. However, the current macroeconomic environment – characterized by high inflation and a significant labor market downturn – presents considerable risk, warranting a cautious approach to the stock.  The bearish market conditions exacerbate these concerns, suggesting a potential for further price declines.",2.7249999999999996
TER,Teradyne,Information Technology,25992280049.0,5,4,9,0,0,323.36,329.79,4.3,159507.0,23770.98,58.2,1.55,17.08,51.95,35.09,SELL - ระวังตัว,Bear Market,188.8625030517578,8.267051561775123,0.24941695872714886,0.4248508165813452,0.7169318459250711,TER,7.0,3.0,6.0,"TER exhibits exceptionally strong financial performance, driven by consistent growth and profitability across multiple years. However, the current macroeconomic environment – characterized by hyperinflation and a significant labor market downturn – presents considerable risk, warranting a cautious investment approach.  The volatile market and low momentum suggest potential for significant price declines.",2.7249999999999996
TSLA,"Tesla, Inc.",Consumer Discretionary,1389460731589.0,6,4,7,5,0,323.36,329.79,4.3,159507.0,23770.98,58.2,1.55,17.08,51.95,35.09,SELL - ระวังตัว,Bear Market,425.0950012207031,26.400735006646336,0.39250225087506574,0.5929146230269253,0.23158823939764828,TSLA,7.0,2.0,6.0,"Tesla demonstrates exceptionally strong financial performance and growth, driven by a robust and consistently expanding business model, despite a challenging macroeconomic environment characterized by high inflation and a significant labor market downturn. However, the current price action suggests heightened risk due to the bear market conditions and a potential shift in investor sentiment, warranting careful consideration of SELL-based investment strategy.",2.55
TXN,Texas Instruments,Information Technology,146524548205.0,6,6,10,9,0,323.36,329.79,4.3,159507.0,23770.98,58.2,1.55,17.08,51.95,35.09,SELL - ระวังตัว,Bear Market,170.60000610351562,1.9571851302581278,0.11453650630454071,0.2979593663889226,-0.15137040670825042,TXN,7.0,3.0,6.0,"Texas Instruments (TXN) demonstrates strong financial health with a consistent history of growth and profitability, bolstered by a robust free cash flow and a high ROE. However, the current macroeconomic environment – characterized by high inflation and a weakening labor market – presents significant risks, leading to a SELL recommendation due to potential volatility and a bearish market outlook.",2.7249999999999996
TPL,Texas Pacific Land Corporation,Energy,20146508335.0,6,2,10,9,0,323.36,329.79,4.3,159507.0,23770.98,58.2,1.55,17.08,51.95,35.09,SELL - ระวังตัว,Bear Market,868.739990234375,16.248311485293094,0.32950994748573503,0.46312180055439545,-0.4570680344283009,TPL,7.0,2.0,6.0,"Texas Pacific Land Corporation (TPL) exhibits exceptionally strong financial health, demonstrating consistent and robust growth across multiple metrics, particularly in a challenging macroeconomic environment. However, the volatile market and bearish macro regime warrant caution, suggesting potential for significant downside risk.  The high growth rate and strong fundamentals are currently overshadowed by the significant inflationary pressures and market downturn.",2.55
TXT,Textron,Industrials,14519100633.0,4,0,9,0,0,323.36,329.79,4.3,159507.0,23770.98,58.2,1.55,17.08,51.95,35.09,SELL - ระวังตัว,Bear Market,82.20999908447266,0.9968424275151893,0.0716142784345477,0.33102299028562415,-0.03993925351677852,TXT,6.0,1.0,6.0,"텍스톤(TXT)은 극심한 경제 불확실성 속에서 9년 연속 괄목할 만한 수익성을 기록하며, 높은 ROE와 Free Cash Flow를 보여주지만, 현재 시장 상황과 경제 상황을 고려했을 때 투자 위험도가 높습니다.  실제 성장률은 0년 이상으로, 현재 시장 상황에 대한 우려가 제기됩니다.  현재는 SELL 신호로 판단하며, 시장 상황 변화에 대한 주의가 필요합니다.",2.125
TMO,Thermo Fisher Scientific,Health Care,220191222138.0,5,0,10,0,0,323.36,329.79,4.3,159507.0,23770.98,58.2,1.55,17.08,51.95,35.09,SELL - ระวังตัว,Bear Market,581.7050170898438,3.3879081613626347,0.15940333734550727,0.25943215393808267,0.09832337995758667,TMO,6.0,2.0,6.0,"Thermo Fisher Scientific exhibits exceptionally strong financial performance over a long period, demonstrating robust profitability and consistent growth. However, the current market environment – characterized by significant inflation and a weakening economy – presents considerable risk, warranting a cautious investment approach due to the bearish macro regime.",2.3
TJX,TJX Companies,Consumer Discretionary,165672062325.0,7,5,9,8,0,323.36,329.79,4.3,159507.0,23770.98,58.2,1.55,17.08,51.95,35.09,SELL - ระวังตัว,Bear Market,150.10000610351562,3.2983967346539265,0.1570158820682137,0.26084871377964497,0.19420799735833216,TJX,7.0,2.0,6.0,TJX Companies מציאתหุ้นที่น่าสนใจในสภาพแวดล้อมเศรษฐกิจที่ผันผวนอย่างมาก โดยมีประสิทธิภาพทางการเงินที่แข็งแกร่งและผลตอบแทนที่สูง แต่การเติบโตของรายได้และกำไรที่ต่อเนื่องในระยะยาวถูกจำกัดโดยภาวะเงินเฟ้อที่สูงขึ้นอย่างรวดเร็ว ซึ่งส่งผลกระทบต่อความเชื่อมั่นของผู้บริโภค ทำให้เกิดสัญญาณเตือนถึงการปรับตัวของบริษัท,2.55
TKO,TKO Group Holdings,Communication Services,35436459472.0,0,0,1,2,0,323.36,329.79,4.3,159507.0,23770.98,58.2,1.55,17.08,51.95,35.09,SELL - ระวังตัว,Bear Market,195.10000610351562,10.26443473101318,0.27404667679533246,0.36781540152682035,0.4141779980350273,TKO,4.0,1.0,6.0,"The TKO Group Holdings exhibits concerning financial health with a history of consistently strong performance, but significantly hampered by a volatile and potentially unsustainable macroeconomic environment.  The extreme inflation and economic downturn pose significant risks, while the lack of growth and profitability warrants caution.  The current price action suggests a potential for further decline, requiring careful consideration of the investment strategy.",1.625
TTD,Trade Desk (The),Communication Services,18889215505.0,6,5,8,7,0,323.36,329.79,4.3,159507.0,23770.98,58.2,1.55,17.08,51.95,35.09,SELL - ระวังตัว,Bear Market,40.279998779296875,12.382059437514332,0.3258534929574508,0.6895233900830369,-0.6866589045269876,TTD,7.0,2.0,6.0,"Trade Desk demonstrates exceptionally strong financial health and consistent growth, bolstered by a robust free cash flow and ROE. However, the current macroeconomic environment – characterized by high inflation and a significant labor market downturn – presents considerable risk, warranting a cautious investment approach due to the bearish market regime.",2.55
TSCO,Tractor Supply,Consumer Discretionary,28021242643.0,0,0,10,7,0,323.36,329.79,4.3,159507.0,23770.98,58.2,1.55,17.08,51.95,35.09,SELL - ระวังตัว,Bear Market,53.314998626708984,2.1120125333691377,0.12023950533649685,0.2866709217069101,-0.06026373009259112,TSCO,4.0,1.0,8.0,"TSCO demonstrates concerning financial health with a history of consistent profitability and strong cash flow, but faces significant headwinds from a rapidly rising inflation environment and a weakening consumer confidence. The bearish macro regime and negative momentum suggest a high risk of further decline, making this a potentially risky investment.",1.775
TT,Trane Technologies,Industrials,90899687300.0,0,0,5,4,0,323.36,329.79,4.3,159507.0,23770.98,58.2,1.55,17.08,51.95,35.09,SELL - ระวังตัว,Bear Market,409.2650146484375,8.152369894858069,0.24786188830260292,0.27179100235462583,-0.016709880716610948,TT,4.0,1.0,4.0,หุ้น TT มีคุณภาพทางการเงินค่อนข้างดี (Financial Quality Score 4) แต่การเติบโตและผลตอบแทนที่สูงมาก (Growth Score 1) ในสภาพแวดล้อมเศรษฐกิจมหภาคที่ท้าทายอย่างรุนแรง (Macro Environment Score 4) และราคาปัจจุบันที่ต่ำกว่าค่าเฉลี่ย (Price Performance Score 1) ทำให้มีความเสี่ยงสูง (Sell - Watch Out) และควรระมัดระวังการลงทุน,1.475
TDG,TransDigm Group,Industrials,75228111764.0,7,0,9,7,0,323.36,329.79,4.3,159507.0,23770.98,58.2,1.55,17.08,51.95,35.09,SELL - ระวังตัว,Bear Market,1336.739990234375,4.703058977410495,0.19020326760525963,0.34274384081528725,0.06685716456894908,TDG,6.0,2.0,8.0,"TDG demonstrates exceptionally strong financial health with a consistent history of growth and profitability, but faces a challenging macroeconomic environment characterized by high inflation and a potential bear market.  The high volatility and relatively low growth rate suggest potential risks, warranting careful consideration before investing.",2.45
TRV,Travelers Companies (The),Financials,64875764200.0,7,4,9,0,0,323.36,329.79,4.3,159507.0,23770.98,58.2,1.55,17.08,51.95,35.09,SELL - ระวังตัว,Bear Market,288.885009765625,1.5957858512814456,0.10010099605424938,0.24481718383166573,0.085870547612938,TRV,7.0,2.0,6.0,"Travelers Companies (TRV) exhibits exceptionally strong financial performance, demonstrating robust growth and consistent profitability over a long period. However, the current macroeconomic environment – characterized by significant inflation and a recessionary outlook – presents heightened risk, warranting a cautious investment approach due to the bearish market regime.",2.55
TRMB,Trimble Inc.,Information Technology,18808841651.0,6,5,9,6,0,323.36,329.79,4.3,159507.0,23770.98,58.2,1.55,17.08,51.95,35.09,SELL - ระวังตัว,Bear Market,81.79000091552734,2.5778652113635925,0.1359781480885227,0.33628271527336473,0.12087158486057148,TRMB,7.0,2.0,6.0,"Trimbue Inc. demonstrates exceptionally strong financial health with a consistent history of robust growth, high profitability, and a favorable macroeconomic environment. However, the current market conditions – characterized by significant inflation and a bear market – necessitate caution due to the potential for significant downside risk.  The company's high ROE and cash flow generation are reassuring, but the volatile market and potential for increased inflation demand careful monitoring.",2.55
TFC,Truist Financial,Financials,58205707151.0,2,2,5,0,0,323.36,329.79,4.3,159507.0,23770.98,58.2,1.55,17.08,51.95,35.09,SELL - ระวังตัว,Bear Market,46.72999954223633,0.23363247688951128,0.02122121389995968,0.33738939377197713,-0.019924512518015414,TFC,7.0,3.0,6.0,"TFC exhibits exceptionally strong financial performance, driven by consistent growth and profitability, but faces significant headwinds from a rapidly inflationary environment and a concerning macroeconomic outlook.  The SELL signal suggests a potential risk, warranting careful monitoring of the company's resilience against these pressures.",2.7249999999999996
TYL,Tyler Technologies,Information Technology,19493281893.0,7,5,10,7,0,323.36,329.79,4.3,159507.0,23770.98,58.2,1.55,17.08,51.95,35.09,SELL - ระวังตัว,Bear Market,465.9150085449219,1.656754413624654,0.10265830014369093,0.2858690068581257,-0.2594767372882548,TYL,7.0,3.0,6.0,"Tyler Technologies (TYL) demonstrates exceptionally strong financial health with a consistent history of robust growth, high profitability, and a favorable macroeconomic environment. However, the current market conditions – characterized by significant inflation and a bear market – warrant caution due to the potential for further volatility. The company's growth rate is currently slowing, suggesting a need for strategic adjustments.",2.7249999999999996
TSN,Tyson Foods,Consumer Staples,20184102325.0,0,0,9,6,0,323.36,329.79,4.3,159507.0,23770.98,58.2,1.55,17.08,51.95,35.09,SELL - ระวังตัว,Bear Market,57.76100158691406,0.12200858781136037,0.01158015910161625,0.279709706798964,-0.10448059555171996,TSN,4.0,2.0,8.0,"Tyson Foods (TSN) exhibits concerning financial health with a prolonged period of profitability and strong cash flow, but the current macroeconomic environment – characterized by high inflation and a significant labor shortage – presents significant risks. The negative momentum in the stock price suggests a potential downturn, warranting careful consideration of the investment strategy.",1.9500000000000002
USB,U.S. Bancorp,Financials,74224226699.0,5,6,10,4,0,323.36,329.79,4.3,159507.0,23770.98,58.2,1.55,17.08,51.95,35.09,SELL - ระวังตัว,Bear Market,49.900001525878906,0.15509260751419407,0.014524496161953726,0.3032483065381151,-0.06361417398025748,USB,7.0,2.0,6.0,"USB Bancorp demonstrates exceptionally strong financial health with a sustained history of robust growth, impressive profitability, and a favorable macroeconomic environment. However, the current market conditions – characterized by high inflation and a bear market – necessitate caution due to the potential for further deterioration.  The company's performance is currently under scrutiny, suggesting a potential risk.",2.55
UBER,Uber,Industrials,173893624586.0,5,1,2,2,0,323.36,329.79,4.3,159507.0,23770.98,58.2,1.55,17.08,51.95,35.09,SELL - ระวังตัว,Bear Market,87.59719848632812,1.1072215330623312,0.12022621988711157,0.5172303920729897,0.21730405226241345,UBER,7.0,3.0,6.0,"Uber exhibits exceptionally strong financial performance, demonstrating robust growth and consistent profitability over a prolonged period. However, the current market environment – characterized by high inflation and a concerning economic downturn – warrants caution due to the bearish macro regime.  The stock's high volatility and relatively low momentum suggest potential risks.",2.7249999999999996
UDR,"UDR, Inc.",Real Estate,11775209767.0,7,4,9,6,0,323.36,329.79,4.3,159507.0,23770.98,58.2,1.55,17.08,51.95,35.09,SELL - ระวังตัว,Bear Market,36.084999084472656,0.0012485618147120014,0.00012480317178487077,0.25533619189385803,-0.21314874391154026,UDR,7.0,2.0,6.0,"UDR, Inc. demonstrates exceptionally strong financial health and consistent growth, bolstered by a robust free cash flow and a high ROE. However, the current macroeconomic environment – characterized by high inflation and a significant labor market downturn – presents a significant risk, warranting a cautious approach due to the bearish market regime.",2.55
ULTA,Ulta Beauty,Consumer Discretionary,23073373731.0,0,0,9,0,0,323.36,329.79,4.3,159507.0,23770.98,58.2,1.55,17.08,51.95,35.09,SELL - ระวังตัว,Bear Market,545.2100219726562,2.3409523488941377,0.12822105551652663,0.38438407363911153,0.41012311534387536,ULTA,4.0,1.0,8.0,"ULTA Beauty (Symbol: ULTA) exhibits concerning financial health with a significant lack of growth and a volatile market, exacerbated by a rapidly increasing inflation environment.  The company's performance is severely hampered by a bear market and a concerning lack of fundamental strength, suggesting a high risk of further decline.",1.775
UNP,Union Pacific Corporation,Industrials,133164619581.0,5,0,10,10,0,323.36,329.79,4.3,159507.0,23770.98,58.2,1.55,17.08,51.95,35.09,SELL - ระวังตัว,Bear Market,229.74000549316406,1.9007577568885634,0.11239103089332336,0.25398812853652813,-0.06098257968454357,UNP,6.0,2.0,8.0,"Union Pacific Corporation (UNP) exhibits concerning financial health under a volatile and inflationary economic environment. While demonstrating strong historical performance, the current macroeconomic conditions – particularly high inflation – pose significant risks. The company's growth is slowing considerably, and its profitability is under pressure, suggesting a potential downturn.  The SELL signal highlights a need for careful risk management due to the bearish market outlook.",2.45
UAL,United Airlines Holdings,Industrials,30955826508.0,0,0,7,0,0,323.36,329.79,4.3,159507.0,23770.98,58.2,1.55,17.08,51.95,35.09,SELL - ระวังตัว,Bear Market,104.12000274658203,0.8350370050499356,0.06259579330187881,0.511229949672746,0.0752865927674633,UAL,4.0,1.0,8.0,"UAL faces significant headwinds due to a severe macroeconomic environment characterized by hyperinflation, a high unemployment rate, and a declining consumer confidence. The company's financial metrics are deeply troubled, with a lack of growth and profitability, and its stock price is currently trading at a significant discount, suggesting a high risk of further decline.",1.775
UPS,United Parcel Service,Industrials,79374956642.0,5,5,9,8,0,323.36,329.79,4.3,159507.0,23770.98,58.2,1.55,17.08,51.95,35.09,SELL - ระวังตัว,Bear Market,95.19999694824219,-0.06931277645739964,-0.007158440460025228,0.2697029155933449,-0.29855587907465986,UPS,7.0,3.0,6.0,"UPS exhibits exceptionally strong financial performance, driven by consistent growth and robust cash flow, despite a challenging macroeconomic environment characterized by high inflation and a declining GDP.  The negative momentum in the stock price suggests potential risks, warranting careful consideration of the investment.",2.7249999999999996
URI,United Rentals,Industrials,52180731042.0,6,5,10,0,0,323.36,329.79,4.3,159507.0,23770.98,58.2,1.55,17.08,51.95,35.09,SELL - ระวังตัว,Bear Market,805.1950073242188,9.70738085107117,0.26760056053307557,0.42504646678445684,-0.07021361740852339,URI,7.0,2.0,6.0,"The United Rentals stock exhibits concerning characteristics given the current macroeconomic environment. While exhibiting strong historical financial performance, the rapidly increasing inflation and bear market conditions raise significant red flags. The high growth rate and ROE suggest potential, but the volatile market and SELL signal warrant caution.  The negative momentum suggests a potential downturn.",2.55
UNH,UnitedHealth Group,Health Care,289007811711.0,8,0,9,7,0,323.36,329.79,4.3,159507.0,23770.98,58.2,1.55,17.08,51.95,35.09,SELL - ระวังตัว,Bear Market,325.0299987792969,1.8263478154721469,0.10950365786711158,0.2901725619325295,-0.4673385901719397,UNH,6.0,2.0,6.0,"UnitedHealth Group (UNH) exhibits concerning financial health under a volatile and inflationary environment. While demonstrating strong historical performance, the current macroeconomic conditions – particularly high inflation and a slowing GDP – pose significant risks. The company's growth is hampered by a declining investment signal and a volatile market, suggesting potential for further losses.  The negative momentum in the 12-month timeframe warrants careful monitoring.",2.3
UHS,Universal Health Services,Health Care,14805225058.0,6,5,10,8,0,323.36,329.79,4.3,159507.0,23770.98,58.2,1.55,17.08,51.95,35.09,SELL - ระวังตัว,Bear Market,238.4550018310547,1.0180686733299464,0.07274813704963212,0.34026016284483257,0.1631951308831936,UHS,7.0,3.0,6.0,"UHS exhibits exceptionally strong financial health with a consistent track record of robust growth, high profitability, and a favorable macroeconomic environment. However, the current market conditions – characterized by significant inflation and a bear market – necessitate caution due to the elevated volatility and potential for significant downside risk.  The company's performance is currently under scrutiny given the challenging macroeconomic backdrop.",2.7249999999999996
VLO,Valero Energy,Energy,53184513315.0,5,5,8,8,0,323.36,329.79,4.3,159507.0,23770.98,58.2,1.55,17.08,51.95,35.09,SELL - ระวังตัว,Bear Market,179.53500366210938,1.5651522952116856,0.09879561268639203,0.40564982966000196,0.2908757642971329,VLO,7.0,3.0,6.0,"Valero Energy exhibits exceptionally strong financial health, demonstrating consistent growth and profitability over a long period. However, the current macroeconomic environment – characterized by high inflation and a significant labor market downturn – presents considerable risk, warranting cautious investment consideration. The company's performance is currently being negatively impacted by the prevailing market conditions, suggesting a potential for further decline.",2.7249999999999996
VTR,Ventas,Real Estate,37014946531.0,7,0,8,0,0,323.36,329.79,4.3,159507.0,23770.98,58.2,1.55,17.08,51.95,35.09,SELL - ระวังตัว,Bear Market,80.0999984741211,0.5380183498065549,0.04399570363108518,0.35012409547064555,0.25019508124942025,VTR,4.0,1.0,4.0,"VTR exhibits concerning financial health with a prolonged period of profitability, but significantly hampered by a rapidly increasing inflation environment and a bearish macroeconomic outlook. The lack of growth and a volatile price suggest significant risk, warranting careful consideration before investing.",1.475
VLTO,Veralto,Industrials,24367901438.0,1,0,1,1,0,323.36,329.79,4.3,159507.0,23770.98,58.2,1.55,17.08,51.95,35.09,SELL - ระวังตัว,Bear Market,101.98999786376953,0.3109253709915525,0.1333425819762346,0.2263331142654299,-0.057306631275792164,VLTO,6.0,1.0,6.0,"Veralto (VLTO) exhibits concerning financial health with a highly consistent, albeit negative, growth trajectory, amidst a severe inflationary environment and a bearish market. The company's ROE is significantly impacted by the current macroeconomic conditions, suggesting potential instability.  The SELL signal highlights significant risk due to the volatile market and the lack of positive growth prospects.",2.125
VRSN,Verisign,Information Technology,23135139000.0,8,0,10,8,0,323.36,329.79,4.3,159507.0,23770.98,58.2,1.55,17.08,51.95,35.09,SELL - ระวังตัว,Bear Market,254.14500427246094,1.7612451297747231,0.10692076742816603,0.2593359712627688,0.3577573149747437,VRSN,6.0,2.0,6.0,"VRSN exhibits concerning financial stability with a strong historical track record, but faces significant headwinds due to a rapidly increasing inflation environment and a bearish macroeconomic outlook.  The high volatility and lack of consistent growth suggest potential risks, warranting careful consideration before investing.",2.3
VRSK,Verisk Analytics,Industrials,30639665789.0,7,3,10,8,3,323.36,329.79,4.3,159507.0,23770.98,58.2,1.55,17.08,51.95,35.09,SELL - ระวังตัว,Bear Market,224.55999755859375,2.028455737525786,0.11719430073758508,0.2309960019057215,-0.2367356511314096,VRSK,7.0,3.0,6.0,"VRSK demonstrates exceptionally strong financial health, exhibiting robust growth and consistent profitability over a long period. However, the current market environment – characterized by significant inflation and a potential recession – warrants caution due to the bearish macro regime.  The stock's high growth and positive ROE are currently overshadowed by the concerning macroeconomic outlook.",2.7249999999999996
VZ,Verizon,Communication Services,169542468913.0,6,4,9,8,0,323.36,329.79,4.3,159507.0,23770.98,58.2,1.55,17.08,51.95,35.09,SELL - ระวังตัว,Bear Market,40.630001068115234,-0.0881956953334252,-0.00919174833392744,0.2015285566449413,-0.08367160739073931,VZ,7.0,2.0,6.0,"Verizon exhibits exceptionally strong financial health, demonstrating robust growth and consistent profitability over a long period. However, the current macroeconomic environment – characterized by high inflation and a slowing economy – presents significant risks, warranting cautious investment consideration.  The company's performance is negatively impacted by the bear market and volatility, suggesting a potential for further decline.",2.55
VRTX,Vertex Pharmaceuticals,Health Care,107576784344.0,7,4,8,7,0,323.36,329.79,4.3,159507.0,23770.98,58.2,1.55,17.08,51.95,35.09,SELL - ระวังตัว,Bear Market,434.19000244140625,2.5571850821394406,0.13531974635222843,0.33715489649632197,-0.07250123275029652,VRTX,7.0,2.0,6.0,"Vertex Pharmaceuticals demonstrates exceptionally strong financial health with a consistent history of robust growth, high profitability, and a favorable macroeconomic environment. However, the current market conditions – a significant inflationary environment and a concerning labor market – warrant caution due to the bearish macro regime.  The stock's price performance is currently weak, suggesting potential vulnerability.",2.55
VTRS,Viatris,Health Care,12174207547.0,1,0,0,4,0,323.36,329.79,4.3,159507.0,23770.98,58.2,1.55,17.08,51.95,35.09,SELL - ระวังตัว,Bear Market,10.795000076293945,-0.7886234552418063,-0.14395530801558354,0.3729466194047853,-0.17532467910936,VTRS,4.0,1.0,2.0,"Viatris exhibits concerning financial health with a significant decline in profitability and growth, amidst a rapidly inflationary environment and a bearish market outlook. The company's valuation is also significantly impacted by a substantial loss in value, suggesting a high risk profile.",1.325
VICI,Vici Properties,Real Estate,30696262575.0,6,0,7,5,0,323.36,329.79,4.3,159507.0,23770.98,58.2,1.55,17.08,51.95,35.09,SELL - ระวังตัว,Bear Market,28.270000457763672,0.4064676577730766,0.04403429997736197,0.301176649128158,-0.13308801200114728,VICI,6.0,1.0,4.0,"Vici Properties exhibits concerning financial stability with a strong historical track record, but is significantly impacted by a rapidly increasing inflationary environment and a bearish macroeconomic outlook.  The company's growth is severely hampered by a volatile market and a lack of recent profitability, suggesting a high risk profile.",1.975
V,Visa Inc.,Financials,634141281028.0,8,0,10,9,0,323.36,329.79,4.3,159507.0,23770.98,58.2,1.55,17.08,51.95,35.09,SELL - ระวังตัว,Bear Market,332.0830078125,3.2417039715047133,0.1554805176577274,0.24476794945208638,0.05396414232845803,V,6.0,2.0,8.0,"V (Visa) exhibits concerning financial health under a volatile and inflationary economic environment. Despite a long history of profitability and strong cash flow, the company's recent growth has stalled, and its ROE is declining. The bearish macroeconomic outlook, coupled with a high inflation rate and a concerning labor market, presents significant risks, leading to a SELL recommendation with caution.",2.45
VST,Vistra Corp.,Utilities,59341896319.0,3,2,5,6,0,323.36,329.79,4.3,159507.0,23770.98,58.2,1.55,17.08,51.95,35.09,SELL - ระวังตัว,Bear Market,173.16000366210938,10.171613139490928,0.30150767914205945,0.4177316969256789,0.08333338106478161,VST,7.0,3.0,6.0,"Vistra Corp. demonstrates exceptionally strong financial performance, exhibiting robust growth and consistent profitability over a long period, despite a challenging macroeconomic environment characterized by high inflation and a significant labor market slowdown.  The SELL signal suggests a potential risk, warranting careful consideration of the investment's long-term prospects in light of the bearish macro regime.",2.7249999999999996
VMC,Vulcan Materials Company,Materials,37946674607.0,4,4,10,6,0,323.36,329.79,4.3,159507.0,23770.98,58.2,1.55,17.08,51.95,35.09,SELL - ระวังตัว,Bear Market,288.67999267578125,1.9274920483620517,0.11341215787612136,0.30217804161435663,0.001908818185014871,VMC,7.0,3.0,6.0,"Vulcan Materials demonstrates exceptionally strong financial health and consistent growth, bolstered by a robust free cash flow and a high ROE. However, the current macroeconomic environment – characterized by significant inflation and a weakening labor market – presents a significant risk, warranting a cautious investment approach due to the bearish market regime.",2.7249999999999996
WRB,W. R. Berkley Corporation,Financials,29463041620.0,6,5,9,7,0,323.36,329.79,4.3,159507.0,23770.98,58.2,1.55,17.08,51.95,35.09,SELL - ระวังตัว,Bear Market,73.35600280761719,3.421009191892172,0.1602751200488044,0.2435497041460596,0.13642136854429743,WRB,7.0,3.0,6.0,"W. R. Berkley Corporation demonstrates exceptionally strong financial health, exhibiting robust growth and consistent profitability over a long period. However, the current macroeconomic environment – characterized by significant inflation and a recessionary outlook – presents a significant risk, warranting cautious investment consideration.  The company's performance is currently under pressure due to the challenging economic climate, necessitating careful evaluation of its long-term sustainability.",2.7249999999999996
GWW,W. W. Grainger,Industrials,44218981437.0,6,0,10,9,0,323.36,329.79,4.3,159507.0,23770.98,58.2,1.55,17.08,51.95,35.09,SELL - ระวังตัว,Bear Market,952.4500122070312,3.7909959637126356,0.16963914944143443,0.28340615861740165,-0.2098079884384927,GWW,6.0,1.0,6.0,"W. W. Grainger (GWW) exhibits concerning financial health with a strong, consistent history of growth and profitability, but is significantly impacted by a rapidly increasing inflation environment and a bearish market outlook.  The company's valuation is low, suggesting a high risk of further decline, particularly given the macroeconomic headwinds.",2.125
WAB,Wabtec,Industrials,34192344932.0,6,0,9,0,0,323.36,329.79,4.3,159507.0,23770.98,58.2,1.55,17.08,51.95,35.09,SELL - ระวังตัว,Bear Market,207.86000061035156,1.747653620856112,0.10637462918007645,0.3150793891614217,0.03608815506617358,WAB,6.0,1.0,4.0,"Wabtec exhibits concerning financial health with a history of exceptional growth, but is significantly impacted by a rapidly increasing inflationary environment and a bearish macroeconomic outlook.  The company's performance is under threat due to the severe economic pressures and a lack of sustainable growth.",1.975
WMT,Walmart,Consumer Staples,829654887755.0,5,3,9,7,0,323.36,329.79,4.3,159507.0,23770.98,58.2,1.55,17.08,51.95,35.09,SELL - ระวังตัว,Bear Market,111.25,4.652947066811863,0.18915315204060623,0.21603243582130918,0.20270270270270263,WMT,7.0,2.0,6.0,"Walmart demonstrates exceptionally strong financial health, exhibiting robust growth, consistent profitability, and a favorable macroeconomic environment. However, the current market conditions suggest caution due to the elevated inflation rate and bear market sentiment.  The high ROE and cash flow generation are positive indicators, but the SELL signal and volatility warrant careful monitoring.",2.55
DIS,Walt Disney Company (The),Communication Services,181992344961.0,0,0,6,5,0,323.36,329.79,4.3,159507.0,23770.98,58.2,1.55,17.08,51.95,35.09,SELL - ระวังตัว,Bear Market,105.61000061035156,-0.056126542260736434,-0.005760452526465287,0.285540147784832,-0.10096195187798584,DIS,4.0,1.0,4.0,"DIS faces significant headwinds due to a persistently weak macroeconomic environment, characterized by hyperinflation, declining consumer confidence, and a bear market. The company's financial performance is severely impacted by this backdrop, suggesting a high risk of further decline.  The lack of growth and profitability, coupled with the bearish market, warrants caution.",1.475
WBD,Warner Bros. Discovery,Communication Services,56646497276.0,0,0,0,2,0,323.36,329.79,4.3,159507.0,23770.98,58.2,1.55,17.08,51.95,35.09,SELL - ระวังตัว,Bear Market,24.485000610351562,-0.187084995746144,-0.020502611636977086,0.4761437116168869,1.3363551221230976,WBD,3.0,1.0,4.0,"WBD faces significant headwinds due to a severe macroeconomic environment characterized by hyperinflation, declining GDP, and a significant drop in consumer confidence. The company's financial health is severely compromised, with a lack of growth and profitability, and its stock is currently trading at a significant loss, suggesting a high risk of further decline.",1.225
WM,Waste Management,Industrials,85343356084.0,6,0,9,9,0,323.36,329.79,4.3,159507.0,23770.98,58.2,1.55,17.08,51.95,35.09,SELL - ระวังตัว,Bear Market,214.1300048828125,3.130594217834372,0.15241708222392103,0.19344951247034117,-0.06173865683343294,WM,6.0,1.0,6.0,"WM is exhibiting exceptionally strong financial health, demonstrating consistent profitability and robust free cash flow, but the current market environment – characterized by hyperinflation and a significant economic downturn – presents considerable risk. The negative momentum in the price suggests a potential shift towards a bear market, requiring careful consideration of the company's long-term prospects.",2.125
WAT,Waters Corporation,Health Care,23786510020.0,5,5,9,8,0,323.36,329.79,4.3,159507.0,23770.98,58.2,1.55,17.08,51.95,35.09,SELL - ระวังตัว,Bear Market,398.6099853515625,2.1248823532507823,0.12070198711661173,0.29716167175553587,0.036104138300028454,WAT,7.0,3.0,6.0,"Waters Corporation demonstrates exceptionally strong financial health with a consistent history of robust growth, high profitability, and favorable macroeconomic conditions. However, the current market environment – characterized by significant inflation and a bear market – warrants caution due to the potential for further volatility.  The company's high ROE and cash flow generation are positive indicators, but the elevated volatility and inflationary pressures necessitate careful monitoring.",2.7249999999999996
WEC,WEC Energy Group,Utilities,36114167857.0,6,0,10,0,0,323.36,329.79,4.3,159507.0,23770.98,58.2,1.55,17.08,51.95,35.09,SELL - ระวังตัว,Bear Market,108.43000030517578,1.2533250771402042,0.0846439934412726,0.21724148997535586,0.0730331225189369,WEC,6.0,1.0,4.0,"WEC Energy Group demonstrates exceptionally strong financial performance over a long period, exhibiting robust growth and consistent profitability despite a challenging macroeconomic environment. However, the company's growth is significantly impacted by a rapidly increasing inflation rate, raising concerns about future earnings. The bearish market conditions and negative sentiment suggest a high risk of further decline.",1.975
WFC,Wells Fargo,Financials,265754897326.0,6,5,9,0,0,323.36,329.79,4.3,159507.0,23770.98,58.2,1.55,17.08,51.95,35.09,SELL - ระวังตัว,Bear Market,86.51000213623047,0.5961254782008001,0.04787500979353787,0.3216683823118221,0.13574903788695125,WFC,7.0,3.0,6.0,Wells Fargo มีคุณภาพทางการเงินที่ดีอย่างมาก โดยมีผลตอบแทนที่สูงและอัตราส่วนที่แข็งแกร่งในสภาพแวดล้อมเศรษฐกิจมหภาคที่ท้าทาย โดยมีผลประกอบการที่โดดเด่นในระยะยาว แม้ว่าราคาปัจจุบันต่ำกว่าค่าเฉลี่ย แต่ก็มีสัญญาณเตือนถึงความเสี่ยงที่อาจเกิดขึ้นจากสภาพแวดล้อมเศรษฐกิจที่ผันผวน,2.7249999999999996
WELL,Welltower,Real Estate,138844163099.0,5,0,7,0,0,323.36,329.79,4.3,159507.0,23770.98,58.2,1.55,17.08,51.95,35.09,SELL - ระวังตัว,Bear Market,202.80999755859375,2.2340934543054494,0.12455897408594896,0.32005222472734246,0.46772331964481406,WELL,4.0,1.0,8.0,"Wells Tower exhibits concerning financial metrics, particularly in the face of a rapidly accelerating inflation environment.  The lack of growth and profitability, coupled with a volatile market and a bearish macroeconomic outlook, warrants careful consideration.  The SELL signal suggests a high risk profile, demanding thorough due diligence before investing.",1.775
WST,West Pharmaceutical Services,Health Care,19711775454.0,7,5,9,9,0,323.36,329.79,4.3,159507.0,23770.98,58.2,1.55,17.08,51.95,35.09,SELL - ระวังตัว,Bear Market,272.1600036621094,3.3910939927749704,0.15948749961026865,0.34054679397651505,-0.16433305765562245,WST,7.0,2.0,6.0,"WST Pharmaceutical Services exhibits exceptionally strong financial health, demonstrating consistent growth and profitability over a long period, despite a challenging macroeconomic environment. However, the volatile market and SELL signal suggest potential risks, warranting careful consideration before investing.",2.55
WDC,Western Digital,Information Technology,51602858481.0,5,3,6,7,0,323.36,329.79,4.3,159507.0,23770.98,58.2,1.55,17.08,51.95,35.09,SELL - ระวังตัว,Bear Market,160.75100708007812,2.3428729427187927,0.12828590500934478,0.46807347719313436,1.9137359496994364,WDC,7.0,2.0,6.0,"WDC demonstrates exceptionally strong financial health, exhibiting consistent and robust growth across multiple metrics, despite a challenging macroeconomic environment.  The high growth rate, strong profitability, and positive cash flow suggest a potentially resilient investment, though the bearish macro environment warrants caution due to the elevated volatility and potential for further decline.  The SELL signal highlights a risk-adjusted perspective, demanding careful monitoring of the company's fundamentals.",2.55
WY,Weyerhaeuser,Real Estate,15505720110.0,0,0,9,0,0,323.36,329.79,4.3,159507.0,23770.98,58.2,1.55,17.08,51.95,35.09,SELL - ระวังตัว,Bear Market,21.856700897216797,-0.3052542424260797,-0.035770476808788865,0.3229184579474498,-0.3224828879601124,WY,4.0,1.0,4.0,"The Weyerhaeuser (WY) stock exhibits concerning negative trends across multiple key metrics.  Significant inflation, a weak labor market, and a bearish macroeconomic environment pose substantial risks.  The company's poor historical performance, coupled with the SELL signal, warrants careful consideration and potential risk mitigation strategies.",1.475
WSM,"Williams-Sonoma, Inc.",Consumer Discretionary,21158634552.0,7,6,10,9,0,323.36,329.79,4.3,159507.0,23770.98,58.2,1.55,17.08,51.95,35.09,SELL - ระวังตัว,Bear Market,179.32000732421875,4.682776282363272,0.18977923969764832,0.44252360624333903,0.04243694262555309,WSM,7.0,2.0,6.0,"Williams-Sonoma demonstrates exceptionally strong financial health with a consistent history of robust growth, impressive profitability, and a favorable macroeconomic environment. However, the current market conditions – a significant inflationary environment and a potential bear market – warrant caution due to the elevated volatility and potential for a downturn.  The company's performance is currently under scrutiny given the challenging macroeconomic backdrop.",2.55
WMB,Williams Companies,Energy,72577037266.0,5,3,8,8,0,323.36,329.79,4.3,159507.0,23770.98,58.2,1.55,17.08,51.95,35.09,SELL - ระวังตัว,Bear Market,60.880001068115234,0.8304270637530453,0.06232851138648843,0.399229991986403,0.04032810307400592,WMB,7.0,2.0,6.0,"Williams Companies demonstrates exceptionally strong financial health and consistent growth, bolstered by a favorable macroeconomic environment. However, the volatile market and potential for a bear market warrant caution, suggesting a potential shift towards a downturn.  The high ROE and cash flow generation are positive indicators, but the inflationary pressures and bearish macro outlook necessitate careful monitoring.",2.55
WTW,Willis Towers Watson,Financials,30402099600.0,3,0,9,8,0,323.36,329.79,4.3,159507.0,23770.98,58.2,1.55,17.08,51.95,35.09,SELL - ระวังตัว,Bear Market,317.19500732421875,1.6328301354848525,0.10166116458773855,0.24021122700340267,-0.01492233750242622,WTW,6.0,2.0,7.0,"WTW demonstrates exceptionally strong financial health with a long track record of consistent growth, robust profitability, and a favorable macroeconomic environment. However, the current market conditions – characterized by high inflation, a significant economic downturn, and a bearish market – necessitate caution due to the potential for significant volatility and a potential shift in investor sentiment. The 12-month momentum is negative, suggesting a potential weakening trend.",2.375
WDAY,"Workday, Inc.",Information Technology,60512880000.0,9,2,2,5,0,323.36,329.79,4.3,159507.0,23770.98,58.2,1.55,17.08,51.95,35.09,SELL - ระวังตัว,Bear Market,212.11000061035156,1.5368974890796823,0.09757909640669826,0.3872065917027365,-0.1515260772449094,WDAY,7.0,3.0,6.0,"Workday demonstrates exceptionally strong financial health and consistent growth, bolstered by a robust macroeconomic environment. However, the current market conditions suggest caution due to the significant inflationary pressures and potential for a bear market.  The company's high ROE and cash flow generation are positive, but the volatility and potential for a downturn warrant careful monitoring.",2.7249999999999996
WYNN,Wynn Resorts,Consumer Discretionary,12813814792.0,6,3,5,0,0,323.36,329.79,4.3,159507.0,23770.98,58.2,1.55,17.08,51.95,35.09,SELL - ระวังตัว,Bear Market,132.75,1.0397971153199128,0.0738977585658096,0.48314577663854724,0.40654803838948483,WYNN,7.0,3.0,6.0,"Wynn Resorts demonstrates strong financial performance with consistent growth and profitability over a long period, but faces significant headwinds from a rapidly rising inflation environment and a concerning economic downturn. The bearish market conditions and potential for further decline warrant caution, suggesting a potential sell signal.",2.7249999999999996
XEL,Xcel Energy,Utilities,47476982181.0,4,4,10,0,0,323.36,329.79,4.3,159507.0,23770.98,58.2,1.55,17.08,51.95,35.09,SELL - ระวังตัว,Bear Market,79.05999755859375,1.2969204463794508,0.08672470420500322,0.21565456004039224,0.08958103939779094,XEL,6.0,2.0,6.0,"Xcel Energy demonstrates exceptionally strong financial health and consistent growth, but faces significant headwinds from a rapidly inflationary environment and a concerning macroeconomic outlook. The company's high ROE and cash flow generation are notable, but the aggressive growth rate and bearish market conditions warrant caution.",2.3
XYL,Xylem Inc.,Industrials,34531217205.0,0,0,10,8,0,323.36,329.79,4.3,159507.0,23770.98,58.2,1.55,17.08,51.95,35.09,SELL - ระวังตัว,Bear Market,139.36000061035156,2.793140834068879,0.14263579230932955,0.26960275851887305,0.09948718430257641,XYL,4.0,1.0,8.0,"Xylem Inc. exhibits concerning financial health with a prolonged period of profitability and strong cash flow, but is significantly impacted by a rapidly increasing inflation environment and a bearish macroeconomic outlook.  The lack of growth and volatile price action suggests potential risks, warranting a cautious sell position.",1.775
YUM,Yum! Brands,Consumer Discretionary,41947789405.0,6,6,10,8,0,323.36,329.79,4.3,159507.0,23770.98,58.2,1.55,17.08,51.95,35.09,SELL - ระวังตัว,Bear Market,148.44000244140625,1.823465628085347,0.10939044802748987,0.22898704903275427,0.06837483685813472,YUM,7.0,3.0,6.0,"Yum! Brands exhibits strong, consistent financial performance across multiple metrics, particularly in growth and cash flow generation, despite a challenging macroeconomic environment. However, the bearish market regime and elevated volatility warrant caution, suggesting potential for further decline. The 10.9% CAGR over 12 months is encouraging, but the 22.9% volatility needs careful monitoring.",2.7249999999999996
ZBRA,Zebra Technologies,Information Technology,12282575673.0,6,0,8,7,0,323.36,329.79,4.3,159507.0,23770.98,58.2,1.55,17.08,51.95,35.09,SELL - ระวังตัว,Bear Market,254.6199951171875,2.297332181975185,0.12673909724267873,0.39899832380591493,-0.37439804639511676,ZBRA,6.0,1.0,4.0,"Zebra Technologies, despite a strong track record, faces significant headwinds due to a rapidly accelerating inflation environment, a concerning macroeconomic downturn, and a volatile market. The company's financial metrics are currently under pressure, suggesting a potential risk of further decline.  The bearish market conditions and negative momentum suggest a high probability of a sell signal.",1.975
ZBH,Zimmer Biomet,Health Care,18533939024.0,0,3,8,8,0,323.36,329.79,4.3,159507.0,23770.98,58.2,1.55,17.08,51.95,35.09,SELL - ระวังตัว,Bear Market,94.83000183105469,-0.016959514533145148,-0.0017092691252468262,0.2804908316100638,-0.15405884815469717,ZBH,6.0,1.0,6.0,"Zimmer Biomet faces significant headwinds due to a persistently bearish macro environment, coupled with a weak growth trajectory and a concerning lack of positive financial indicators. The company's high volatility and negative momentum suggest a risky investment opportunity, warranting careful consideration of potential downside.",2.125
ZTS,Zoetis,Health Care,54147975204.0,0,5,10,9,0,323.36,329.79,4.3,159507.0,23770.98,58.2,1.55,17.08,51.95,35.09,SELL - ระวังตัว,Bear Market,123.99749755859375,1.74330742180567,0.10619947576037747,0.259934491053421,-0.2924536515914765,ZTS,6.0,2.0,8.0,"Zoetis demonstrates exceptionally strong financial health and consistent growth, bolstered by a robust free cash flow and ROE. However, the current market environment – characterized by high inflation and a bear market – presents significant risks, warranting a cautious approach to investment due to the volatile market and potential for significant downside.",2.45
BRK.B,Berkshire Hathaway,Financials,1095516160000.0,7,0,8,0,0,323.36,329.79,4.3,159507.0,23770.98,58.2,1.55,17.08,51.95,35.09,SELL - ระวังตัว,Bear Market,,,,,,BRK.B,4.0,2.0,8.0,"Berkshire Hathaway demonstrates a remarkably stable and highly profitable business model, but its growth trajectory is significantly hampered by a persistently challenging macroeconomic environment.  The company's strong financial performance, backed by a substantial cash position, is currently under pressure due to significant inflation and a weakening economy.  While the ROE and Free Cash Flow are exceptionally high, the lack of growth is a significant concern, suggesting a potential vulnerability to market downturns.",1.9500000000000002
BF.B,Brown–Forman,Consumer Staples,13510991872.0,4,5,10,8,0,323.36,329.79,4.3,159507.0,23770.98,58.2,1.55,17.08,51.95,35.09,SELL - ระวังตัว,Bear Market,,,,,,BF.B,7.0,3.0,6.0,"Brown–Forman demonstrates exceptionally strong financial performance and a resilient business model, particularly in the face of significant inflationary pressures.  Their consistent growth, profitability, and robust cash flow position them favorably, but the bear market environment warrants caution due to the elevated inflation rate and potential for further economic downturn.  The company's high ROE and consistent free cash flow suggest a strong ability to weather challenges.",2.7249999999999996
